feature_1,feature_2,correlation,abs_correlation
SUGARCANE AREA (1000 ha),SUGARCANE PRODUCTION (1000 tons),0.960855406064995,0.960855406064995
RAPESEED AND MUSTARD AREA (1000 ha),RAPESEED AND MUSTARD PRODUCTION (1000 tons),0.9503662072406484,0.9503662072406484
SOYABEAN AREA (1000 ha),SOYABEAN PRODUCTION (1000 tons),0.9373984510062489,0.9373984510062489
SUNFLOWER AREA (1000 ha),SUNFLOWER PRODUCTION (1000 tons),0.9326099643366808,0.9326099643366808
FINGER MILLET AREA (1000 ha),FINGER MILLET PRODUCTION (1000 tons),0.9258308859360679,0.9258308859360679
RABI SORGHUM AREA (1000 ha),RABI SORGHUM PRODUCTION (1000 tons),0.917530479894497,0.917530479894497
CHICKPEA AREA (1000 ha),CHICKPEA PRODUCTION (1000 tons),0.9119971581254444,0.9119971581254444
WHEAT AREA (1000 ha),WHEAT PRODUCTION (1000 tons),0.9106426278224172,0.9106426278224172
KHARIF SORGHUM YIELD (Kg per ha),SORGHUM YIELD (Kg per ha),0.8906134373020261,0.8906134373020261
LINSEED AREA (1000 ha),LINSEED PRODUCTION (1000 tons),0.8883226345666491,0.8883226345666491
SAFFLOWER AREA (1000 ha),SAFFLOWER PRODUCTION (1000 tons),0.8819740609943699,0.8819740609943699
RABI SORGHUM AREA (1000 ha),SORGHUM AREA (1000 ha),0.8775629072029277,0.8775629072029277
SORGHUM AREA (1000 ha),SORGHUM PRODUCTION (1000 tons),0.873048925028872,0.873048925028872
BARLEY AREA (1000 ha),BARLEY PRODUCTION (1000 tons),0.8684694613274457,0.8684694613274457
PIGEONPEA AREA (1000 ha),PIGEONPEA PRODUCTION (1000 tons),0.8615005699012301,0.8615005699012301
VEGETABLES AREA (1000 ha),FRUITS AND VEGETABLES AREA (1000 ha),0.8584343956023732,0.8584343956023732
KHARIF SORGHUM AREA (1000 ha),KHARIF SORGHUM PRODUCTION (1000 tons),0.8571784323298016,0.8571784323298016
GROUNDNUT AREA (1000 ha),GROUNDNUT PRODUCTION (1000 tons),0.8329914884588425,0.8329914884588425
RICE AREA (1000 ha),RICE PRODUCTION (1000 tons),0.8325153171810175,0.8325153171810175
RABI SORGHUM PRODUCTION (1000 tons),SORGHUM AREA (1000 ha),0.8217542850847367,0.8217542850847367
KHARIF SORGHUM PRODUCTION (1000 tons),SORGHUM PRODUCTION (1000 tons),0.8184962671753492,0.8184962671753492
OILSEEDS AREA (1000 ha),OILSEEDS PRODUCTION (1000 tons),0.8137605648477795,0.8137605648477795
MAIZE AREA (1000 ha),MAIZE PRODUCTION (1000 tons),0.8020030872352768,0.8020030872352768
COTTON AREA (1000 ha),COTTON PRODUCTION (1000 tons),0.789781292050565,0.789781292050565
SESAMUM AREA (1000 ha),SESAMUM PRODUCTION (1000 tons),0.7783032611787248,0.7783032611787248
CASTOR AREA (1000 ha),CASTOR PRODUCTION (1000 tons),0.7723914585918428,0.7723914585918428
FRUITS AREA (1000 ha),FRUITS AND VEGETABLES AREA (1000 ha),0.7586769274355492,0.7586769274355492
MINOR PULSES AREA (1000 ha),MINOR PULSES PRODUCTION (1000 tons),0.7568891963613371,0.7568891963613371
RABI SORGHUM PRODUCTION (1000 tons),SORGHUM PRODUCTION (1000 tons),0.7548703484376167,0.7548703484376167
SORGHUM AREA (1000 ha),SAFFLOWER AREA (1000 ha),0.7172814383311855,0.7172814383311855
WHEAT YIELD (Kg per ha),RAPESEED AND MUSTARD YIELD (Kg per ha),0.7057121494749695,0.7057121494749695
KHARIF SORGHUM AREA (1000 ha),SORGHUM PRODUCTION (1000 tons),0.7025344312489419,0.7025344312489419
RABI SORGHUM AREA (1000 ha),SAFFLOWER AREA (1000 ha),0.6968511280242645,0.6968511280242645
PEARL MILLET AREA (1000 ha),PEARL MILLET PRODUCTION (1000 tons),0.6916657926261218,0.6916657926261218
WHEAT PRODUCTION (1000 tons),WHEAT YIELD (Kg per ha),0.686861674335998,0.686861674335998
RABI SORGHUM AREA (1000 ha),SORGHUM PRODUCTION (1000 tons),0.675699992181053,0.675699992181053
GROUNDNUT AREA (1000 ha),OILSEEDS AREA (1000 ha),0.655231397407332,0.655231397407332
SORGHUM PRODUCTION (1000 tons),SAFFLOWER AREA (1000 ha),0.6461055202618297,0.6461055202618297
RABI SORGHUM PRODUCTION (1000 tons),SAFFLOWER AREA (1000 ha),0.6438904767564779,0.6438904767564779
KHARIF SORGHUM AREA (1000 ha),SORGHUM AREA (1000 ha),0.6380993768481589,0.6380993768481589
SORGHUM PRODUCTION (1000 tons),SAFFLOWER PRODUCTION (1000 tons),0.6213997106564191,0.6213997106564191
WHEAT AREA (1000 ha),WHEAT YIELD (Kg per ha),0.6173605530187498,0.6173605530187498
SORGHUM AREA (1000 ha),SAFFLOWER PRODUCTION (1000 tons),0.6169700977409874,0.6169700977409874
GROUNDNUT PRODUCTION (1000 tons),OILSEEDS PRODUCTION (1000 tons),0.6037922786188386,0.6037922786188386
WHEAT YIELD (Kg per ha),BARLEY YIELD (Kg per ha),0.5985009832403578,0.5985009832403578
RABI SORGHUM PRODUCTION (1000 tons),SAFFLOWER PRODUCTION (1000 tons),0.5974197763266286,0.5974197763266286
RABI SORGHUM AREA (1000 ha),SAFFLOWER PRODUCTION (1000 tons),0.589139819800776,0.589139819800776
WHEAT AREA (1000 ha),BARLEY YIELD (Kg per ha),0.5835555946874741,0.5835555946874741
KHARIF SORGHUM PRODUCTION (1000 tons),SORGHUM AREA (1000 ha),0.5730729233994509,0.5730729233994509
WHEAT PRODUCTION (1000 tons),BARLEY YIELD (Kg per ha),0.5622206386552159,0.5622206386552159
RICE PRODUCTION (1000 tons),RICE YIELD (Kg per ha),0.5297650987533032,0.5297650987533032
GROUNDNUT PRODUCTION (1000 tons),OILSEEDS AREA (1000 ha),0.5237745356653408,0.5237745356653408
SORGHUM PRODUCTION (1000 tons),PIGEONPEA AREA (1000 ha),0.521420685385703,0.521420685385703
PEARL MILLET AREA (1000 ha),FODDER AREA (1000 ha),0.519080741190172,0.519080741190172
PEARL MILLET PRODUCTION (1000 tons),RAPESEED AND MUSTARD PRODUCTION (1000 tons),0.5189008723485458,0.5189008723485458
RABI SORGHUM PRODUCTION (1000 tons),SUNFLOWER AREA (1000 ha),0.5075389097398875,0.5075389097398875
GROUNDNUT AREA (1000 ha),OILSEEDS PRODUCTION (1000 tons),0.5068695090857197,0.5068695090857197
BARLEY YIELD (Kg per ha),RAPESEED AND MUSTARD YIELD (Kg per ha),0.5057820948332049,0.5057820948332049
RABI SORGHUM PRODUCTION (1000 tons),SUNFLOWER PRODUCTION (1000 tons),0.49827550364578377,0.49827550364578377
PEARL MILLET PRODUCTION (1000 tons),RAPESEED AND MUSTARD AREA (1000 ha),0.4945490560230412,0.4945490560230412
WHEAT PRODUCTION (1000 tons),RAPESEED AND MUSTARD YIELD (Kg per ha),0.4883942143889224,0.4883942143889224
VEGETABLES AREA (1000 ha),POTATOES AREA (1000 ha),0.4711082263604284,0.4711082263604284
SOYABEAN PRODUCTION (1000 tons),SOYABEAN YIELD (Kg per ha),0.469109858534143,0.469109858534143
WHEAT AREA (1000 ha),RAPESEED AND MUSTARD YIELD (Kg per ha),0.46771690234798674,0.46771690234798674
MAIZE PRODUCTION (1000 tons),MAIZE YIELD (Kg per ha),0.4605463887872743,0.4605463887872743
RABI SORGHUM PRODUCTION (1000 tons),PIGEONPEA AREA (1000 ha),0.4592600280423322,0.4592600280423322
SORGHUM PRODUCTION (1000 tons),SAFFLOWER YIELD (Kg per ha),0.4541375508498548,0.4541375508498548
CASTOR PRODUCTION (1000 tons),CASTOR YIELD (Kg per ha),0.4500817104605546,0.4500817104605546
OILSEEDS PRODUCTION (1000 tons),OILSEEDS YIELD (Kg per ha),0.448013684963923,0.448013684963923
SORGHUM AREA (1000 ha),PIGEONPEA AREA (1000 ha),0.44596478459639455,0.44596478459639455
SOYABEAN PRODUCTION (1000 tons),OILSEEDS PRODUCTION (1000 tons),0.44427978175533617,0.44427978175533617
Dist Code,SORGHUM YIELD (Kg per ha),-0.435157349342655,0.435157349342655
KHARIF SORGHUM PRODUCTION (1000 tons),COTTON AREA (1000 ha),0.4347430745730004,0.4347430745730004
RABI SORGHUM YIELD (Kg per ha),SORGHUM YIELD (Kg per ha),0.43380784068596967,0.43380784068596967
RICE YIELD (Kg per ha),MAIZE YIELD (Kg per ha),0.433161972832639,0.433161972832639
Dist Code,KHARIF SORGHUM YIELD (Kg per ha),-0.43306910255555736,0.43306910255555736
SORGHUM PRODUCTION (1000 tons),SUNFLOWER PRODUCTION (1000 tons),0.4260933878264552,0.4260933878264552
SOYABEAN AREA (1000 ha),SOYABEAN YIELD (Kg per ha),0.4248961612337759,0.4248961612337759
FINGER MILLET PRODUCTION (1000 tons),FINGER MILLET YIELD (Kg per ha),0.4240296289232546,0.4240296289232546
BARLEY PRODUCTION (1000 tons),BARLEY YIELD (Kg per ha),0.41833474740391585,0.41833474740391585
SOYABEAN AREA (1000 ha),OILSEEDS PRODUCTION (1000 tons),0.41796493891223685,0.41796493891223685
SORGHUM PRODUCTION (1000 tons),SUNFLOWER AREA (1000 ha),0.41726896403309244,0.41726896403309244
RICE AREA (1000 ha),VEGETABLES AREA (1000 ha),0.4132300264917001,0.4132300264917001
SOYABEAN AREA (1000 ha),OILSEEDS AREA (1000 ha),0.4114304654947017,0.4114304654947017
KHARIF SORGHUM AREA (1000 ha),COTTON AREA (1000 ha),0.41115575784421104,0.41115575784421104
RICE PRODUCTION (1000 tons),FRUITS AND VEGETABLES AREA (1000 ha),0.4087240395438138,0.4087240395438138
SORGHUM PRODUCTION (1000 tons),COTTON AREA (1000 ha),0.4069328433631453,0.4069328433631453
PIGEONPEA AREA (1000 ha),SAFFLOWER AREA (1000 ha),0.4037796045487424,0.4037796045487424
Dist Code,VEGETABLES AREA (1000 ha),0.40257768186012427,0.40257768186012427
RABI SORGHUM AREA (1000 ha),SUNFLOWER AREA (1000 ha),0.40237916750801855,0.40237916750801855
SAFFLOWER PRODUCTION (1000 tons),SAFFLOWER YIELD (Kg per ha),0.40100059961088635,0.40100059961088635
SORGHUM PRODUCTION (1000 tons),PIGEONPEA PRODUCTION (1000 tons),0.3989894991495709,0.3989894991495709
PIGEONPEA AREA (1000 ha),SAFFLOWER PRODUCTION (1000 tons),0.3988495441833549,0.3988495441833549
RICE PRODUCTION (1000 tons),VEGETABLES AREA (1000 ha),0.3981579782662787,0.3981579782662787
RAPESEED AND MUSTARD PRODUCTION (1000 tons),OILSEEDS PRODUCTION (1000 tons),0.39778017327682935,0.39778017327682935
COTTON PRODUCTION (1000 tons),COTTON YIELD (Kg per ha),0.39755170484404034,0.39755170484404034
SORGHUM YIELD (Kg per ha),PEARL MILLET YIELD (Kg per ha),0.3973649168501603,0.3973649168501603
KHARIF SORGHUM PRODUCTION (1000 tons),SAFFLOWER PRODUCTION (1000 tons),0.39698279064108727,0.39698279064108727
CHICKPEA PRODUCTION (1000 tons),SOYABEAN AREA (1000 ha),0.3965161215790973,0.3965161215790973
RICE YIELD (Kg per ha),SUNFLOWER YIELD (Kg per ha),0.39595271758335043,0.39595271758335043
RABI SORGHUM PRODUCTION (1000 tons),SAFFLOWER YIELD (Kg per ha),0.3950015511116059,0.3950015511116059
Year,MAIZE YIELD (Kg per ha),0.3938660653066719,0.3938660653066719
KHARIF SORGHUM PRODUCTION (1000 tons),SAFFLOWER AREA (1000 ha),0.39301747525891534,0.39301747525891534
RAPESEED AND MUSTARD PRODUCTION (1000 tons),RAPESEED AND MUSTARD YIELD (Kg per ha),0.3909489040232664,0.3909489040232664
RICE YIELD (Kg per ha),SUGARCANE YIELD (Kg per ha),0.38939201885569713,0.38939201885569713
Year,RICE YIELD (Kg per ha),0.3882494189623007,0.3882494189623007
FINGER MILLET AREA (1000 ha),FINGER MILLET YIELD (Kg per ha),0.38720529253340313,0.38720529253340313
CHICKPEA PRODUCTION (1000 tons),SOYABEAN PRODUCTION (1000 tons),0.383041213729101,0.383041213729101
Year,SUNFLOWER YIELD (Kg per ha),0.3819471259963648,0.3819471259963648
MAIZE YIELD (Kg per ha),SUNFLOWER YIELD (Kg per ha),0.3809117738891909,0.3809117738891909
SORGHUM AREA (1000 ha),SAFFLOWER YIELD (Kg per ha),0.3808021869437578,0.3808021869437578
GROUNDNUT PRODUCTION (1000 tons),CASTOR YIELD (Kg per ha),0.3790554797696456,0.3790554797696456
Dist Code,RICE AREA (1000 ha),0.37866795052763674,0.37866795052763674
SORGHUM AREA (1000 ha),SUNFLOWER AREA (1000 ha),0.37851784864826166,0.37851784864826166
RICE AREA (1000 ha),FRUITS AND VEGETABLES AREA (1000 ha),0.37677801963891083,0.37677801963891083
SOYABEAN PRODUCTION (1000 tons),OILSEEDS AREA (1000 ha),0.37598399679294636,0.37598399679294636
RABI SORGHUM AREA (1000 ha),SUNFLOWER PRODUCTION (1000 tons),0.3759374034566424,0.3759374034566424
Year,WHEAT YIELD (Kg per ha),0.3754234199293079,0.3754234199293079
KHARIF SORGHUM YIELD (Kg per ha),SORGHUM PRODUCTION (1000 tons),0.37258902174786296,0.37258902174786296
BARLEY YIELD (Kg per ha),RAPESEED AND MUSTARD PRODUCTION (1000 tons),0.37141193901502995,0.37141193901502995
SAFFLOWER PRODUCTION (1000 tons),SUNFLOWER AREA (1000 ha),0.3709369219221922,0.3709369219221922
SORGHUM YIELD (Kg per ha),GROUNDNUT YIELD (Kg per ha),0.3701733285501667,0.3701733285501667
BARLEY YIELD (Kg per ha),RAPESEED AND MUSTARD AREA (1000 ha),0.369952244238213,0.369952244238213
WHEAT YIELD (Kg per ha),FINGER MILLET YIELD (Kg per ha),-0.3698661416718834,0.3698661416718834
RABI SORGHUM YIELD (Kg per ha),SUGARCANE YIELD (Kg per ha),0.36985311432887,0.36985311432887
Year,SOYABEAN YIELD (Kg per ha),0.3689162480011828,0.3689162480011828
KHARIF SORGHUM PRODUCTION (1000 tons),PIGEONPEA AREA (1000 ha),0.3686726282932358,0.3686726282932358
RAPESEED AND MUSTARD AREA (1000 ha),OILSEEDS PRODUCTION (1000 tons),0.3670056492804593,0.3670056492804593
RAPESEED AND MUSTARD AREA (1000 ha),RAPESEED AND MUSTARD YIELD (Kg per ha),0.36570216081391,0.36570216081391
SAFFLOWER PRODUCTION (1000 tons),SUNFLOWER PRODUCTION (1000 tons),0.36429178065525714,0.36429178065525714
RABI SORGHUM AREA (1000 ha),PIGEONPEA AREA (1000 ha),0.3618289932166736,0.3618289932166736
KHARIF SORGHUM PRODUCTION (1000 tons),KHARIF SORGHUM YIELD (Kg per ha),0.3614844255091849,0.3614844255091849
GROUNDNUT YIELD (Kg per ha),OILSEEDS YIELD (Kg per ha),0.3611627835513237,0.3611627835513237
RABI SORGHUM YIELD (Kg per ha),MAIZE YIELD (Kg per ha),0.3601477528611099,0.3601477528611099
SORGHUM AREA (1000 ha),SUNFLOWER PRODUCTION (1000 tons),0.35985624755074597,0.35985624755074597
KHARIF SORGHUM YIELD (Kg per ha),PEARL MILLET YIELD (Kg per ha),0.35847875732484197,0.35847875732484197
BARLEY PRODUCTION (1000 tons),RAPESEED AND MUSTARD AREA (1000 ha),0.3571026664819865,0.3571026664819865
PIGEONPEA AREA (1000 ha),SAFFLOWER YIELD (Kg per ha),0.3557359713182475,0.3557359713182475
PEARL MILLET AREA (1000 ha),MINOR PULSES AREA (1000 ha),0.35550575952021773,0.35550575952021773
WHEAT YIELD (Kg per ha),RAPESEED AND MUSTARD PRODUCTION (1000 tons),0.35385315365119807,0.35385315365119807
RABI SORGHUM YIELD (Kg per ha),FINGER MILLET YIELD (Kg per ha),0.3514005005879492,0.3514005005879492
KHARIF SORGHUM AREA (1000 ha),SAFFLOWER AREA (1000 ha),0.3502222516163432,0.3502222516163432
GROUNDNUT YIELD (Kg per ha),SUGARCANE YIELD (Kg per ha),0.3485676188901553,0.3485676188901553
Year,RAPESEED AND MUSTARD YIELD (Kg per ha),0.34651562857117124,0.34651562857117124
PEARL MILLET PRODUCTION (1000 tons),PEARL MILLET YIELD (Kg per ha),0.34616844436539823,0.34616844436539823
SUNFLOWER AREA (1000 ha),OILSEEDS AREA (1000 ha),0.34604380612598745,0.34604380612598745
WHEAT YIELD (Kg per ha),RAPESEED AND MUSTARD AREA (1000 ha),0.34603130762486106,0.34603130762486106
WHEAT AREA (1000 ha),BARLEY PRODUCTION (1000 tons),0.34410422607169266,0.34410422607169266
BARLEY PRODUCTION (1000 tons),RAPESEED AND MUSTARD PRODUCTION (1000 tons),0.34404441146682807,0.34404441146682807
SUNFLOWER PRODUCTION (1000 tons),OILSEEDS AREA (1000 ha),0.3440177095659517,0.3440177095659517
RABI SORGHUM AREA (1000 ha),SAFFLOWER YIELD (Kg per ha),0.34024414831287775,0.34024414831287775
SAFFLOWER AREA (1000 ha),SUNFLOWER AREA (1000 ha),0.3399368132811921,0.3399368132811921
KHARIF SORGHUM YIELD (Kg per ha),RABI SORGHUM YIELD (Kg per ha),0.3394436539968718,0.3394436539968718
GROUNDNUT AREA (1000 ha),CASTOR YIELD (Kg per ha),0.3392686616375177,0.3392686616375177
PIGEONPEA AREA (1000 ha),COTTON AREA (1000 ha),0.3373030802124315,0.3373030802124315
PIGEONPEA AREA (1000 ha),SUNFLOWER PRODUCTION (1000 tons),0.3366188480383152,0.3366188480383152
FRUITS AREA (1000 ha),VEGETABLES AREA (1000 ha),0.3360448432505601,0.3360448432505601
SESAMUM PRODUCTION (1000 tons),SESAMUM YIELD (Kg per ha),0.33491320275178915,0.33491320275178915
CASTOR AREA (1000 ha),CASTOR YIELD (Kg per ha),0.3345530804425938,0.3345530804425938
PIGEONPEA AREA (1000 ha),SUNFLOWER AREA (1000 ha),0.33421689841391544,0.33421689841391544
RICE YIELD (Kg per ha),WHEAT PRODUCTION (1000 tons),0.332174521572608,0.332174521572608
KHARIF SORGHUM AREA (1000 ha),PIGEONPEA AREA (1000 ha),0.33065592337075916,0.33065592337075916
CASTOR YIELD (Kg per ha),OILSEEDS PRODUCTION (1000 tons),0.33064615102016626,0.33064615102016626
PEARL MILLET PRODUCTION (1000 tons),BARLEY PRODUCTION (1000 tons),0.3304355840108777,0.3304355840108777
CASTOR YIELD (Kg per ha),COTTON PRODUCTION (1000 tons),0.32867840973840645,0.32867840973840645
SESAMUM PRODUCTION (1000 tons),VEGETABLES AREA (1000 ha),0.32806778066527126,0.32806778066527126
WHEAT PRODUCTION (1000 tons),RAPESEED AND MUSTARD PRODUCTION (1000 tons),0.3279214553011778,0.3279214553011778
KHARIF SORGHUM PRODUCTION (1000 tons),SAFFLOWER YIELD (Kg per ha),0.32745522139029515,0.32745522139029515
Dist Code,FRUITS AND VEGETABLES AREA (1000 ha),0.3265277377567465,0.3265277377567465
SESAMUM YIELD (Kg per ha),VEGETABLES AREA (1000 ha),0.3259015772670594,0.3259015772670594
SAFFLOWER AREA (1000 ha),SUNFLOWER PRODUCTION (1000 tons),0.32508893407815165,0.32508893407815165
Dist Code,State Code,0.32473012099622733,0.32473012099622733
SAFFLOWER AREA (1000 ha),SAFFLOWER YIELD (Kg per ha),0.3243713241312938,0.3243713241312938
WHEAT AREA (1000 ha),PEARL MILLET YIELD (Kg per ha),0.3243526154683854,0.3243526154683854
CASTOR YIELD (Kg per ha),COTTON YIELD (Kg per ha),0.32380418528613397,0.32380418528613397
MAIZE YIELD (Kg per ha),GROUNDNUT YIELD (Kg per ha),0.3235837498280536,0.3235837498280536
MINOR PULSES AREA (1000 ha),SESAMUM AREA (1000 ha),0.3210754863869383,0.3210754863869383
WHEAT PRODUCTION (1000 tons),PEARL MILLET YIELD (Kg per ha),0.31929345527633873,0.31929345527633873
FINGER MILLET YIELD (Kg per ha),SUGARCANE YIELD (Kg per ha),0.3190588797815836,0.3190588797815836
RICE YIELD (Kg per ha),FRUITS AREA (1000 ha),0.3188332777278523,0.3188332777278523
KHARIF SORGHUM AREA (1000 ha),SAFFLOWER PRODUCTION (1000 tons),0.31770018027034197,0.31770018027034197
KHARIF SORGHUM PRODUCTION (1000 tons),PIGEONPEA PRODUCTION (1000 tons),0.31760315180673804,0.31760315180673804
FRUITS AND VEGETABLES AREA (1000 ha),POTATOES AREA (1000 ha),0.3175427100952208,0.3175427100952208
KHARIF SORGHUM YIELD (Kg per ha),GROUNDNUT YIELD (Kg per ha),0.3172818500906092,0.3172818500906092
SORGHUM AREA (1000 ha),COTTON AREA (1000 ha),0.3168039203939202,0.3168039203939202
CHICKPEA AREA (1000 ha),SOYABEAN AREA (1000 ha),0.316766847633279,0.316766847633279
State Code,KHARIF SORGHUM YIELD (Kg per ha),-0.31625125475592614,0.31625125475592614
WHEAT YIELD (Kg per ha),PEARL MILLET YIELD (Kg per ha),0.31621461747196333,0.31621461747196333
PEARL MILLET PRODUCTION (1000 tons),FODDER AREA (1000 ha),0.3157758628445084,0.3157758628445084
KHARIF SORGHUM YIELD (Kg per ha),SOYABEAN YIELD (Kg per ha),0.31402918416282183,0.31402918416282183
State Code,SORGHUM YIELD (Kg per ha),-0.31211637623134575,0.31211637623134575
SUGARCANE PRODUCTION (1000 tons),SUGARCANE YIELD (Kg per ha),0.3119825921491799,0.3119825921491799
MAIZE YIELD (Kg per ha),FINGER MILLET YIELD (Kg per ha),0.3113406586880196,0.3113406586880196
RABI SORGHUM PRODUCTION (1000 tons),PIGEONPEA PRODUCTION (1000 tons),0.3110134490751057,0.3110134490751057
GROUNDNUT YIELD (Kg per ha),OILSEEDS PRODUCTION (1000 tons),0.30890051899849813,0.30890051899849813
SAFFLOWER YIELD (Kg per ha),SUNFLOWER PRODUCTION (1000 tons),0.30842801243923107,0.30842801243923107
WHEAT AREA (1000 ha),PIGEONPEA YIELD (Kg per ha),0.30790952175575875,0.30790952175575875
RICE YIELD (Kg per ha),FINGER MILLET YIELD (Kg per ha),0.3064426711580051,0.3064426711580051
FINGER MILLET YIELD (Kg per ha),FRUITS AREA (1000 ha),0.3060722720528809,0.3060722720528809
FINGER MILLET YIELD (Kg per ha),BARLEY YIELD (Kg per ha),-0.3053660104240637,0.3053660104240637
FINGER MILLET YIELD (Kg per ha),RAPESEED AND MUSTARD YIELD (Kg per ha),-0.30517665195796334,0.30517665195796334
Dist Code,PEARL MILLET YIELD (Kg per ha),-0.3048739386562201,0.3048739386562201
GROUNDNUT YIELD (Kg per ha),COTTON YIELD (Kg per ha),0.30371609612369965,0.30371609612369965
RICE PRODUCTION (1000 tons),SUNFLOWER YIELD (Kg per ha),0.30258157733751,0.30258157733751
Dist Code,KHARIF SORGHUM AREA (1000 ha),-0.30243429050192167,0.30243429050192167
CHICKPEA AREA (1000 ha),FODDER AREA (1000 ha),0.30171094263305764,0.30171094263305764
MAIZE YIELD (Kg per ha),SUGARCANE YIELD (Kg per ha),0.3010802069519022,0.3010802069519022
WHEAT PRODUCTION (1000 tons),BARLEY PRODUCTION (1000 tons),0.29991319223231233,0.29991319223231233
RAPESEED AND MUSTARD AREA (1000 ha),OILSEEDS AREA (1000 ha),0.29975043418021496,0.29975043418021496
PEARL MILLET YIELD (Kg per ha),GROUNDNUT YIELD (Kg per ha),0.2992309029639274,0.2992309029639274
WHEAT YIELD (Kg per ha),CHICKPEA YIELD (Kg per ha),0.2984065105013131,0.2984065105013131
SORGHUM PRODUCTION (1000 tons),SUGARCANE YIELD (Kg per ha),0.29783439539234263,0.29783439539234263
KHARIF SORGHUM PRODUCTION (1000 tons),SORGHUM YIELD (Kg per ha),0.29711818641163323,0.29711818641163323
SUNFLOWER YIELD (Kg per ha),SUGARCANE YIELD (Kg per ha),0.29705104006274236,0.29705104006274236
WHEAT PRODUCTION (1000 tons),RAPESEED AND MUSTARD AREA (1000 ha),0.29697088647641184,0.29697088647641184
SESAMUM YIELD (Kg per ha),FRUITS AND VEGETABLES AREA (1000 ha),0.29671865305390277,0.29671865305390277
RABI SORGHUM YIELD (Kg per ha),BARLEY YIELD (Kg per ha),-0.2957733919344675,0.2957733919344675
RICE PRODUCTION (1000 tons),MAIZE YIELD (Kg per ha),0.2951584259884141,0.2951584259884141
CHICKPEA AREA (1000 ha),SOYABEAN PRODUCTION (1000 tons),0.29484404763734856,0.29484404763734856
Year,GROUNDNUT YIELD (Kg per ha),0.29473712367651167,0.29473712367651167
PIGEONPEA PRODUCTION (1000 tons),COTTON AREA (1000 ha),0.29456915268999057,0.29456915268999057
RAPESEED AND MUSTARD PRODUCTION (1000 tons),OILSEEDS AREA (1000 ha),0.29440032036773633,0.29440032036773633
RICE YIELD (Kg per ha),FRUITS AND VEGETABLES AREA (1000 ha),0.2942747169056375,0.2942747169056375
CHICKPEA PRODUCTION (1000 tons),SOYABEAN YIELD (Kg per ha),0.2941411805355775,0.2941411805355775
RABI SORGHUM YIELD (Kg per ha),GROUNDNUT YIELD (Kg per ha),0.2930877585428814,0.2930877585428814
Year,MINOR PULSES YIELD (Kg per ha),0.2925293304366121,0.2925293304366121
SORGHUM AREA (1000 ha),OILSEEDS AREA (1000 ha),0.29229385677470476,0.29229385677470476
SAFFLOWER YIELD (Kg per ha),SUNFLOWER AREA (1000 ha),0.29225170399078193,0.29225170399078193
MAIZE YIELD (Kg per ha),OILSEEDS YIELD (Kg per ha),0.29182981733943003,0.29182981733943003
SORGHUM PRODUCTION (1000 tons),OILSEEDS AREA (1000 ha),0.2917638908625902,0.2917638908625902
RICE PRODUCTION (1000 tons),POTATOES AREA (1000 ha),0.29144167028478724,0.29144167028478724
SORGHUM YIELD (Kg per ha),MAIZE YIELD (Kg per ha),0.2891187619628638,0.2891187619628638
OILSEEDS PRODUCTION (1000 tons),COTTON YIELD (Kg per ha),0.28901959869114335,0.28901959869114335
BARLEY AREA (1000 ha),BARLEY YIELD (Kg per ha),0.28900146448626896,0.28900146448626896
PIGEONPEA PRODUCTION (1000 tons),SAFFLOWER YIELD (Kg per ha),0.2889962028578772,0.2889962028578772
WHEAT PRODUCTION (1000 tons),COTTON PRODUCTION (1000 tons),0.288687904086804,0.288687904086804
SORGHUM YIELD (Kg per ha),SOYABEAN YIELD (Kg per ha),0.2880518885148424,0.2880518885148424
KHARIF SORGHUM YIELD (Kg per ha),SUGARCANE YIELD (Kg per ha),0.28773320566125143,0.28773320566125143
PIGEONPEA YIELD (Kg per ha),RAPESEED AND MUSTARD YIELD (Kg per ha),0.2876292389427896,0.2876292389427896
CASTOR YIELD (Kg per ha),OILSEEDS AREA (1000 ha),0.2868086305302459,0.2868086305302459
SORGHUM AREA (1000 ha),PIGEONPEA PRODUCTION (1000 tons),0.2866591640837651,0.2866591640837651
PEARL MILLET AREA (1000 ha),RAPESEED AND MUSTARD AREA (1000 ha),0.28654828797909404,0.28654828797909404
RABI SORGHUM YIELD (Kg per ha),OILSEEDS YIELD (Kg per ha),0.2854333676591457,0.2854333676591457
State Code,SUGARCANE YIELD (Kg per ha),-0.28522303821805856,0.28522303821805856
WHEAT AREA (1000 ha),FINGER MILLET YIELD (Kg per ha),-0.2849165438542145,0.2849165438542145
RABI SORGHUM YIELD (Kg per ha),COTTON YIELD (Kg per ha),0.2843498206693173,0.2843498206693173
PEARL MILLET YIELD (Kg per ha),RAPESEED AND MUSTARD YIELD (Kg per ha),0.284031194959861,0.284031194959861
State Code,CASTOR YIELD (Kg per ha),-0.2812297850889105,0.2812297850889105
WHEAT YIELD (Kg per ha),PIGEONPEA YIELD (Kg per ha),0.2793963865930582,0.2793963865930582
SORGHUM YIELD (Kg per ha),OILSEEDS YIELD (Kg per ha),0.2787286056378602,0.2787286056378602
PIGEONPEA PRODUCTION (1000 tons),SAFFLOWER PRODUCTION (1000 tons),0.278694957069136,0.278694957069136
KHARIF SORGHUM YIELD (Kg per ha),PIGEONPEA AREA (1000 ha),0.2786299364190101,0.2786299364190101
RABI SORGHUM YIELD (Kg per ha),SORGHUM PRODUCTION (1000 tons),0.27771415604258415,0.27771415604258415
KHARIF SORGHUM YIELD (Kg per ha),PIGEONPEA PRODUCTION (1000 tons),0.27764566511451033,0.27764566511451033
Dist Code,RABI SORGHUM YIELD (Kg per ha),-0.27669016545330455,0.27669016545330455
WHEAT YIELD (Kg per ha),FRUITS AREA (1000 ha),-0.276486982642088,0.276486982642088
WHEAT AREA (1000 ha),CHICKPEA PRODUCTION (1000 tons),0.27627607695921536,0.27627607695921536
WHEAT AREA (1000 ha),RAPESEED AND MUSTARD PRODUCTION (1000 tons),0.2762114473097267,0.2762114473097267
PEARL MILLET YIELD (Kg per ha),SUGARCANE YIELD (Kg per ha),0.27567048092375224,0.27567048092375224
SORGHUM AREA (1000 ha),SUGARCANE YIELD (Kg per ha),0.275472781269936,0.275472781269936
RAPESEED AND MUSTARD AREA (1000 ha),FODDER AREA (1000 ha),0.2749608557709384,0.2749608557709384
RABI SORGHUM PRODUCTION (1000 tons),ONION AREA (1000 ha),0.27445276549106423,0.27445276549106423
RAPESEED AND MUSTARD PRODUCTION (1000 tons),FODDER AREA (1000 ha),0.2743928038344931,0.2743928038344931
GROUNDNUT PRODUCTION (1000 tons),COTTON YIELD (Kg per ha),0.273040463460577,0.273040463460577
Dist Code,OILSEEDS AREA (1000 ha),-0.2727668503772534,0.2727668503772534
SESAMUM PRODUCTION (1000 tons),FRUITS AND VEGETABLES AREA (1000 ha),0.27269217874100293,0.27269217874100293
PIGEONPEA PRODUCTION (1000 tons),PIGEONPEA YIELD (Kg per ha),0.2723930037726929,0.2723930037726929
GROUNDNUT AREA (1000 ha),SUGARCANE YIELD (Kg per ha),0.27227148108540594,0.27227148108540594
State Code,OILSEEDS AREA (1000 ha),-0.2721153084507752,0.2721153084507752
PEARL MILLET YIELD (Kg per ha),BARLEY YIELD (Kg per ha),0.2711995769665326,0.2711995769665326
Dist Code,SORGHUM PRODUCTION (1000 tons),-0.27103593169702705,0.27103593169702705
LINSEED PRODUCTION (1000 tons),LINSEED YIELD (Kg per ha),0.2705441800357302,0.2705441800357302
PEARL MILLET PRODUCTION (1000 tons),OILSEEDS PRODUCTION (1000 tons),0.26969549477412974,0.26969549477412974
PEARL MILLET YIELD (Kg per ha),COTTON YIELD (Kg per ha),0.26954045998072523,0.26954045998072523
Dist Code,POTATOES AREA (1000 ha),0.2688908065187231,0.2688908065187231
WHEAT AREA (1000 ha),RAPESEED AND MUSTARD AREA (1000 ha),0.268671327206669,0.268671327206669
RICE AREA (1000 ha),KHARIF SORGHUM AREA (1000 ha),-0.2683720155939498,0.2683720155939498
State Code,OILSEEDS PRODUCTION (1000 tons),-0.26808070647629395,0.26808070647629395
Dist Code,SORGHUM AREA (1000 ha),-0.2679186067411743,0.2679186067411743
RABI SORGHUM YIELD (Kg per ha),GROUNDNUT PRODUCTION (1000 tons),0.26758837054290185,0.26758837054290185
GROUNDNUT PRODUCTION (1000 tons),SUGARCANE YIELD (Kg per ha),0.2671993047706393,0.2671993047706393
CASTOR YIELD (Kg per ha),COTTON AREA (1000 ha),0.26707054584275064,0.26707054584275064
PEARL MILLET AREA (1000 ha),RAPESEED AND MUSTARD PRODUCTION (1000 tons),0.2663864405539171,0.2663864405539171
State Code,GROUNDNUT AREA (1000 ha),-0.26615814880551847,0.26615814880551847
RICE PRODUCTION (1000 tons),WHEAT PRODUCTION (1000 tons),0.26587287059324716,0.26587287059324716
WHEAT AREA (1000 ha),BARLEY AREA (1000 ha),0.265555490188291,0.265555490188291
PEARL MILLET PRODUCTION (1000 tons),RAPESEED AND MUSTARD YIELD (Kg per ha),0.26524641027761386,0.26524641027761386
RICE AREA (1000 ha),POTATOES AREA (1000 ha),0.2646695393424954,0.2646695393424954
SORGHUM YIELD (Kg per ha),SUGARCANE YIELD (Kg per ha),0.264619931097322,0.264619931097322
GROUNDNUT PRODUCTION (1000 tons),GROUNDNUT YIELD (Kg per ha),0.2643458304524403,0.2643458304524403
Year,OILSEEDS YIELD (Kg per ha),0.2639980429004111,0.2639980429004111
Year,SESAMUM YIELD (Kg per ha),0.26395241200548153,0.26395241200548153
RICE PRODUCTION (1000 tons),FRUITS AREA (1000 ha),0.26358187460916904,0.26358187460916904
RABI SORGHUM YIELD (Kg per ha),GROUNDNUT AREA (1000 ha),0.2632384404520159,0.2632384404520159
MINOR PULSES PRODUCTION (1000 tons),SESAMUM AREA (1000 ha),0.2630923826551744,0.2630923826551744
RICE PRODUCTION (1000 tons),SUGARCANE YIELD (Kg per ha),0.26238773339856847,0.26238773339856847
WHEAT YIELD (Kg per ha),MINOR PULSES YIELD (Kg per ha),0.2621233454609185,0.2621233454609185
SORGHUM PRODUCTION (1000 tons),SORGHUM YIELD (Kg per ha),0.2614913961322206,0.2614913961322206
WHEAT AREA (1000 ha),CHICKPEA AREA (1000 ha),0.2612357846328961,0.2612357846328961
CHICKPEA YIELD (Kg per ha),RAPESEED AND MUSTARD YIELD (Kg per ha),0.2610513400944062,0.2610513400944062
OILSEEDS PRODUCTION (1000 tons),COTTON PRODUCTION (1000 tons),0.26062030174561546,0.26062030174561546
SUNFLOWER YIELD (Kg per ha),FRUITS AND VEGETABLES AREA (1000 ha),0.26029672660697517,0.26029672660697517
MINOR PULSES AREA (1000 ha),FODDER AREA (1000 ha),0.2600486475590922,0.2600486475590922
PEARL MILLET YIELD (Kg per ha),OILSEEDS PRODUCTION (1000 tons),0.2594630497176794,0.2594630497176794
SUGARCANE YIELD (Kg per ha),COTTON YIELD (Kg per ha),0.259329284597634,0.259329284597634
OILSEEDS YIELD (Kg per ha),COTTON YIELD (Kg per ha),0.2591501876125172,0.2591501876125172
MAIZE PRODUCTION (1000 tons),ONION AREA (1000 ha),0.25768136178599704,0.25768136178599704
SUNFLOWER PRODUCTION (1000 tons),ONION AREA (1000 ha),0.2568858934091154,0.2568858934091154
KHARIF SORGHUM AREA (1000 ha),PIGEONPEA PRODUCTION (1000 tons),0.2562394770752385,0.2562394770752385
Dist Code,KHARIF SORGHUM PRODUCTION (1000 tons),-0.2560166612590101,0.2560166612590101
RICE PRODUCTION (1000 tons),SESAMUM YIELD (Kg per ha),0.25526962092072014,0.25526962092072014
GROUNDNUT YIELD (Kg per ha),SESAMUM PRODUCTION (1000 tons),0.2551766500030479,0.2551766500030479
SUNFLOWER AREA (1000 ha),ONION AREA (1000 ha),0.25454515495544733,0.25454515495544733
SORGHUM AREA (1000 ha),RAPESEED AND MUSTARD YIELD (Kg per ha),-0.25440883683964827,0.25440883683964827
FINGER MILLET AREA (1000 ha),SUGARCANE YIELD (Kg per ha),0.25394212703954727,0.25394212703954727
PEARL MILLET YIELD (Kg per ha),GROUNDNUT PRODUCTION (1000 tons),0.2534735124916963,0.2534735124916963
RABI SORGHUM PRODUCTION (1000 tons),SUGARCANE YIELD (Kg per ha),0.2530062885543326,0.2530062885543326
FINGER MILLET PRODUCTION (1000 tons),SUGARCANE YIELD (Kg per ha),0.2519544659946372,0.2519544659946372
RABI SORGHUM PRODUCTION (1000 tons),OILSEEDS AREA (1000 ha),0.2508293757719261,0.2508293757719261
RABI SORGHUM AREA (1000 ha),ONION AREA (1000 ha),0.2507673539238476,0.2507673539238476
CHICKPEA PRODUCTION (1000 tons),PIGEONPEA PRODUCTION (1000 tons),0.2505069280193968,0.2505069280193968
KHARIF SORGHUM YIELD (Kg per ha),OILSEEDS PRODUCTION (1000 tons),0.25041502065079635,0.25041502065079635
Dist Code,CHICKPEA AREA (1000 ha),-0.2504138084214774,0.2504138084214774
MINOR PULSES PRODUCTION (1000 tons),SESAMUM PRODUCTION (1000 tons),0.25021563032238997,0.25021563032238997
KHARIF SORGHUM AREA (1000 ha),OILSEEDS AREA (1000 ha),0.24879128656813485,0.24879128656813485
SORGHUM PRODUCTION (1000 tons),RAPESEED AND MUSTARD YIELD (Kg per ha),-0.2485120592420398,0.2485120592420398
BARLEY AREA (1000 ha),CHICKPEA AREA (1000 ha),0.24844532549323398,0.24844532549323398
BARLEY YIELD (Kg per ha),LINSEED YIELD (Kg per ha),0.2481829784404055,0.2481829784404055
SORGHUM YIELD (Kg per ha),PIGEONPEA PRODUCTION (1000 tons),0.2480216283951289,0.2480216283951289
PEARL MILLET YIELD (Kg per ha),SUNFLOWER YIELD (Kg per ha),0.2474259430307001,0.2474259430307001
PEARL MILLET PRODUCTION (1000 tons),BARLEY YIELD (Kg per ha),0.2471208434194448,0.2471208434194448
KHARIF SORGHUM YIELD (Kg per ha),SOYABEAN PRODUCTION (1000 tons),0.2467951906265794,0.2467951906265794
RAPESEED AND MUSTARD YIELD (Kg per ha),POTATOES AREA (1000 ha),0.24675984183103972,0.24675984183103972
VEGETABLES AREA (1000 ha),ONION AREA (1000 ha),0.24665047487876918,0.24665047487876918
LINSEED YIELD (Kg per ha),SOYABEAN AREA (1000 ha),0.24609804633432633,0.24609804633432633
CASTOR PRODUCTION (1000 tons),OILSEEDS PRODUCTION (1000 tons),0.2460980271867823,0.2460980271867823
PIGEONPEA PRODUCTION (1000 tons),SAFFLOWER AREA (1000 ha),0.24603189232165779,0.24603189232165779
SORGHUM YIELD (Kg per ha),OILSEEDS PRODUCTION (1000 tons),0.2458381560838679,0.2458381560838679
BARLEY YIELD (Kg per ha),FRUITS AREA (1000 ha),-0.24555870478075212,0.24555870478075212
SAFFLOWER YIELD (Kg per ha),ONION AREA (1000 ha),0.2441972540756455,0.2441972540756455
RABI SORGHUM YIELD (Kg per ha),FRUITS AREA (1000 ha),0.24384660893957422,0.24384660893957422
KHARIF SORGHUM YIELD (Kg per ha),CHICKPEA PRODUCTION (1000 tons),0.2436837025251375,0.2436837025251375
WHEAT YIELD (Kg per ha),PEARL MILLET PRODUCTION (1000 tons),0.2433099327471948,0.2433099327471948
KHARIF SORGHUM PRODUCTION (1000 tons),RABI SORGHUM PRODUCTION (1000 tons),0.24258750093275303,0.24258750093275303
Year,WHEAT PRODUCTION (1000 tons),0.2423947235253226,0.2423947235253226
COTTON AREA (1000 ha),COTTON YIELD (Kg per ha),0.242267461422119,0.242267461422119
BARLEY PRODUCTION (1000 tons),CHICKPEA PRODUCTION (1000 tons),0.2404079974698001,0.2404079974698001
LINSEED YIELD (Kg per ha),SOYABEAN PRODUCTION (1000 tons),0.2403952816499686,0.2403952816499686
MINOR PULSES PRODUCTION (1000 tons),GROUNDNUT YIELD (Kg per ha),0.23985499057868484,0.23985499057868484
Year,MAIZE PRODUCTION (1000 tons),0.23958811002595748,0.23958811002595748
Dist Code,CHICKPEA PRODUCTION (1000 tons),-0.239278908555383,0.239278908555383
CHICKPEA AREA (1000 ha),PIGEONPEA PRODUCTION (1000 tons),0.23903404287449115,0.23903404287449115
SAFFLOWER YIELD (Kg per ha),COTTON AREA (1000 ha),0.2390048582129854,0.2390048582129854
KHARIF SORGHUM YIELD (Kg per ha),MAIZE YIELD (Kg per ha),0.23899710138120406,0.23899710138120406
RABI SORGHUM PRODUCTION (1000 tons),RABI SORGHUM YIELD (Kg per ha),0.23866432800646087,0.23866432800646087
Dist Code,OILSEEDS PRODUCTION (1000 tons),-0.23805515940680627,0.23805515940680627
RABI SORGHUM PRODUCTION (1000 tons),SUGARCANE PRODUCTION (1000 tons),0.2375175208406924,0.2375175208406924
RICE YIELD (Kg per ha),OILSEEDS YIELD (Kg per ha),0.2373571270585654,0.2373571270585654
SUNFLOWER YIELD (Kg per ha),VEGETABLES AREA (1000 ha),0.23697683999635755,0.23697683999635755
GROUNDNUT YIELD (Kg per ha),CASTOR YIELD (Kg per ha),0.23653537072395786,0.23653537072395786
CHICKPEA PRODUCTION (1000 tons),FODDER AREA (1000 ha),0.2363535600988832,0.2363535600988832
KHARIF SORGHUM YIELD (Kg per ha),SOYABEAN AREA (1000 ha),0.2361924205429394,0.2361924205429394
Dist Code,SOYABEAN YIELD (Kg per ha),-0.2361786333431167,0.2361786333431167
FINGER MILLET YIELD (Kg per ha),FRUITS AND VEGETABLES AREA (1000 ha),0.23595661387686642,0.23595661387686642
Year,SOYABEAN AREA (1000 ha),0.23572130064206603,0.23572130064206603
OILSEEDS YIELD (Kg per ha),SUGARCANE YIELD (Kg per ha),0.23550252289611498,0.23550252289611498
MINOR PULSES YIELD (Kg per ha),RAPESEED AND MUSTARD YIELD (Kg per ha),0.2353931380160445,0.2353931380160445
CHICKPEA AREA (1000 ha),OILSEEDS AREA (1000 ha),0.23536715477080836,0.23536715477080836
SUGARCANE AREA (1000 ha),SUGARCANE YIELD (Kg per ha),0.23512165127620746,0.23512165127620746
Year,PEARL MILLET YIELD (Kg per ha),0.23511482050305768,0.23511482050305768
MINOR PULSES AREA (1000 ha),LINSEED AREA (1000 ha),0.23509224364231615,0.23509224364231615
WHEAT YIELD (Kg per ha),POTATOES AREA (1000 ha),0.23506821070086006,0.23506821070086006
SESAMUM PRODUCTION (1000 tons),CASTOR YIELD (Kg per ha),0.2350656635881279,0.2350656635881279
Dist Code,GROUNDNUT YIELD (Kg per ha),-0.2350166219647412,0.2350166219647412
RABI SORGHUM AREA (1000 ha),SUGARCANE YIELD (Kg per ha),0.23496293862618967,0.23496293862618967
RABI SORGHUM YIELD (Kg per ha),CASTOR YIELD (Kg per ha),0.23494845975203268,0.23494845975203268
SORGHUM YIELD (Kg per ha),SOYABEAN PRODUCTION (1000 tons),0.2348762468541922,0.2348762468541922
CHICKPEA PRODUCTION (1000 tons),LINSEED YIELD (Kg per ha),0.23467184165929153,0.23467184165929153
KHARIF SORGHUM AREA (1000 ha),SAFFLOWER YIELD (Kg per ha),0.23429447883236454,0.23429447883236454
BARLEY YIELD (Kg per ha),CHICKPEA YIELD (Kg per ha),0.2335792597866562,0.2335792597866562
PEARL MILLET PRODUCTION (1000 tons),OILSEEDS AREA (1000 ha),0.23347540667731884,0.23347540667731884
SORGHUM YIELD (Kg per ha),CHICKPEA PRODUCTION (1000 tons),0.23346035518727887,0.23346035518727887
SOYABEAN YIELD (Kg per ha),OILSEEDS PRODUCTION (1000 tons),0.23334486018664044,0.23334486018664044
WHEAT YIELD (Kg per ha),RABI SORGHUM YIELD (Kg per ha),-0.23306944661192053,0.23306944661192053
RICE PRODUCTION (1000 tons),KHARIF SORGHUM AREA (1000 ha),-0.23302729913138287,0.23302729913138287
SAFFLOWER AREA (1000 ha),OILSEEDS AREA (1000 ha),0.2329392703454569,0.2329392703454569
BARLEY PRODUCTION (1000 tons),FODDER AREA (1000 ha),0.23262782242004001,0.23262782242004001
Year,RICE PRODUCTION (1000 tons),0.23240014941917173,0.23240014941917173
GROUNDNUT YIELD (Kg per ha),SESAMUM YIELD (Kg per ha),0.23234823184211237,0.23234823184211237
BARLEY AREA (1000 ha),CHICKPEA PRODUCTION (1000 tons),0.2323133712743709,0.2323133712743709
RICE YIELD (Kg per ha),RABI SORGHUM YIELD (Kg per ha),0.23198213582484728,0.23198213582484728
WHEAT YIELD (Kg per ha),BARLEY PRODUCTION (1000 tons),0.23181186447932156,0.23181186447932156
SUGARCANE YIELD (Kg per ha),FRUITS AND VEGETABLES AREA (1000 ha),0.23173975626618193,0.23173975626618193
SESAMUM AREA (1000 ha),OILSEEDS AREA (1000 ha),0.23172842153296647,0.23172842153296647
CHICKPEA AREA (1000 ha),SOYABEAN YIELD (Kg per ha),0.2316885949624052,0.2316885949624052
RICE YIELD (Kg per ha),GROUNDNUT YIELD (Kg per ha),0.2312191637991197,0.2312191637991197
CHICKPEA YIELD (Kg per ha),PIGEONPEA YIELD (Kg per ha),0.2309843312501936,0.2309843312501936
CHICKPEA PRODUCTION (1000 tons),OILSEEDS AREA (1000 ha),0.23096804692925885,0.23096804692925885
Dist Code,RICE PRODUCTION (1000 tons),0.2306983212990377,0.2306983212990377
WHEAT AREA (1000 ha),LINSEED YIELD (Kg per ha),0.23065290633865285,0.23065290633865285
RABI SORGHUM YIELD (Kg per ha),OILSEEDS PRODUCTION (1000 tons),0.23056578465265812,0.23056578465265812
PIGEONPEA AREA (1000 ha),OILSEEDS AREA (1000 ha),0.23043695607194736,0.23043695607194736
WHEAT PRODUCTION (1000 tons),PIGEONPEA YIELD (Kg per ha),0.23043675350183385,0.23043675350183385
RICE AREA (1000 ha),PEARL MILLET AREA (1000 ha),-0.23014043515443852,0.23014043515443852
SORGHUM YIELD (Kg per ha),PIGEONPEA YIELD (Kg per ha),0.23002476700365937,0.23002476700365937
CHICKPEA AREA (1000 ha),LINSEED PRODUCTION (1000 tons),0.22941361177434144,0.22941361177434144
WHEAT PRODUCTION (1000 tons),FINGER MILLET YIELD (Kg per ha),-0.2292474315354751,0.2292474315354751
KHARIF SORGHUM YIELD (Kg per ha),OILSEEDS AREA (1000 ha),0.22870048418829453,0.22870048418829453
RICE AREA (1000 ha),SORGHUM AREA (1000 ha),-0.22784499981848144,0.22784499981848144
BARLEY PRODUCTION (1000 tons),CHICKPEA AREA (1000 ha),0.22777466187247683,0.22777466187247683
CHICKPEA AREA (1000 ha),PIGEONPEA AREA (1000 ha),0.22758138370569184,0.22758138370569184
SORGHUM YIELD (Kg per ha),SOYABEAN AREA (1000 ha),0.22750544426066063,0.22750544426066063
SORGHUM YIELD (Kg per ha),PIGEONPEA AREA (1000 ha),0.22742506647931846,0.22742506647931846
OILSEEDS AREA (1000 ha),COTTON YIELD (Kg per ha),0.2272794872578912,0.2272794872578912
SORGHUM PRODUCTION (1000 tons),BARLEY YIELD (Kg per ha),-0.22696291772254187,0.22696291772254187
Year,SOYABEAN PRODUCTION (1000 tons),0.22688585076979162,0.22688585076979162
LINSEED YIELD (Kg per ha),SOYABEAN YIELD (Kg per ha),0.2268269338754637,0.2268269338754637
State Code,PEARL MILLET YIELD (Kg per ha),-0.22666727184550578,0.22666727184550578
PEARL MILLET PRODUCTION (1000 tons),CASTOR PRODUCTION (1000 tons),0.22654195325548349,0.22654195325548349
PEARL MILLET AREA (1000 ha),SESAMUM AREA (1000 ha),0.22640844623233514,0.22640844623233514
RICE YIELD (Kg per ha),PEARL MILLET AREA (1000 ha),-0.2255312714102216,0.2255312714102216
State Code,RABI SORGHUM YIELD (Kg per ha),-0.22521499133170003,0.22521499133170003
KHARIF SORGHUM YIELD (Kg per ha),SORGHUM AREA (1000 ha),0.22484346247752326,0.22484346247752326
MAIZE PRODUCTION (1000 tons),SUNFLOWER YIELD (Kg per ha),0.22484318467958728,0.22484318467958728
State Code,GROUNDNUT YIELD (Kg per ha),-0.22480675788002435,0.22480675788002435
GROUNDNUT YIELD (Kg per ha),SUNFLOWER YIELD (Kg per ha),0.22423869940641605,0.22423869940641605
SAFFLOWER AREA (1000 ha),COTTON AREA (1000 ha),0.22423818442037605,0.22423818442037605
GROUNDNUT YIELD (Kg per ha),FRUITS AND VEGETABLES AREA (1000 ha),0.22422770733084624,0.22422770733084624
Year,KHARIF SORGHUM AREA (1000 ha),-0.22403192168446198,0.22403192168446198
RICE YIELD (Kg per ha),PEARL MILLET YIELD (Kg per ha),0.224018377289039,0.224018377289039
PEARL MILLET YIELD (Kg per ha),RAPESEED AND MUSTARD PRODUCTION (1000 tons),0.2238409523979808,0.2238409523979808
RICE PRODUCTION (1000 tons),GROUNDNUT YIELD (Kg per ha),0.22344802915569834,0.22344802915569834
PEARL MILLET YIELD (Kg per ha),COTTON PRODUCTION (1000 tons),0.22262723498796813,0.22262723498796813
GROUNDNUT AREA (1000 ha),COTTON YIELD (Kg per ha),0.22207069975922106,0.22207069975922106
RAPESEED AND MUSTARD YIELD (Kg per ha),FRUITS AREA (1000 ha),-0.22192847808347188,0.22192847808347188
Year,BARLEY AREA (1000 ha),-0.22189001801239436,0.22189001801239436
MINOR PULSES AREA (1000 ha),SESAMUM PRODUCTION (1000 tons),0.22141775716603948,0.22141775716603948
OILSEEDS AREA (1000 ha),COTTON AREA (1000 ha),0.22126192484414914,0.22126192484414914
CHICKPEA PRODUCTION (1000 tons),OILSEEDS PRODUCTION (1000 tons),0.2210686447732003,0.2210686447732003
CHICKPEA AREA (1000 ha),RAPESEED AND MUSTARD AREA (1000 ha),0.2209828248974612,0.2209828248974612
SORGHUM AREA (1000 ha),ONION AREA (1000 ha),0.220768304580944,0.220768304580944
RICE AREA (1000 ha),SORGHUM PRODUCTION (1000 tons),-0.22071502855479883,0.22071502855479883
WHEAT YIELD (Kg per ha),LINSEED YIELD (Kg per ha),0.2206671304576423,0.2206671304576423
RICE AREA (1000 ha),KHARIF SORGHUM PRODUCTION (1000 tons),-0.22028519976533043,0.22028519976533043
FINGER MILLET YIELD (Kg per ha),GROUNDNUT PRODUCTION (1000 tons),0.22023817127760154,0.22023817127760154
RICE AREA (1000 ha),RICE YIELD (Kg per ha),0.22006627001284998,0.22006627001284998
SORGHUM YIELD (Kg per ha),MINOR PULSES PRODUCTION (1000 tons),0.2198009503379551,0.2198009503379551
FINGER MILLET YIELD (Kg per ha),GROUNDNUT AREA (1000 ha),0.21957541961413243,0.21957541961413243
WHEAT AREA (1000 ha),CHICKPEA YIELD (Kg per ha),0.219226467655643,0.219226467655643
FINGER MILLET YIELD (Kg per ha),GROUNDNUT YIELD (Kg per ha),0.21914282838631044,0.21914282838631044
SORGHUM PRODUCTION (1000 tons),ONION AREA (1000 ha),0.2190420910681477,0.2190420910681477
KHARIF SORGHUM YIELD (Kg per ha),RABI SORGHUM PRODUCTION (1000 tons),0.21903832047525817,0.21903832047525817
RICE YIELD (Kg per ha),SUGARCANE PRODUCTION (1000 tons),0.21886166459900425,0.21886166459900425
RABI SORGHUM AREA (1000 ha),SUGARCANE PRODUCTION (1000 tons),0.21850427089069438,0.21850427089069438
KHARIF SORGHUM PRODUCTION (1000 tons),SUGARCANE YIELD (Kg per ha),0.21833678082549215,0.21833678082549215
RABI SORGHUM YIELD (Kg per ha),RAPESEED AND MUSTARD YIELD (Kg per ha),-0.21823720704789046,0.21823720704789046
CHICKPEA PRODUCTION (1000 tons),RAPESEED AND MUSTARD AREA (1000 ha),0.21775252271490647,0.21775252271490647
GROUNDNUT AREA (1000 ha),SUNFLOWER PRODUCTION (1000 tons),0.21757050243773288,0.21757050243773288
BARLEY YIELD (Kg per ha),FODDER AREA (1000 ha),0.2175242700448624,0.2175242700448624
CASTOR AREA (1000 ha),OILSEEDS PRODUCTION (1000 tons),0.2173050379083738,0.2173050379083738
RABI SORGHUM AREA (1000 ha),OILSEEDS AREA (1000 ha),0.21697282121652847,0.21697282121652847
PIGEONPEA PRODUCTION (1000 tons),SOYABEAN PRODUCTION (1000 tons),0.21692722578784462,0.21692722578784462
MAIZE YIELD (Kg per ha),FRUITS AREA (1000 ha),0.21682663835152396,0.21682663835152396
SUNFLOWER YIELD (Kg per ha),POTATOES AREA (1000 ha),0.21644043141115663,0.21644043141115663
WHEAT AREA (1000 ha),RABI SORGHUM YIELD (Kg per ha),-0.21641896086760115,0.21641896086760115
Year,OILSEEDS PRODUCTION (1000 tons),0.2154683154059669,0.2154683154059669
BARLEY YIELD (Kg per ha),GROUNDNUT AREA (1000 ha),-0.21531846952536934,0.21531846952536934
KHARIF SORGHUM YIELD (Kg per ha),SAFFLOWER YIELD (Kg per ha),0.2152090540025265,0.2152090540025265
SORGHUM AREA (1000 ha),BARLEY YIELD (Kg per ha),-0.2151384632330893,0.2151384632330893
RAPESEED AND MUSTARD YIELD (Kg per ha),LINSEED YIELD (Kg per ha),0.21414171604459806,0.21414171604459806
Dist Code,SESAMUM YIELD (Kg per ha),0.21360407066472992,0.21360407066472992
SAFFLOWER PRODUCTION (1000 tons),OILSEEDS AREA (1000 ha),0.213352522577543,0.213352522577543
Dist Code,COTTON AREA (1000 ha),-0.213191034940282,0.213191034940282
FRUITS AND VEGETABLES AREA (1000 ha),ONION AREA (1000 ha),0.2130968148666438,0.2130968148666438
GROUNDNUT PRODUCTION (1000 tons),COTTON PRODUCTION (1000 tons),0.21308233712584254,0.21308233712584254
State Code,GROUNDNUT PRODUCTION (1000 tons),-0.21307630606585218,0.21307630606585218
PIGEONPEA PRODUCTION (1000 tons),SOYABEAN AREA (1000 ha),0.212908268271422,0.212908268271422
KHARIF SORGHUM PRODUCTION (1000 tons),OILSEEDS AREA (1000 ha),0.21281652628339115,0.21281652628339115
SAFFLOWER PRODUCTION (1000 tons),COTTON AREA (1000 ha),0.21253587355367223,0.21253587355367223
WHEAT AREA (1000 ha),COTTON PRODUCTION (1000 tons),0.2121315744308114,0.2121315744308114
SUNFLOWER YIELD (Kg per ha),SUGARCANE PRODUCTION (1000 tons),0.2119356336451885,0.2119356336451885
RABI SORGHUM YIELD (Kg per ha),COTTON AREA (1000 ha),0.2117847989589873,0.2117847989589873
MAIZE YIELD (Kg per ha),COTTON YIELD (Kg per ha),0.21093561660258547,0.21093561660258547
State Code,COTTON AREA (1000 ha),-0.21078610799600486,0.21078610799600486
RICE YIELD (Kg per ha),SESAMUM YIELD (Kg per ha),0.2106425711404927,0.2106425711404927
KHARIF SORGHUM YIELD (Kg per ha),PIGEONPEA YIELD (Kg per ha),0.21057328684765694,0.21057328684765694
RAPESEED AND MUSTARD YIELD (Kg per ha),OILSEEDS YIELD (Kg per ha),0.2104944525122183,0.2104944525122183
RABI SORGHUM YIELD (Kg per ha),OILSEEDS AREA (1000 ha),0.21008916928216453,0.21008916928216453
KHARIF SORGHUM AREA (1000 ha),RABI SORGHUM PRODUCTION (1000 tons),0.20990441034709828,0.20990441034709828
RICE PRODUCTION (1000 tons),SESAMUM PRODUCTION (1000 tons),0.20963224052584778,0.20963224052584778
KHARIF SORGHUM YIELD (Kg per ha),SUNFLOWER PRODUCTION (1000 tons),0.20952209344261882,0.20952209344261882
PIGEONPEA PRODUCTION (1000 tons),SUNFLOWER PRODUCTION (1000 tons),0.20929293023367337,0.20929293023367337
PEARL MILLET YIELD (Kg per ha),OILSEEDS YIELD (Kg per ha),0.2086867053678959,0.2086867053678959
KHARIF SORGHUM AREA (1000 ha),RAPESEED AND MUSTARD YIELD (Kg per ha),-0.20844485293879958,0.20844485293879958
BARLEY YIELD (Kg per ha),SAFFLOWER YIELD (Kg per ha),-0.2082247000573807,0.2082247000573807
Year,FRUITS AND VEGETABLES AREA (1000 ha),0.20746923687212188,0.20746923687212188
PEARL MILLET YIELD (Kg per ha),CASTOR YIELD (Kg per ha),0.20706717027998853,0.20706717027998853
PIGEONPEA PRODUCTION (1000 tons),COTTON PRODUCTION (1000 tons),0.2070362230067009,0.2070362230067009
MAIZE YIELD (Kg per ha),FRUITS AND VEGETABLES AREA (1000 ha),0.20697047832471568,0.20697047832471568
SORGHUM PRODUCTION (1000 tons),MINOR PULSES AREA (1000 ha),0.20689993235226237,0.20689993235226237
SESAMUM PRODUCTION (1000 tons),OILSEEDS AREA (1000 ha),0.20684864968705777,0.20684864968705777
CASTOR AREA (1000 ha),OILSEEDS AREA (1000 ha),0.2059203525832043,0.2059203525832043
RICE AREA (1000 ha),SESAMUM YIELD (Kg per ha),0.20560859849342505,0.20560859849342505
RABI SORGHUM AREA (1000 ha),PIGEONPEA PRODUCTION (1000 tons),0.20558162978573383,0.20558162978573383
PEARL MILLET YIELD (Kg per ha),CHICKPEA YIELD (Kg per ha),0.20551231389289448,0.20551231389289448
RICE AREA (1000 ha),PEARL MILLET PRODUCTION (1000 tons),-0.20538278690448777,0.20538278690448777
WHEAT AREA (1000 ha),SUGARCANE AREA (1000 ha),0.2048596919944903,0.2048596919944903
RICE AREA (1000 ha),MINOR PULSES PRODUCTION (1000 tons),0.20464002151978086,0.20464002151978086
MAIZE YIELD (Kg per ha),SESAMUM YIELD (Kg per ha),0.20437650881141786,0.20437650881141786
BARLEY PRODUCTION (1000 tons),RAPESEED AND MUSTARD YIELD (Kg per ha),0.20401353313303014,0.20401353313303014
SAFFLOWER YIELD (Kg per ha),SOYABEAN YIELD (Kg per ha),0.2038212590434035,0.2038212590434035
PIGEONPEA PRODUCTION (1000 tons),SOYABEAN YIELD (Kg per ha),0.2030137366282699,0.2030137366282699
SUNFLOWER YIELD (Kg per ha),OILSEEDS YIELD (Kg per ha),0.20244673224814855,0.20244673224814855
KHARIF SORGHUM AREA (1000 ha),KHARIF SORGHUM YIELD (Kg per ha),0.20224682073212336,0.20224682073212336
KHARIF SORGHUM PRODUCTION (1000 tons),RABI SORGHUM YIELD (Kg per ha),0.20193749954713153,0.20193749954713153
SAFFLOWER AREA (1000 ha),LINSEED AREA (1000 ha),0.2017262368912999,0.2017262368912999
PEARL MILLET PRODUCTION (1000 tons),COTTON YIELD (Kg per ha),0.2014580423375209,0.2014580423375209
Year,BARLEY YIELD (Kg per ha),0.20132587039767338,0.20132587039767338
RABI SORGHUM YIELD (Kg per ha),PEARL MILLET YIELD (Kg per ha),0.2009547664580021,0.2009547664580021
BARLEY AREA (1000 ha),RAPESEED AND MUSTARD AREA (1000 ha),0.20069856275740758,0.20069856275740758
Year,CHICKPEA YIELD (Kg per ha),0.20048915903458733,0.20048915903458733
OILSEEDS PRODUCTION (1000 tons),COTTON AREA (1000 ha),0.20043009309100418,0.20043009309100418
WHEAT PRODUCTION (1000 tons),FODDER AREA (1000 ha),0.20038161492765816,0.20038161492765816
RABI SORGHUM YIELD (Kg per ha),SORGHUM AREA (1000 ha),0.20000265834486836,0.20000265834486836
PIGEONPEA AREA (1000 ha),COTTON PRODUCTION (1000 tons),0.19999513599256236,0.19999513599256236
RABI SORGHUM YIELD (Kg per ha),FINGER MILLET AREA (1000 ha),0.19966484448517935,0.19966484448517935
CHICKPEA PRODUCTION (1000 tons),PIGEONPEA AREA (1000 ha),0.19963152613044716,0.19963152613044716
RICE AREA (1000 ha),CHICKPEA AREA (1000 ha),-0.19953784513522307,0.19953784513522307
CHICKPEA AREA (1000 ha),LINSEED YIELD (Kg per ha),0.19951291120513776,0.19951291120513776
MINOR PULSES AREA (1000 ha),SAFFLOWER AREA (1000 ha),0.19943276935711146,0.19943276935711146
SESAMUM YIELD (Kg per ha),CASTOR YIELD (Kg per ha),0.19942524073322798,0.19942524073322798
GROUNDNUT YIELD (Kg per ha),FRUITS AREA (1000 ha),0.19917820968622627,0.19917820968622627
MINOR PULSES AREA (1000 ha),LINSEED PRODUCTION (1000 tons),0.19914239230829964,0.19914239230829964
State Code,OILSEEDS YIELD (Kg per ha),-0.1988759425091883,0.1988759425091883
PIGEONPEA YIELD (Kg per ha),LINSEED YIELD (Kg per ha),0.1985387960860323,0.1985387960860323
RABI SORGHUM YIELD (Kg per ha),MAIZE PRODUCTION (1000 tons),0.1985160593754694,0.1985160593754694
SESAMUM PRODUCTION (1000 tons),OILSEEDS PRODUCTION (1000 tons),0.19825823172774126,0.19825823172774126
RABI SORGHUM PRODUCTION (1000 tons),RAPESEED AND MUSTARD YIELD (Kg per ha),-0.1982019483039138,0.1982019483039138
PEARL MILLET PRODUCTION (1000 tons),CASTOR YIELD (Kg per ha),0.19808398965276125,0.19808398965276125
PEARL MILLET YIELD (Kg per ha),PIGEONPEA YIELD (Kg per ha),0.1978782750566111,0.1978782750566111
WHEAT PRODUCTION (1000 tons),MINOR PULSES YIELD (Kg per ha),0.19776381930209874,0.19776381930209874
RABI SORGHUM YIELD (Kg per ha),FINGER MILLET PRODUCTION (1000 tons),0.1977202729293382,0.1977202729293382
KHARIF SORGHUM PRODUCTION (1000 tons),RABI SORGHUM AREA (1000 ha),0.19759468518441192,0.19759468518441192
MAIZE PRODUCTION (1000 tons),SOYABEAN YIELD (Kg per ha),0.1975203835583746,0.1975203835583746
RICE PRODUCTION (1000 tons),SORGHUM AREA (1000 ha),-0.19729522331030175,0.19729522331030175
PEARL MILLET AREA (1000 ha),BARLEY PRODUCTION (1000 tons),0.1972808889111996,0.1972808889111996
RICE PRODUCTION (1000 tons),CHICKPEA AREA (1000 ha),-0.19715880676660116,0.19715880676660116
SUGARCANE YIELD (Kg per ha),FRUITS AREA (1000 ha),0.19695141064677277,0.19695141064677277
MAIZE YIELD (Kg per ha),FINGER MILLET PRODUCTION (1000 tons),0.1966735750884987,0.1966735750884987
SORGHUM YIELD (Kg per ha),MAIZE PRODUCTION (1000 tons),0.19655186933872534,0.19655186933872534
OILSEEDS AREA (1000 ha),COTTON PRODUCTION (1000 tons),0.19643959757519724,0.19643959757519724
SUNFLOWER YIELD (Kg per ha),FRUITS AREA (1000 ha),0.19637089295312937,0.19637089295312937
WHEAT PRODUCTION (1000 tons),SUNFLOWER YIELD (Kg per ha),0.1963103656801351,0.1963103656801351
Dist Code,GROUNDNUT AREA (1000 ha),-0.19626737838447753,0.19626737838447753
Dist Code,PIGEONPEA AREA (1000 ha),-0.1960918454369922,0.1960918454369922
KHARIF SORGHUM PRODUCTION (1000 tons),SUNFLOWER PRODUCTION (1000 tons),0.19592438291781178,0.19592438291781178
RABI SORGHUM AREA (1000 ha),RAPESEED AND MUSTARD YIELD (Kg per ha),-0.19575218684497817,0.19575218684497817
KHARIF SORGHUM YIELD (Kg per ha),CHICKPEA AREA (1000 ha),0.19554857668661962,0.19554857668661962
RAPESEED AND MUSTARD YIELD (Kg per ha),CASTOR PRODUCTION (1000 tons),0.1954960617903664,0.1954960617903664
RICE YIELD (Kg per ha),MINOR PULSES YIELD (Kg per ha),0.19501953284013715,0.19501953284013715
KHARIF SORGHUM PRODUCTION (1000 tons),RAPESEED AND MUSTARD YIELD (Kg per ha),-0.1949407345478715,0.1949407345478715
SORGHUM YIELD (Kg per ha),SUNFLOWER YIELD (Kg per ha),0.19452469167953707,0.19452469167953707
SORGHUM PRODUCTION (1000 tons),SOYABEAN YIELD (Kg per ha),0.1943967340881428,0.1943967340881428
GROUNDNUT AREA (1000 ha),SUNFLOWER AREA (1000 ha),0.19433167017553316,0.19433167017553316
MINOR PULSES AREA (1000 ha),GROUNDNUT YIELD (Kg per ha),0.1941889383792152,0.1941889383792152
BARLEY YIELD (Kg per ha),FRUITS AND VEGETABLES AREA (1000 ha),-0.19407521206085004,0.19407521206085004
PIGEONPEA PRODUCTION (1000 tons),SUNFLOWER AREA (1000 ha),0.19398822441271973,0.19398822441271973
SUNFLOWER YIELD (Kg per ha),SUGARCANE AREA (1000 ha),0.19393928103422353,0.19393928103422353
RABI SORGHUM PRODUCTION (1000 tons),BARLEY YIELD (Kg per ha),-0.1936043168932709,0.1936043168932709
PEARL MILLET YIELD (Kg per ha),GROUNDNUT AREA (1000 ha),0.1932390799621751,0.1932390799621751
RICE YIELD (Kg per ha),KHARIF SORGHUM AREA (1000 ha),-0.1931816375490508,0.1931816375490508
WHEAT PRODUCTION (1000 tons),CHICKPEA YIELD (Kg per ha),0.19240908015468614,0.19240908015468614
SORGHUM AREA (1000 ha),MINOR PULSES AREA (1000 ha),0.19240864166309365,0.19240864166309365
RABI SORGHUM YIELD (Kg per ha),PIGEONPEA AREA (1000 ha),0.1921387068146182,0.1921387068146182
KHARIF SORGHUM AREA (1000 ha),RABI SORGHUM AREA (1000 ha),0.19171376232599102,0.19171376232599102
MINOR PULSES PRODUCTION (1000 tons),MINOR PULSES YIELD (Kg per ha),0.19127525890712366,0.19127525890712366
RABI SORGHUM PRODUCTION (1000 tons),COTTON AREA (1000 ha),0.19081531721794845,0.19081531721794845
MAIZE YIELD (Kg per ha),SUNFLOWER PRODUCTION (1000 tons),0.19062554333956305,0.19062554333956305
SESAMUM PRODUCTION (1000 tons),POTATOES AREA (1000 ha),0.19042295221486535,0.19042295221486535
SORGHUM YIELD (Kg per ha),CHICKPEA YIELD (Kg per ha),0.19036261834529997,0.19036261834529997
RICE PRODUCTION (1000 tons),PEARL MILLET AREA (1000 ha),-0.19025048698227373,0.19025048698227373
WHEAT AREA (1000 ha),FINGER MILLET AREA (1000 ha),-0.19014853575438784,0.19014853575438784
CHICKPEA PRODUCTION (1000 tons),CHICKPEA YIELD (Kg per ha),0.18991850482434355,0.18991850482434355
WHEAT AREA (1000 ha),FODDER AREA (1000 ha),0.1891795625828667,0.1891795625828667
RABI SORGHUM YIELD (Kg per ha),COTTON PRODUCTION (1000 tons),0.18917197017790094,0.18917197017790094
RICE PRODUCTION (1000 tons),OILSEEDS YIELD (Kg per ha),0.18908216404856348,0.18908216404856348
SESAMUM AREA (1000 ha),CASTOR YIELD (Kg per ha),0.1888459693374623,0.1888459693374623
WHEAT YIELD (Kg per ha),FINGER MILLET AREA (1000 ha),-0.18848055296420957,0.18848055296420957
BARLEY YIELD (Kg per ha),CHICKPEA PRODUCTION (1000 tons),0.18843751236685857,0.18843751236685857
Dist Code,SOYABEAN AREA (1000 ha),-0.18819095666300797,0.18819095666300797
RICE AREA (1000 ha),OILSEEDS AREA (1000 ha),-0.1881537498440128,0.1881537498440128
PEARL MILLET YIELD (Kg per ha),RAPESEED AND MUSTARD AREA (1000 ha),0.18766032561487692,0.18766032561487692
RICE YIELD (Kg per ha),FINGER MILLET PRODUCTION (1000 tons),0.18762634944798742,0.18762634944798742
PIGEONPEA YIELD (Kg per ha),SUNFLOWER YIELD (Kg per ha),0.18750673270291268,0.18750673270291268
RABI SORGHUM YIELD (Kg per ha),SUNFLOWER PRODUCTION (1000 tons),0.18746272714961082,0.18746272714961082
CHICKPEA AREA (1000 ha),OILSEEDS PRODUCTION (1000 tons),0.1873152304688227,0.1873152304688227
State Code,SORGHUM PRODUCTION (1000 tons),-0.18672974399048756,0.18672974399048756
RICE PRODUCTION (1000 tons),KHARIF SORGHUM PRODUCTION (1000 tons),-0.18669281791109268,0.18669281791109268
FINGER MILLET YIELD (Kg per ha),RAPESEED AND MUSTARD AREA (1000 ha),-0.1864173887385743,0.1864173887385743
RICE AREA (1000 ha),CHICKPEA PRODUCTION (1000 tons),-0.18627369116598563,0.18627369116598563
KHARIF SORGHUM AREA (1000 ha),SUGARCANE YIELD (Kg per ha),0.186104072761771,0.186104072761771
MAIZE AREA (1000 ha),ONION AREA (1000 ha),0.18609893366172803,0.18609893366172803
MAIZE AREA (1000 ha),MAIZE YIELD (Kg per ha),0.18576467297313362,0.18576467297313362
SAFFLOWER YIELD (Kg per ha),SUGARCANE YIELD (Kg per ha),0.18571512756423925,0.18571512756423925
SOYABEAN YIELD (Kg per ha),OILSEEDS AREA (1000 ha),0.1856105190671892,0.1856105190671892
RICE YIELD (Kg per ha),VEGETABLES AREA (1000 ha),0.18559762162323626,0.18559762162323626
PEARL MILLET PRODUCTION (1000 tons),BARLEY AREA (1000 ha),0.18548295553200447,0.18548295553200447
RICE YIELD (Kg per ha),MINOR PULSES AREA (1000 ha),-0.18539144514079062,0.18539144514079062
GROUNDNUT PRODUCTION (1000 tons),SESAMUM PRODUCTION (1000 tons),0.18522882526978596,0.18522882526978596
CASTOR YIELD (Kg per ha),SUGARCANE YIELD (Kg per ha),0.18518458095009394,0.18518458095009394
Dist Code,COTTON YIELD (Kg per ha),-0.18477613659585737,0.18477613659585737
BARLEY YIELD (Kg per ha),GROUNDNUT PRODUCTION (1000 tons),-0.18471664209681898,0.18471664209681898
Year,LINSEED YIELD (Kg per ha),0.18459362515785827,0.18459362515785827
SORGHUM AREA (1000 ha),GROUNDNUT AREA (1000 ha),0.18450418972726376,0.18450418972726376
SUNFLOWER PRODUCTION (1000 tons),OILSEEDS PRODUCTION (1000 tons),0.18438448981463515,0.18438448981463515
FINGER MILLET AREA (1000 ha),BARLEY YIELD (Kg per ha),-0.1841967098372807,0.1841967098372807
OILSEEDS PRODUCTION (1000 tons),SUGARCANE YIELD (Kg per ha),0.1839014441168982,0.1839014441168982
SUGARCANE YIELD (Kg per ha),COTTON AREA (1000 ha),0.18354090449815166,0.18354090449815166
PEARL MILLET YIELD (Kg per ha),MAIZE YIELD (Kg per ha),0.1833899285764459,0.1833899285764459
Dist Code,LINSEED AREA (1000 ha),-0.183248599454197,0.183248599454197
FINGER MILLET YIELD (Kg per ha),CHICKPEA AREA (1000 ha),-0.18315967884447762,0.18315967884447762
CHICKPEA PRODUCTION (1000 tons),LINSEED PRODUCTION (1000 tons),0.18314577704530632,0.18314577704530632
WHEAT YIELD (Kg per ha),FINGER MILLET PRODUCTION (1000 tons),-0.18313394258480026,0.18313394258480026
KHARIF SORGHUM AREA (1000 ha),MINOR PULSES AREA (1000 ha),0.1830957851741581,0.1830957851741581
WHEAT YIELD (Kg per ha),SUNFLOWER YIELD (Kg per ha),0.1830093708881337,0.1830093708881337
RICE AREA (1000 ha),FRUITS AREA (1000 ha),0.1829957313629049,0.1829957313629049
WHEAT AREA (1000 ha),FRUITS AREA (1000 ha),-0.1829810976033405,0.1829810976033405
RICE YIELD (Kg per ha),LINSEED AREA (1000 ha),-0.18270956569150454,0.18270956569150454
GROUNDNUT YIELD (Kg per ha),VEGETABLES AREA (1000 ha),0.1825722304790458,0.1825722304790458
State Code,COTTON YIELD (Kg per ha),-0.18209613187404272,0.18209613187404272
KHARIF SORGHUM PRODUCTION (1000 tons),MINOR PULSES AREA (1000 ha),0.18201355692908916,0.18201355692908916
KHARIF SORGHUM YIELD (Kg per ha),SUNFLOWER AREA (1000 ha),0.18195902946884002,0.18195902946884002
RICE YIELD (Kg per ha),SUGARCANE AREA (1000 ha),0.18190753464506598,0.18190753464506598
WHEAT YIELD (Kg per ha),SORGHUM AREA (1000 ha),-0.18189338785085848,0.18189338785085848
FINGER MILLET PRODUCTION (1000 tons),CASTOR YIELD (Kg per ha),0.1818397739511134,0.1818397739511134
KHARIF SORGHUM YIELD (Kg per ha),ONION AREA (1000 ha),0.18181759463026556,0.18181759463026556
GROUNDNUT YIELD (Kg per ha),COTTON PRODUCTION (1000 tons),0.18175248658128138,0.18175248658128138
GROUNDNUT AREA (1000 ha),ONION AREA (1000 ha),0.18158747795287777,0.18158747795287777
CASTOR PRODUCTION (1000 tons),COTTON YIELD (Kg per ha),0.18144218072692422,0.18144218072692422
RICE YIELD (Kg per ha),WHEAT AREA (1000 ha),0.18128273723986385,0.18128273723986385
RICE PRODUCTION (1000 tons),SORGHUM PRODUCTION (1000 tons),-0.180995124904545,0.180995124904545
RABI SORGHUM AREA (1000 ha),BARLEY YIELD (Kg per ha),-0.18093123387593335,0.18093123387593335
SAFFLOWER AREA (1000 ha),SUGARCANE YIELD (Kg per ha),0.18008959042613726,0.18008959042613726
SUGARCANE YIELD (Kg per ha),VEGETABLES AREA (1000 ha),0.1800570879871067,0.1800570879871067
Year,VEGETABLES AREA (1000 ha),0.18000108479168658,0.18000108479168658
OILSEEDS AREA (1000 ha),OILSEEDS YIELD (Kg per ha),0.17990695553214606,0.17990695553214606
CHICKPEA AREA (1000 ha),COTTON PRODUCTION (1000 tons),0.179870055824264,0.179870055824264
Year,RAPESEED AND MUSTARD PRODUCTION (1000 tons),0.17956036256625996,0.17956036256625996
SORGHUM YIELD (Kg per ha),OILSEEDS AREA (1000 ha),0.17949320200634128,0.17949320200634128
FINGER MILLET YIELD (Kg per ha),LINSEED YIELD (Kg per ha),-0.1794234294781052,0.1794234294781052
Dist Code,SUGARCANE YIELD (Kg per ha),-0.17934921215904065,0.17934921215904065
CASTOR PRODUCTION (1000 tons),COTTON PRODUCTION (1000 tons),0.17929014042341931,0.17929014042341931
MINOR PULSES PRODUCTION (1000 tons),VEGETABLES AREA (1000 ha),0.17921166535961294,0.17921166535961294
RICE YIELD (Kg per ha),LINSEED PRODUCTION (1000 tons),-0.1791816434271154,0.1791816434271154
SAFFLOWER YIELD (Kg per ha),OILSEEDS AREA (1000 ha),0.17916869027173848,0.17916869027173848
PIGEONPEA AREA (1000 ha),SOYABEAN YIELD (Kg per ha),0.17916091128586079,0.17916091128586079
CHICKPEA PRODUCTION (1000 tons),MINOR PULSES PRODUCTION (1000 tons),0.17886911791496415,0.17886911791496415
CHICKPEA PRODUCTION (1000 tons),RAPESEED AND MUSTARD PRODUCTION (1000 tons),0.1788674071612965,0.1788674071612965
CHICKPEA AREA (1000 ha),COTTON AREA (1000 ha),0.17862037678041948,0.17862037678041948
PEARL MILLET PRODUCTION (1000 tons),CASTOR AREA (1000 ha),0.17840748327784584,0.17840748327784584
KHARIF SORGHUM YIELD (Kg per ha),MAIZE PRODUCTION (1000 tons),0.1782424581896829,0.1782424581896829
PIGEONPEA AREA (1000 ha),SOYABEAN AREA (1000 ha),0.1781001400827695,0.1781001400827695
SORGHUM PRODUCTION (1000 tons),GROUNDNUT AREA (1000 ha),0.17808159394167267,0.17808159394167267
GROUNDNUT PRODUCTION (1000 tons),OILSEEDS YIELD (Kg per ha),0.17781127672976374,0.17781127672976374
SORGHUM AREA (1000 ha),LINSEED AREA (1000 ha),0.17718098506626212,0.17718098506626212
KHARIF SORGHUM AREA (1000 ha),GROUNDNUT AREA (1000 ha),0.17689539277408245,0.17689539277408245
Year,SORGHUM YIELD (Kg per ha),0.1768280536299398,0.1768280536299398
KHARIF SORGHUM YIELD (Kg per ha),OILSEEDS YIELD (Kg per ha),0.17678309120098043,0.17678309120098043
BARLEY YIELD (Kg per ha),CASTOR YIELD (Kg per ha),-0.17656383358076239,0.17656383358076239
PIGEONPEA AREA (1000 ha),MINOR PULSES AREA (1000 ha),0.17648091368152052,0.17648091368152052
KHARIF SORGHUM AREA (1000 ha),LINSEED PRODUCTION (1000 tons),0.1762114289302497,0.1762114289302497
SESAMUM YIELD (Kg per ha),SUGARCANE YIELD (Kg per ha),0.1760321953393173,0.1760321953393173
KHARIF SORGHUM PRODUCTION (1000 tons),SUNFLOWER AREA (1000 ha),0.17592821542859186,0.17592821542859186
OILSEEDS YIELD (Kg per ha),FRUITS AREA (1000 ha),0.175921117524482,0.175921117524482
Year,FRUITS AREA (1000 ha),0.17562065907841382,0.17562065907841382
KHARIF SORGHUM YIELD (Kg per ha),MINOR PULSES PRODUCTION (1000 tons),0.1755781391310901,0.1755781391310901
SUGARCANE YIELD (Kg per ha),ONION AREA (1000 ha),0.1753226743011067,0.1753226743011067
WHEAT YIELD (Kg per ha),FODDER AREA (1000 ha),0.17518550961348744,0.17518550961348744
PEARL MILLET YIELD (Kg per ha),BARLEY PRODUCTION (1000 tons),0.17491360229498604,0.17491360229498604
WHEAT YIELD (Kg per ha),OILSEEDS YIELD (Kg per ha),0.1748334438613571,0.1748334438613571
CHICKPEA PRODUCTION (1000 tons),COTTON PRODUCTION (1000 tons),0.17468824898177207,0.17468824898177207
Dist Code,SOYABEAN PRODUCTION (1000 tons),-0.17418181202486813,0.17418181202486813
OILSEEDS AREA (1000 ha),ONION AREA (1000 ha),0.17399544531211789,0.17399544531211789
SAFFLOWER AREA (1000 ha),LINSEED PRODUCTION (1000 tons),0.17364844157593962,0.17364844157593962
PEARL MILLET PRODUCTION (1000 tons),MINOR PULSES AREA (1000 ha),0.17316978205389424,0.17316978205389424
SORGHUM AREA (1000 ha),PEARL MILLET AREA (1000 ha),0.1731052891557351,0.1731052891557351
CHICKPEA YIELD (Kg per ha),LINSEED YIELD (Kg per ha),0.17302303321048754,0.17302303321048754
KHARIF SORGHUM YIELD (Kg per ha),LINSEED YIELD (Kg per ha),0.17296283745287339,0.17296283745287339
CHICKPEA AREA (1000 ha),RAPESEED AND MUSTARD PRODUCTION (1000 tons),0.172428750962812,0.172428750962812
Dist Code,PEARL MILLET AREA (1000 ha),-0.17238000732318595,0.17238000732318595
RICE YIELD (Kg per ha),BARLEY AREA (1000 ha),-0.1721156894133013,0.1721156894133013
State Code,CHICKPEA AREA (1000 ha),-0.17187783577865837,0.17187783577865837
RAPESEED AND MUSTARD YIELD (Kg per ha),FODDER AREA (1000 ha),0.17178391649076613,0.17178391649076613
GROUNDNUT PRODUCTION (1000 tons),ONION AREA (1000 ha),0.17149410569719514,0.17149410569719514
State Code,SORGHUM AREA (1000 ha),-0.17144140697140473,0.17144140697140473
CHICKPEA AREA (1000 ha),LINSEED AREA (1000 ha),0.17136948420946038,0.17136948420946038
MAIZE PRODUCTION (1000 tons),COTTON YIELD (Kg per ha),0.1711021901467824,0.1711021901467824
RABI SORGHUM AREA (1000 ha),PEARL MILLET AREA (1000 ha),0.17098572274542312,0.17098572274542312
FINGER MILLET PRODUCTION (1000 tons),BARLEY YIELD (Kg per ha),-0.17094502764775932,0.17094502764775932
CHICKPEA AREA (1000 ha),MINOR PULSES AREA (1000 ha),0.17074750143467324,0.17074750143467324
WHEAT AREA (1000 ha),FINGER MILLET PRODUCTION (1000 tons),-0.17041970036228238,0.17041970036228238
Dist Code,PEARL MILLET PRODUCTION (1000 tons),-0.17024120362771017,0.17024120362771017
PEARL MILLET YIELD (Kg per ha),OILSEEDS AREA (1000 ha),0.1702254392942085,0.1702254392942085
GROUNDNUT YIELD (Kg per ha),OILSEEDS AREA (1000 ha),0.1700421312376288,0.1700421312376288
Dist Code,FODDER AREA (1000 ha),-0.16963959074928778,0.16963959074928778
State Code,KHARIF SORGHUM AREA (1000 ha),-0.1696138554210058,0.1696138554210058
RAPESEED AND MUSTARD YIELD (Kg per ha),OILSEEDS PRODUCTION (1000 tons),0.16956005020956974,0.16956005020956974
State Code,CHICKPEA PRODUCTION (1000 tons),-0.1694130668165532,0.1694130668165532
RICE AREA (1000 ha),FODDER AREA (1000 ha),-0.16938486668617414,0.16938486668617414
MINOR PULSES PRODUCTION (1000 tons),FRUITS AND VEGETABLES AREA (1000 ha),0.16912741736505085,0.16912741736505085
MAIZE YIELD (Kg per ha),FINGER MILLET AREA (1000 ha),0.16884265584278382,0.16884265584278382
WHEAT PRODUCTION (1000 tons),PEARL MILLET PRODUCTION (1000 tons),0.16878898332037842,0.16878898332037842
OILSEEDS AREA (1000 ha),SUGARCANE YIELD (Kg per ha),0.16865082607582352,0.16865082607582352
MINOR PULSES YIELD (Kg per ha),OILSEEDS YIELD (Kg per ha),0.1684104041580234,0.1684104041580234
KHARIF SORGHUM YIELD (Kg per ha),SAFFLOWER PRODUCTION (1000 tons),0.16819325844488814,0.16819325844488814
RABI SORGHUM PRODUCTION (1000 tons),SUGARCANE AREA (1000 ha),0.16810981273594253,0.16810981273594253
CHICKPEA AREA (1000 ha),FRUITS AND VEGETABLES AREA (1000 ha),-0.16805248780120238,0.16805248780120238
SAFFLOWER PRODUCTION (1000 tons),LINSEED AREA (1000 ha),0.1680499644950024,0.1680499644950024
KHARIF SORGHUM YIELD (Kg per ha),COTTON AREA (1000 ha),0.16789029287164828,0.16789029287164828
RABI SORGHUM YIELD (Kg per ha),SAFFLOWER YIELD (Kg per ha),0.16775802450708852,0.16775802450708852
RICE PRODUCTION (1000 tons),CHICKPEA PRODUCTION (1000 tons),-0.1672709448889622,0.1672709448889622
FINGER MILLET YIELD (Kg per ha),CHICKPEA PRODUCTION (1000 tons),-0.16720447481452416,0.16720447481452416
State Code,MAIZE YIELD (Kg per ha),-0.16714067107002115,0.16714067107002115
WHEAT PRODUCTION (1000 tons),SUGARCANE AREA (1000 ha),0.16698847564928473,0.16698847564928473
GROUNDNUT YIELD (Kg per ha),SOYABEAN YIELD (Kg per ha),0.16663826139775914,0.16663826139775914
SORGHUM YIELD (Kg per ha),CHICKPEA AREA (1000 ha),0.16632579279294357,0.16632579279294357
KHARIF SORGHUM PRODUCTION (1000 tons),BARLEY YIELD (Kg per ha),-0.1661954561282165,0.1661954561282165
FINGER MILLET AREA (1000 ha),RAPESEED AND MUSTARD YIELD (Kg per ha),-0.1661121830886052,0.1661121830886052
PEARL MILLET AREA (1000 ha),OILSEEDS AREA (1000 ha),0.16577481403973168,0.16577481403973168
RICE PRODUCTION (1000 tons),MINOR PULSES YIELD (Kg per ha),0.1657130655691874,0.1657130655691874
CHICKPEA AREA (1000 ha),FRUITS AREA (1000 ha),-0.1653980742656897,0.1653980742656897
PEARL MILLET AREA (1000 ha),BARLEY YIELD (Kg per ha),0.16539078555789175,0.16539078555789175
KHARIF SORGHUM AREA (1000 ha),RABI SORGHUM YIELD (Kg per ha),0.1651694007940247,0.1651694007940247
RABI SORGHUM YIELD (Kg per ha),BARLEY AREA (1000 ha),-0.16515086964090656,0.16515086964090656
Dist Code,RABI SORGHUM PRODUCTION (1000 tons),-0.16487594326263091,0.16487594326263091
PEARL MILLET YIELD (Kg per ha),SUGARCANE PRODUCTION (1000 tons),0.16483106213158386,0.16483106213158386
RICE YIELD (Kg per ha),CHICKPEA AREA (1000 ha),-0.16479033862832884,0.16479033862832884
BARLEY AREA (1000 ha),RAPESEED AND MUSTARD PRODUCTION (1000 tons),0.16469206861101804,0.16469206861101804
SESAMUM PRODUCTION (1000 tons),SUGARCANE YIELD (Kg per ha),0.16469030091262954,0.16469030091262954
State Code,COTTON PRODUCTION (1000 tons),-0.16442992464447426,0.16442992464447426
Year,MINOR PULSES PRODUCTION (1000 tons),0.1643794460977781,0.1643794460977781
KHARIF SORGHUM YIELD (Kg per ha),SUNFLOWER YIELD (Kg per ha),0.16433815825235948,0.16433815825235948
PIGEONPEA AREA (1000 ha),SOYABEAN PRODUCTION (1000 tons),0.16427533360041285,0.16427533360041285
BARLEY YIELD (Kg per ha),PIGEONPEA AREA (1000 ha),-0.1642248125246877,0.1642248125246877
MAIZE PRODUCTION (1000 tons),SUNFLOWER PRODUCTION (1000 tons),0.16398631395858973,0.16398631395858973
SUNFLOWER PRODUCTION (1000 tons),SUGARCANE YIELD (Kg per ha),0.16385356721253116,0.16385356721253116
MAIZE PRODUCTION (1000 tons),SAFFLOWER YIELD (Kg per ha),0.1636819595253658,0.1636819595253658
SORGHUM AREA (1000 ha),SUGARCANE PRODUCTION (1000 tons),0.16367089027109283,0.16367089027109283
RICE YIELD (Kg per ha),COTTON YIELD (Kg per ha),0.1636038425591696,0.1636038425591696
KHARIF SORGHUM AREA (1000 ha),LINSEED AREA (1000 ha),0.1635335182201003,0.1635335182201003
RICE AREA (1000 ha),SOYABEAN AREA (1000 ha),-0.16332484120180274,0.16332484120180274
MAIZE YIELD (Kg per ha),SAFFLOWER YIELD (Kg per ha),0.16319632867707715,0.16319632867707715
SORGHUM AREA (1000 ha),LINSEED PRODUCTION (1000 tons),0.16309163533858537,0.16309163533858537
MAIZE YIELD (Kg per ha),SOYABEAN YIELD (Kg per ha),0.16302199862934943,0.16302199862934943
WHEAT AREA (1000 ha),SUNFLOWER YIELD (Kg per ha),0.16292860911554513,0.16292860911554513
FINGER MILLET AREA (1000 ha),CASTOR YIELD (Kg per ha),0.162909923461636,0.162909923461636
SORGHUM YIELD (Kg per ha),COTTON AREA (1000 ha),0.1624791294118923,0.1624791294118923
PEARL MILLET YIELD (Kg per ha),SUGARCANE AREA (1000 ha),0.16241538480007536,0.16241538480007536
RICE PRODUCTION (1000 tons),MINOR PULSES PRODUCTION (1000 tons),0.162372041579758,0.162372041579758
RAPESEED AND MUSTARD PRODUCTION (1000 tons),CASTOR PRODUCTION (1000 tons),0.1621786572566656,0.1621786572566656
KHARIF SORGHUM YIELD (Kg per ha),RABI SORGHUM AREA (1000 ha),0.16215366352811214,0.16215366352811214
MINOR PULSES PRODUCTION (1000 tons),LINSEED PRODUCTION (1000 tons),0.16208344492187124,0.16208344492187124
SORGHUM PRODUCTION (1000 tons),COTTON PRODUCTION (1000 tons),0.16199815786391028,0.16199815786391028
WHEAT YIELD (Kg per ha),KHARIF SORGHUM AREA (1000 ha),-0.16184389347259398,0.16184389347259398
SAFFLOWER PRODUCTION (1000 tons),SUGARCANE YIELD (Kg per ha),0.16175127135437525,0.16175127135437525
SORGHUM PRODUCTION (1000 tons),SUGARCANE PRODUCTION (1000 tons),0.16168507257594794,0.16168507257594794
MAIZE AREA (1000 ha),SOYABEAN YIELD (Kg per ha),0.16161994927981937,0.16161994927981937
RABI SORGHUM YIELD (Kg per ha),SUNFLOWER YIELD (Kg per ha),0.1615574737252084,0.1615574737252084
State Code,PIGEONPEA AREA (1000 ha),-0.16154807686173106,0.16154807686173106
State Code,KHARIF SORGHUM PRODUCTION (1000 tons),-0.1614249792307231,0.1614249792307231
WHEAT YIELD (Kg per ha),OILSEEDS PRODUCTION (1000 tons),0.1613977256187196,0.1613977256187196
WHEAT YIELD (Kg per ha),SORGHUM PRODUCTION (1000 tons),-0.16133517851057624,0.16133517851057624
WHEAT PRODUCTION (1000 tons),RABI SORGHUM YIELD (Kg per ha),-0.1610277293892182,0.1610277293892182
PEARL MILLET PRODUCTION (1000 tons),SESAMUM AREA (1000 ha),0.16098265631457523,0.16098265631457523
SUNFLOWER AREA (1000 ha),OILSEEDS PRODUCTION (1000 tons),0.16072578045053623,0.16072578045053623
Year,COTTON YIELD (Kg per ha),0.16065505591952411,0.16065505591952411
WHEAT YIELD (Kg per ha),SUGARCANE AREA (1000 ha),0.16061188243599325,0.16061188243599325
MINOR PULSES AREA (1000 ha),SAFFLOWER PRODUCTION (1000 tons),0.1601122468268376,0.1601122468268376
CASTOR YIELD (Kg per ha),OILSEEDS YIELD (Kg per ha),0.1599940795553148,0.1599940795553148
Dist Code,GROUNDNUT PRODUCTION (1000 tons),-0.15971949191782064,0.15971949191782064
WHEAT PRODUCTION (1000 tons),CHICKPEA PRODUCTION (1000 tons),0.15942568497212725,0.15942568497212725
Year,COTTON PRODUCTION (1000 tons),0.1592707141945156,0.1592707141945156
SESAMUM YIELD (Kg per ha),POTATOES AREA (1000 ha),0.15912996652442024,0.15912996652442024
BARLEY YIELD (Kg per ha),MINOR PULSES YIELD (Kg per ha),0.15908048349032367,0.15908048349032367
SORGHUM YIELD (Kg per ha),LINSEED YIELD (Kg per ha),0.15900831460714504,0.15900831460714504
RICE AREA (1000 ha),MINOR PULSES AREA (1000 ha),0.15850856598796628,0.15850856598796628
KHARIF SORGHUM AREA (1000 ha),SORGHUM YIELD (Kg per ha),0.1580477582745755,0.1580477582745755
PIGEONPEA YIELD (Kg per ha),POTATOES AREA (1000 ha),0.15802174161195667,0.15802174161195667
RICE AREA (1000 ha),SESAMUM PRODUCTION (1000 tons),0.15799977249619568,0.15799977249619568
SORGHUM PRODUCTION (1000 tons),OILSEEDS PRODUCTION (1000 tons),0.15791711718701282,0.15791711718701282
PIGEONPEA AREA (1000 ha),SUGARCANE YIELD (Kg per ha),0.15757397067390333,0.15757397067390333
WHEAT YIELD (Kg per ha),COTTON PRODUCTION (1000 tons),0.15748811108104932,0.15748811108104932
BARLEY YIELD (Kg per ha),PIGEONPEA YIELD (Kg per ha),0.1572016272369217,0.1572016272369217
KHARIF SORGHUM AREA (1000 ha),SESAMUM AREA (1000 ha),0.15718995209840356,0.15718995209840356
Dist Code,LINSEED PRODUCTION (1000 tons),-0.15681420116852948,0.15681420116852948
CHICKPEA YIELD (Kg per ha),SUNFLOWER YIELD (Kg per ha),0.1568016686589891,0.1568016686589891
WHEAT YIELD (Kg per ha),CHICKPEA PRODUCTION (1000 tons),0.15679125381237238,0.15679125381237238
WHEAT PRODUCTION (1000 tons),BARLEY AREA (1000 ha),0.15667154860280286,0.15667154860280286
RICE PRODUCTION (1000 tons),PEARL MILLET PRODUCTION (1000 tons),-0.1565390892953867,0.1565390892953867
WHEAT AREA (1000 ha),GROUNDNUT AREA (1000 ha),-0.15619535974216178,0.15619535974216178
RABI SORGHUM PRODUCTION (1000 tons),GROUNDNUT AREA (1000 ha),0.15578681516202364,0.15578681516202364
RABI SORGHUM PRODUCTION (1000 tons),SOYABEAN YIELD (Kg per ha),0.15577388401268535,0.15577388401268535
RABI SORGHUM AREA (1000 ha),SUGARCANE AREA (1000 ha),0.15563378996967472,0.15563378996967472
MINOR PULSES PRODUCTION (1000 tons),LINSEED YIELD (Kg per ha),0.15539854800665515,0.15539854800665515
PIGEONPEA AREA (1000 ha),LINSEED AREA (1000 ha),0.15533679424032995,0.15533679424032995
SAFFLOWER YIELD (Kg per ha),SUNFLOWER YIELD (Kg per ha),0.15531680250707633,0.15531680250707633
FINGER MILLET YIELD (Kg per ha),RAPESEED AND MUSTARD PRODUCTION (1000 tons),-0.15525611146549756,0.15525611146549756
RICE YIELD (Kg per ha),SOYABEAN AREA (1000 ha),-0.15508044669839124,0.15508044669839124
KHARIF SORGHUM AREA (1000 ha),POTATOES AREA (1000 ha),-0.15478793557420437,0.15478793557420437
PEARL MILLET YIELD (Kg per ha),CASTOR PRODUCTION (1000 tons),0.15473903210677356,0.15473903210677356
Dist Code,PIGEONPEA PRODUCTION (1000 tons),-0.15472414674960738,0.15472414674960738
CASTOR AREA (1000 ha),COTTON YIELD (Kg per ha),0.15465454130540432,0.15465454130540432
KHARIF SORGHUM YIELD (Kg per ha),CHICKPEA YIELD (Kg per ha),0.1545840495376284,0.1545840495376284
RICE AREA (1000 ha),COTTON AREA (1000 ha),-0.1544844494996405,0.1544844494996405
RICE AREA (1000 ha),SUNFLOWER YIELD (Kg per ha),0.15445517044193513,0.15445517044193513
SORGHUM YIELD (Kg per ha),COTTON YIELD (Kg per ha),0.15444826714590787,0.15444826714590787
MINOR PULSES PRODUCTION (1000 tons),SUNFLOWER YIELD (Kg per ha),0.1544440112656284,0.1544440112656284
OILSEEDS YIELD (Kg per ha),COTTON PRODUCTION (1000 tons),0.15430796112055298,0.15430796112055298
CASTOR PRODUCTION (1000 tons),OILSEEDS AREA (1000 ha),0.1540104017135118,0.1540104017135118
RABI SORGHUM PRODUCTION (1000 tons),PEARL MILLET AREA (1000 ha),0.15373022429019553,0.15373022429019553
Year,RAPESEED AND MUSTARD AREA (1000 ha),0.15371392313854895,0.15371392313854895
RABI SORGHUM YIELD (Kg per ha),SUNFLOWER AREA (1000 ha),0.15368260000974263,0.15368260000974263
RICE AREA (1000 ha),SOYABEAN PRODUCTION (1000 tons),-0.1534373224379262,0.1534373224379262
CHICKPEA PRODUCTION (1000 tons),FRUITS AREA (1000 ha),-0.15332483849700093,0.15332483849700093
GROUNDNUT AREA (1000 ha),COTTON PRODUCTION (1000 tons),0.1532625973710335,0.1532625973710335
SESAMUM YIELD (Kg per ha),LINSEED YIELD (Kg per ha),0.15314988702294868,0.15314988702294868
SAFFLOWER PRODUCTION (1000 tons),LINSEED PRODUCTION (1000 tons),0.15298158016438496,0.15298158016438496
State Code,FINGER MILLET AREA (1000 ha),-0.15271323398121492,0.15271323398121492
RABI SORGHUM AREA (1000 ha),RABI SORGHUM YIELD (Kg per ha),0.15261380783948345,0.15261380783948345
Dist Code,RABI SORGHUM AREA (1000 ha),-0.15258756871578685,0.15258756871578685
RAPESEED AND MUSTARD PRODUCTION (1000 tons),COTTON PRODUCTION (1000 tons),0.15198940840757175,0.15198940840757175
RICE YIELD (Kg per ha),MAIZE PRODUCTION (1000 tons),0.15184806976478823,0.15184806976478823
KHARIF SORGHUM PRODUCTION (1000 tons),SOYABEAN YIELD (Kg per ha),0.1518367292731244,0.1518367292731244
KHARIF SORGHUM AREA (1000 ha),VEGETABLES AREA (1000 ha),-0.15178508904291474,0.15178508904291474
PEARL MILLET YIELD (Kg per ha),COTTON AREA (1000 ha),0.15162744919175494,0.15162744919175494
WHEAT YIELD (Kg per ha),LINSEED AREA (1000 ha),-0.1515084236503622,0.1515084236503622
WHEAT AREA (1000 ha),CASTOR YIELD (Kg per ha),-0.15141143987045536,0.15141143987045536
KHARIF SORGHUM YIELD (Kg per ha),FINGER MILLET YIELD (Kg per ha),0.15139828627674118,0.15139828627674118
MAIZE YIELD (Kg per ha),BARLEY AREA (1000 ha),-0.15113497518637428,0.15113497518637428
RICE YIELD (Kg per ha),WHEAT YIELD (Kg per ha),0.1510189798159506,0.1510189798159506
MINOR PULSES YIELD (Kg per ha),SUNFLOWER YIELD (Kg per ha),0.15085944557057984,0.15085944557057984
CHICKPEA PRODUCTION (1000 tons),FRUITS AND VEGETABLES AREA (1000 ha),-0.1508490071242304,0.1508490071242304
Year,CASTOR YIELD (Kg per ha),0.1508383038552145,0.1508383038552145
RICE PRODUCTION (1000 tons),OILSEEDS AREA (1000 ha),-0.15068017787815316,0.15068017787815316
GROUNDNUT YIELD (Kg per ha),SESAMUM AREA (1000 ha),0.15066875233059254,0.15066875233059254
BARLEY AREA (1000 ha),SESAMUM YIELD (Kg per ha),-0.15054977446875248,0.15054977446875248
Dist Code,COTTON PRODUCTION (1000 tons),-0.15046750230441938,0.15046750230441938
SUNFLOWER PRODUCTION (1000 tons),SUNFLOWER YIELD (Kg per ha),0.15041202485394978,0.15041202485394978
RAPESEED AND MUSTARD PRODUCTION (1000 tons),OILSEEDS YIELD (Kg per ha),0.15008361467653134,0.15008361467653134
BARLEY YIELD (Kg per ha),CHICKPEA AREA (1000 ha),0.14998499527339273,0.14998499527339273
KHARIF SORGHUM AREA (1000 ha),BARLEY YIELD (Kg per ha),-0.1499095819860972,0.1499095819860972
PEARL MILLET AREA (1000 ha),PIGEONPEA YIELD (Kg per ha),-0.14986411584029827,0.14986411584029827
FINGER MILLET YIELD (Kg per ha),SUNFLOWER YIELD (Kg per ha),0.14938592794579564,0.14938592794579564
RABI SORGHUM YIELD (Kg per ha),BARLEY PRODUCTION (1000 tons),-0.14932717050436933,0.14932717050436933
COTTON YIELD (Kg per ha),FRUITS AREA (1000 ha),0.14924543251464292,0.14924543251464292
SORGHUM PRODUCTION (1000 tons),LINSEED AREA (1000 ha),0.149152513666437,0.149152513666437
BARLEY YIELD (Kg per ha),SUGARCANE YIELD (Kg per ha),-0.14914794375137008,0.14914794375137008
PEARL MILLET AREA (1000 ha),CHICKPEA AREA (1000 ha),0.14914619558161102,0.14914619558161102
PEARL MILLET PRODUCTION (1000 tons),ONION AREA (1000 ha),0.1488830010414635,0.1488830010414635
CHICKPEA YIELD (Kg per ha),SOYABEAN YIELD (Kg per ha),0.14873913161659227,0.14873913161659227
CHICKPEA AREA (1000 ha),MINOR PULSES PRODUCTION (1000 tons),0.14860921871283705,0.14860921871283705
MAIZE YIELD (Kg per ha),SUNFLOWER AREA (1000 ha),0.1485210398324215,0.1485210398324215
SORGHUM PRODUCTION (1000 tons),CHICKPEA AREA (1000 ha),0.14851405856639838,0.14851405856639838
FINGER MILLET PRODUCTION (1000 tons),RAPESEED AND MUSTARD YIELD (Kg per ha),-0.1484705614847521,0.1484705614847521
SORGHUM PRODUCTION (1000 tons),LINSEED PRODUCTION (1000 tons),0.14832570534397757,0.14832570534397757
KHARIF SORGHUM AREA (1000 ha),FRUITS AND VEGETABLES AREA (1000 ha),-0.14759226821347077,0.14759226821347077
KHARIF SORGHUM YIELD (Kg per ha),SAFFLOWER AREA (1000 ha),0.1475822587639018,0.1475822587639018
SESAMUM YIELD (Kg per ha),RAPESEED AND MUSTARD YIELD (Kg per ha),0.14758068029775603,0.14758068029775603
Dist Code,OILSEEDS YIELD (Kg per ha),-0.14753875340543576,0.14753875340543576
MAIZE PRODUCTION (1000 tons),COTTON PRODUCTION (1000 tons),0.14724915474134045,0.14724915474134045
KHARIF SORGHUM YIELD (Kg per ha),LINSEED PRODUCTION (1000 tons),0.14720784458201952,0.14720784458201952
GROUNDNUT PRODUCTION (1000 tons),SUNFLOWER PRODUCTION (1000 tons),0.14709640586662287,0.14709640586662287
RABI SORGHUM AREA (1000 ha),COTTON AREA (1000 ha),0.14688727612658073,0.14688727612658073
MAIZE AREA (1000 ha),LINSEED YIELD (Kg per ha),0.1467930730131565,0.1467930730131565
RICE YIELD (Kg per ha),POTATOES AREA (1000 ha),0.14674565895112804,0.14674565895112804
RAPESEED AND MUSTARD YIELD (Kg per ha),CASTOR YIELD (Kg per ha),0.14654338636695705,0.14654338636695705
WHEAT AREA (1000 ha),POTATOES AREA (1000 ha),0.14646672610125794,0.14646672610125794
RICE YIELD (Kg per ha),FINGER MILLET AREA (1000 ha),0.1461320385637663,0.1461320385637663
SESAMUM YIELD (Kg per ha),OILSEEDS PRODUCTION (1000 tons),0.14607041465807608,0.14607041465807608
WHEAT AREA (1000 ha),PEARL MILLET PRODUCTION (1000 tons),0.1460270622232418,0.1460270622232418
GROUNDNUT AREA (1000 ha),COTTON AREA (1000 ha),0.14601587841993438,0.14601587841993438
FINGER MILLET PRODUCTION (1000 tons),FRUITS AREA (1000 ha),0.14597532364338853,0.14597532364338853
SORGHUM YIELD (Kg per ha),COTTON PRODUCTION (1000 tons),0.14589942450739193,0.14589942450739193
Year,POTATOES AREA (1000 ha),0.1458511836795379,0.1458511836795379
CHICKPEA PRODUCTION (1000 tons),COTTON AREA (1000 ha),0.14570262810644136,0.14570262810644136
RICE AREA (1000 ha),OILSEEDS PRODUCTION (1000 tons),-0.1456217983159234,0.1456217983159234
State Code,MINOR PULSES AREA (1000 ha),-0.1452787788350134,0.1452787788350134
SAFFLOWER PRODUCTION (1000 tons),ONION AREA (1000 ha),0.14525455516515023,0.14525455516515023
SESAMUM PRODUCTION (1000 tons),COTTON YIELD (Kg per ha),0.1451710884357765,0.1451710884357765
RICE PRODUCTION (1000 tons),SOYABEAN AREA (1000 ha),-0.14508428090416084,0.14508428090416084
RICE PRODUCTION (1000 tons),BARLEY AREA (1000 ha),-0.14498934077637712,0.14498934077637712
RAPESEED AND MUSTARD AREA (1000 ha),LINSEED YIELD (Kg per ha),0.14432552423623565,0.14432552423623565
RICE PRODUCTION (1000 tons),FINGER MILLET YIELD (Kg per ha),0.14403184884667852,0.14403184884667852
MAIZE PRODUCTION (1000 tons),GROUNDNUT YIELD (Kg per ha),0.14394129071815434,0.14394129071815434
PEARL MILLET PRODUCTION (1000 tons),GROUNDNUT YIELD (Kg per ha),0.14377667938480962,0.14377667938480962
BARLEY YIELD (Kg per ha),SAFFLOWER AREA (1000 ha),-0.14366193090942994,0.14366193090942994
FINGER MILLET YIELD (Kg per ha),BARLEY PRODUCTION (1000 tons),-0.1433182902164459,0.1433182902164459
RAPESEED AND MUSTARD YIELD (Kg per ha),SAFFLOWER AREA (1000 ha),-0.14331607804338806,0.14331607804338806
RABI SORGHUM YIELD (Kg per ha),PIGEONPEA PRODUCTION (1000 tons),0.14328314776401402,0.14328314776401402
SORGHUM YIELD (Kg per ha),FINGER MILLET YIELD (Kg per ha),0.14322880212650432,0.14322880212650432
WHEAT AREA (1000 ha),SAFFLOWER YIELD (Kg per ha),-0.14271446680585503,0.14271446680585503
MAIZE PRODUCTION (1000 tons),SESAMUM YIELD (Kg per ha),0.1426429428918756,0.1426429428918756
SUNFLOWER AREA (1000 ha),SUGARCANE YIELD (Kg per ha),0.14249145585666512,0.14249145585666512
WHEAT YIELD (Kg per ha),SOYABEAN YIELD (Kg per ha),0.14239833278353745,0.14239833278353745
RABI SORGHUM PRODUCTION (1000 tons),MINOR PULSES AREA (1000 ha),0.14233472939555075,0.14233472939555075
BARLEY AREA (1000 ha),FRUITS AREA (1000 ha),-0.14230913869310557,0.14230913869310557
SESAMUM AREA (1000 ha),OILSEEDS PRODUCTION (1000 tons),0.14217686499229884,0.14217686499229884
CASTOR YIELD (Kg per ha),ONION AREA (1000 ha),0.14217338479372768,0.14217338479372768
Year,WHEAT AREA (1000 ha),0.14204224021292136,0.14204224021292136
RICE AREA (1000 ha),LINSEED AREA (1000 ha),0.14199360287803298,0.14199360287803298
RAPESEED AND MUSTARD YIELD (Kg per ha),SAFFLOWER YIELD (Kg per ha),-0.14186546021056615,0.14186546021056615
WHEAT PRODUCTION (1000 tons),COTTON AREA (1000 ha),0.14177286744187736,0.14177286744187736
State Code,FINGER MILLET PRODUCTION (1000 tons),-0.14174120452061761,0.14174120452061761
GROUNDNUT YIELD (Kg per ha),CASTOR PRODUCTION (1000 tons),0.14165540010465272,0.14165540010465272
RABI SORGHUM YIELD (Kg per ha),SUGARCANE PRODUCTION (1000 tons),0.14163208844002823,0.14163208844002823
MAIZE YIELD (Kg per ha),CHICKPEA YIELD (Kg per ha),0.14148483627460426,0.14148483627460426
KHARIF SORGHUM PRODUCTION (1000 tons),COTTON PRODUCTION (1000 tons),0.1414823401836138,0.1414823401836138
WHEAT YIELD (Kg per ha),SOYABEAN PRODUCTION (1000 tons),0.14129369341078724,0.14129369341078724
KHARIF SORGHUM YIELD (Kg per ha),GROUNDNUT PRODUCTION (1000 tons),0.1412861435285528,0.1412861435285528
Year,KHARIF SORGHUM YIELD (Kg per ha),0.1412846905377933,0.1412846905377933
State Code,PIGEONPEA PRODUCTION (1000 tons),-0.14119460962145525,0.14119460962145525
PIGEONPEA AREA (1000 ha),LINSEED PRODUCTION (1000 tons),0.14117465011792288,0.14117465011792288
SESAMUM YIELD (Kg per ha),FRUITS AREA (1000 ha),0.14108500856628922,0.14108500856628922
RABI SORGHUM YIELD (Kg per ha),LINSEED YIELD (Kg per ha),-0.1409141506111518,0.1409141506111518
PEARL MILLET PRODUCTION (1000 tons),SESAMUM PRODUCTION (1000 tons),0.1407166753650966,0.1407166753650966
RABI SORGHUM PRODUCTION (1000 tons),CHICKPEA AREA (1000 ha),0.14040026822835505,0.14040026822835505
State Code,SOYABEAN AREA (1000 ha),-0.14036638097291315,0.14036638097291315
PEARL MILLET AREA (1000 ha),SAFFLOWER AREA (1000 ha),0.14031839733207693,0.14031839733207693
KHARIF SORGHUM PRODUCTION (1000 tons),LINSEED PRODUCTION (1000 tons),0.14002756848082373,0.14002756848082373
PEARL MILLET PRODUCTION (1000 tons),CHICKPEA AREA (1000 ha),0.13998472122438463,0.13998472122438463
WHEAT PRODUCTION (1000 tons),SORGHUM AREA (1000 ha),-0.13971112557220003,0.13971112557220003
SORGHUM YIELD (Kg per ha),GROUNDNUT PRODUCTION (1000 tons),0.1393178454751361,0.1393178454751361
PEARL MILLET AREA (1000 ha),COTTON YIELD (Kg per ha),0.1392834897943715,0.1392834897943715
BARLEY AREA (1000 ha),SAFFLOWER YIELD (Kg per ha),-0.1390555676755825,0.1390555676755825
WHEAT PRODUCTION (1000 tons),SORGHUM PRODUCTION (1000 tons),-0.1388401712240879,0.1388401712240879
PEARL MILLET YIELD (Kg per ha),MINOR PULSES YIELD (Kg per ha),0.1385771889553528,0.1385771889553528
PIGEONPEA AREA (1000 ha),RAPESEED AND MUSTARD YIELD (Kg per ha),-0.13848247890141627,0.13848247890141627
RICE PRODUCTION (1000 tons),WHEAT AREA (1000 ha),0.1384333508740328,0.1384333508740328
MAIZE YIELD (Kg per ha),VEGETABLES AREA (1000 ha),0.13820821731509905,0.13820821731509905
LINSEED YIELD (Kg per ha),FRUITS AREA (1000 ha),-0.13808976765080924,0.13808976765080924
State Code,SESAMUM YIELD (Kg per ha),-0.13789986256976686,0.13789986256976686
Year,LINSEED AREA (1000 ha),-0.13788741575732838,0.13788741575732838
WHEAT PRODUCTION (1000 tons),FINGER MILLET AREA (1000 ha),-0.13780981789679347,0.13780981789679347
GROUNDNUT AREA (1000 ha),SESAMUM PRODUCTION (1000 tons),0.13780127899190445,0.13780127899190445
RABI SORGHUM YIELD (Kg per ha),RAPESEED AND MUSTARD AREA (1000 ha),-0.13740612920153325,0.13740612920153325
KHARIF SORGHUM YIELD (Kg per ha),COTTON YIELD (Kg per ha),0.13730706495624476,0.13730706495624476
Year,PIGEONPEA YIELD (Kg per ha),0.13703525214121592,0.13703525214121592
PEARL MILLET AREA (1000 ha),CASTOR AREA (1000 ha),0.13670880482251355,0.13670880482251355
RICE AREA (1000 ha),BARLEY YIELD (Kg per ha),-0.13662556843916954,0.13662556843916954
RICE AREA (1000 ha),SOYABEAN YIELD (Kg per ha),-0.13642201890668745,0.13642201890668745
CHICKPEA YIELD (Kg per ha),GROUNDNUT YIELD (Kg per ha),0.13632784945693155,0.13632784945693155
SAFFLOWER YIELD (Kg per ha),COTTON PRODUCTION (1000 tons),0.13631331844836533,0.13631331844836533
WHEAT AREA (1000 ha),SUGARCANE PRODUCTION (1000 tons),0.13622816963000262,0.13622816963000262
FINGER MILLET PRODUCTION (1000 tons),GROUNDNUT AREA (1000 ha),0.13615702373495933,0.13615702373495933
FINGER MILLET AREA (1000 ha),FRUITS AREA (1000 ha),0.1361274847660535,0.1361274847660535
COTTON YIELD (Kg per ha),ONION AREA (1000 ha),0.13599302298440288,0.13599302298440288
PEARL MILLET AREA (1000 ha),BARLEY AREA (1000 ha),0.13590451067594642,0.13590451067594642
GROUNDNUT YIELD (Kg per ha),SOYABEAN PRODUCTION (1000 tons),0.13577797323868931,0.13577797323868931
SESAMUM YIELD (Kg per ha),SAFFLOWER YIELD (Kg per ha),0.13574344916139006,0.13574344916139006
Year,SORGHUM AREA (1000 ha),-0.1356458971954728,0.1356458971954728
WHEAT PRODUCTION (1000 tons),KHARIF SORGHUM AREA (1000 ha),-0.13497735804202438,0.13497735804202438
MINOR PULSES AREA (1000 ha),SAFFLOWER YIELD (Kg per ha),0.1346651400946161,0.1346651400946161
KHARIF SORGHUM YIELD (Kg per ha),SUGARCANE PRODUCTION (1000 tons),0.1346636183612484,0.1346636183612484
LINSEED AREA (1000 ha),LINSEED YIELD (Kg per ha),0.13459437634588947,0.13459437634588947
PIGEONPEA PRODUCTION (1000 tons),MINOR PULSES PRODUCTION (1000 tons),0.13436742963843554,0.13436742963843554
OILSEEDS AREA (1000 ha),POTATOES AREA (1000 ha),-0.13421947509334728,0.13421947509334728
KHARIF SORGHUM YIELD (Kg per ha),CASTOR YIELD (Kg per ha),0.1340945757435227,0.1340945757435227
State Code,WHEAT AREA (1000 ha),-0.13408580527125874,0.13408580527125874
PEARL MILLET AREA (1000 ha),CASTOR YIELD (Kg per ha),0.13407380445956396,0.13407380445956396
RAPESEED AND MUSTARD AREA (1000 ha),CASTOR PRODUCTION (1000 tons),0.13391382840757077,0.13391382840757077
MAIZE PRODUCTION (1000 tons),SUNFLOWER AREA (1000 ha),0.13379405658730686,0.13379405658730686
WHEAT AREA (1000 ha),MINOR PULSES YIELD (Kg per ha),0.13371269249291554,0.13371269249291554
RICE PRODUCTION (1000 tons),SOYABEAN PRODUCTION (1000 tons),-0.13368562188576005,0.13368562188576005
WHEAT PRODUCTION (1000 tons),POTATOES AREA (1000 ha),0.13363134261899187,0.13363134261899187
KHARIF SORGHUM AREA (1000 ha),SUNFLOWER PRODUCTION (1000 tons),0.1336024157504067,0.1336024157504067
SAFFLOWER AREA (1000 ha),ONION AREA (1000 ha),0.13344833915333437,0.13344833915333437
OILSEEDS PRODUCTION (1000 tons),ONION AREA (1000 ha),0.13330837948762414,0.13330837948762414
BARLEY AREA (1000 ha),FODDER AREA (1000 ha),0.1332528936116447,0.1332528936116447
WHEAT PRODUCTION (1000 tons),MINOR PULSES AREA (1000 ha),-0.13320188402654862,0.13320188402654862
SESAMUM AREA (1000 ha),COTTON YIELD (Kg per ha),0.13316842605925627,0.13316842605925627
KHARIF SORGHUM YIELD (Kg per ha),GROUNDNUT AREA (1000 ha),0.13315342023386462,0.13315342023386462
RABI SORGHUM PRODUCTION (1000 tons),COTTON YIELD (Kg per ha),0.13307642586863774,0.13307642586863774
CHICKPEA YIELD (Kg per ha),OILSEEDS YIELD (Kg per ha),0.13290897251378433,0.13290897251378433
FINGER MILLET YIELD (Kg per ha),SESAMUM YIELD (Kg per ha),0.1328442453386115,0.1328442453386115
State Code,PEARL MILLET PRODUCTION (1000 tons),-0.13276775408866517,0.13276775408866517
RAPESEED AND MUSTARD PRODUCTION (1000 tons),LINSEED YIELD (Kg per ha),0.13273584224616597,0.13273584224616597
MINOR PULSES PRODUCTION (1000 tons),LINSEED AREA (1000 ha),0.13254716409971157,0.13254716409971157
WHEAT YIELD (Kg per ha),RABI SORGHUM PRODUCTION (1000 tons),-0.13253035486274856,0.13253035486274856
MAIZE YIELD (Kg per ha),MINOR PULSES YIELD (Kg per ha),0.13250617479913276,0.13250617479913276
WHEAT YIELD (Kg per ha),RABI SORGHUM AREA (1000 ha),-0.13246502656750594,0.13246502656750594
SORGHUM YIELD (Kg per ha),SAFFLOWER YIELD (Kg per ha),0.13236108676496253,0.13236108676496253
PIGEONPEA PRODUCTION (1000 tons),MINOR PULSES AREA (1000 ha),0.13229603658781533,0.13229603658781533
CHICKPEA AREA (1000 ha),SUNFLOWER PRODUCTION (1000 tons),0.13202306016881818,0.13202306016881818
State Code,SUNFLOWER PRODUCTION (1000 tons),-0.13200359950810428,0.13200359950810428
SORGHUM AREA (1000 ha),POTATOES AREA (1000 ha),-0.13183564109830684,0.13183564109830684
SESAMUM YIELD (Kg per ha),COTTON YIELD (Kg per ha),0.1318005190444063,0.1318005190444063
PEARL MILLET PRODUCTION (1000 tons),CHICKPEA PRODUCTION (1000 tons),0.13169830622142054,0.13169830622142054
PEARL MILLET AREA (1000 ha),CASTOR PRODUCTION (1000 tons),0.13167844900777056,0.13167844900777056
BARLEY YIELD (Kg per ha),SUGARCANE AREA (1000 ha),0.13158727211158774,0.13158727211158774
CASTOR AREA (1000 ha),COTTON PRODUCTION (1000 tons),0.13155872263308308,0.13155872263308308
RABI SORGHUM AREA (1000 ha),MINOR PULSES AREA (1000 ha),0.13154771282348965,0.13154771282348965
FINGER MILLET PRODUCTION (1000 tons),GROUNDNUT PRODUCTION (1000 tons),0.1313626778310666,0.1313626778310666
WHEAT PRODUCTION (1000 tons),OILSEEDS YIELD (Kg per ha),0.13131486584922641,0.13131486584922641
KHARIF SORGHUM PRODUCTION (1000 tons),OILSEEDS PRODUCTION (1000 tons),0.1312190117189147,0.1312190117189147
FINGER MILLET AREA (1000 ha),GROUNDNUT AREA (1000 ha),0.13109597880077062,0.13109597880077062
RICE PRODUCTION (1000 tons),COTTON YIELD (Kg per ha),0.1310485700084367,0.1310485700084367
State Code,MINOR PULSES PRODUCTION (1000 tons),-0.13101827781045897,0.13101827781045897
WHEAT YIELD (Kg per ha),SOYABEAN AREA (1000 ha),0.1309945299893417,0.1309945299893417
WHEAT AREA (1000 ha),GROUNDNUT PRODUCTION (1000 tons),-0.13099035226835107,0.13099035226835107
RICE AREA (1000 ha),PIGEONPEA YIELD (Kg per ha),0.13080547114799276,0.13080547114799276
SAFFLOWER YIELD (Kg per ha),VEGETABLES AREA (1000 ha),0.13079163375139197,0.13079163375139197
RICE YIELD (Kg per ha),SOYABEAN PRODUCTION (1000 tons),-0.13066757879285834,0.13066757879285834
MINOR PULSES AREA (1000 ha),OILSEEDS AREA (1000 ha),0.13050484867444592,0.13050484867444592
SORGHUM AREA (1000 ha),CHICKPEA AREA (1000 ha),0.1304405753672154,0.1304405753672154
PEARL MILLET AREA (1000 ha),RAPESEED AND MUSTARD YIELD (Kg per ha),0.13033405589017863,0.13033405589017863
SUGARCANE YIELD (Kg per ha),COTTON PRODUCTION (1000 tons),0.13030908847639278,0.13030908847639278
State Code,RABI SORGHUM PRODUCTION (1000 tons),-0.13020569753375,0.13020569753375
Year,SUGARCANE PRODUCTION (1000 tons),0.13017554709862986,0.13017554709862986
RAPESEED AND MUSTARD AREA (1000 ha),COTTON PRODUCTION (1000 tons),0.1301750352291673,0.1301750352291673
RICE AREA (1000 ha),BARLEY PRODUCTION (1000 tons),-0.13014457808237934,0.13014457808237934
PIGEONPEA AREA (1000 ha),MINOR PULSES PRODUCTION (1000 tons),0.13010680722134318,0.13010680722134318
RICE AREA (1000 ha),SUGARCANE YIELD (Kg per ha),0.12999167230021139,0.12999167230021139
OILSEEDS PRODUCTION (1000 tons),FODDER AREA (1000 ha),0.12998632105009644,0.12998632105009644
LINSEED PRODUCTION (1000 tons),COTTON YIELD (Kg per ha),-0.12995008086114831,0.12995008086114831
CHICKPEA PRODUCTION (1000 tons),PIGEONPEA YIELD (Kg per ha),0.12978766865266084,0.12978766865266084
RABI SORGHUM YIELD (Kg per ha),POTATOES AREA (1000 ha),-0.12964951313212414,0.12964951313212414
BARLEY YIELD (Kg per ha),COTTON AREA (1000 ha),-0.1295816575287656,0.1295816575287656
FINGER MILLET AREA (1000 ha),LINSEED YIELD (Kg per ha),-0.1295466851545068,0.1295466851545068
LINSEED PRODUCTION (1000 tons),FRUITS AREA (1000 ha),-0.12935422473977923,0.12935422473977923
KHARIF SORGHUM AREA (1000 ha),SUNFLOWER AREA (1000 ha),0.12929327285966782,0.12929327285966782
WHEAT AREA (1000 ha),FRUITS AND VEGETABLES AREA (1000 ha),-0.1291240638442593,0.1291240638442593
MINOR PULSES PRODUCTION (1000 tons),OILSEEDS YIELD (Kg per ha),0.12911547325835618,0.12911547325835618
RABI SORGHUM PRODUCTION (1000 tons),MAIZE YIELD (Kg per ha),0.1290098304677297,0.1290098304677297
RICE YIELD (Kg per ha),SORGHUM AREA (1000 ha),-0.12887885846859112,0.12887885846859112
PEARL MILLET PRODUCTION (1000 tons),MINOR PULSES PRODUCTION (1000 tons),0.12887314244731338,0.12887314244731338
SORGHUM PRODUCTION (1000 tons),POTATOES AREA (1000 ha),-0.12884152020961637,0.12884152020961637
Dist Code,SUGARCANE PRODUCTION (1000 tons),-0.12878512345805304,0.12878512345805304
SORGHUM YIELD (Kg per ha),LINSEED PRODUCTION (1000 tons),0.12878378744156507,0.12878378744156507
CHICKPEA AREA (1000 ha),SUNFLOWER AREA (1000 ha),0.1287155255203911,0.1287155255203911
MAIZE YIELD (Kg per ha),MINOR PULSES PRODUCTION (1000 tons),0.12867398820305806,0.12867398820305806
SAFFLOWER YIELD (Kg per ha),SOYABEAN PRODUCTION (1000 tons),0.1284046148390178,0.1284046148390178
BARLEY YIELD (Kg per ha),POTATOES AREA (1000 ha),0.12821822624724885,0.12821822624724885
FINGER MILLET PRODUCTION (1000 tons),SESAMUM YIELD (Kg per ha),0.12809563402146487,0.12809563402146487
PEARL MILLET PRODUCTION (1000 tons),COTTON PRODUCTION (1000 tons),0.12774711806035988,0.12774711806035988
SORGHUM YIELD (Kg per ha),MINOR PULSES AREA (1000 ha),0.12760809867097325,0.12760809867097325
FINGER MILLET YIELD (Kg per ha),ONION AREA (1000 ha),0.12754776638577067,0.12754776638577067
PEARL MILLET AREA (1000 ha),OILSEEDS PRODUCTION (1000 tons),0.12746574348191034,0.12746574348191034
GROUNDNUT PRODUCTION (1000 tons),COTTON AREA (1000 ha),0.12740158441791152,0.12740158441791152
RABI SORGHUM YIELD (Kg per ha),ONION AREA (1000 ha),0.12731579536480353,0.12731579536480353
PIGEONPEA PRODUCTION (1000 tons),LINSEED PRODUCTION (1000 tons),0.12727496776946037,0.12727496776946037
FINGER MILLET YIELD (Kg per ha),SOYABEAN AREA (1000 ha),-0.1271275338995146,0.1271275338995146
COTTON YIELD (Kg per ha),FODDER AREA (1000 ha),0.12703820845293168,0.12703820845293168
State Code,SOYABEAN PRODUCTION (1000 tons),-0.12702652211651996,0.12702652211651996
KHARIF SORGHUM PRODUCTION (1000 tons),GROUNDNUT AREA (1000 ha),0.12692971693563534,0.12692971693563534
FINGER MILLET PRODUCTION (1000 tons),LINSEED YIELD (Kg per ha),-0.1267601169017791,0.1267601169017791
FINGER MILLET AREA (1000 ha),FRUITS AND VEGETABLES AREA (1000 ha),0.1266721324142057,0.1266721324142057
RICE YIELD (Kg per ha),SUNFLOWER PRODUCTION (1000 tons),0.12653899208108157,0.12653899208108157
WHEAT PRODUCTION (1000 tons),SUGARCANE PRODUCTION (1000 tons),0.1263456077840532,0.1263456077840532
RICE YIELD (Kg per ha),SESAMUM AREA (1000 ha),-0.12634084495577758,0.12634084495577758
Year,SESAMUM PRODUCTION (1000 tons),0.12621862360610944,0.12621862360610944
BARLEY AREA (1000 ha),FRUITS AND VEGETABLES AREA (1000 ha),-0.1261313286499634,0.1261313286499634
State Code,ONION AREA (1000 ha),-0.12609535987940557,0.12609535987940557
WHEAT PRODUCTION (1000 tons),LINSEED YIELD (Kg per ha),0.12596238510548924,0.12596238510548924
RAPESEED AND MUSTARD AREA (1000 ha),OILSEEDS YIELD (Kg per ha),0.1257984772215413,0.1257984772215413
PEARL MILLET PRODUCTION (1000 tons),OILSEEDS YIELD (Kg per ha),0.12575501265889813,0.12575501265889813
GROUNDNUT AREA (1000 ha),CASTOR AREA (1000 ha),0.1257102744159816,0.1257102744159816
COTTON PRODUCTION (1000 tons),FODDER AREA (1000 ha),0.12557164062119364,0.12557164062119364
PEARL MILLET AREA (1000 ha),MINOR PULSES PRODUCTION (1000 tons),0.1253251643241702,0.1253251643241702
CHICKPEA PRODUCTION (1000 tons),MINOR PULSES AREA (1000 ha),0.12523871810001708,0.12523871810001708
Dist Code,CASTOR YIELD (Kg per ha),-0.125215953170407,0.125215953170407
SORGHUM YIELD (Kg per ha),CASTOR YIELD (Kg per ha),0.12464667635079452,0.12464667635079452
BARLEY YIELD (Kg per ha),SESAMUM YIELD (Kg per ha),-0.12464535642519323,0.12464535642519323
RABI SORGHUM AREA (1000 ha),GROUNDNUT AREA (1000 ha),0.12452519492338142,0.12452519492338142
RABI SORGHUM AREA (1000 ha),LINSEED AREA (1000 ha),0.12451270546965035,0.12451270546965035
PIGEONPEA AREA (1000 ha),CASTOR YIELD (Kg per ha),0.12435268693408942,0.12435268693408942
FINGER MILLET PRODUCTION (1000 tons),FRUITS AND VEGETABLES AREA (1000 ha),0.124288960583871,0.124288960583871
State Code,LINSEED PRODUCTION (1000 tons),-0.12419767567680685,0.12419767567680685
MINOR PULSES AREA (1000 ha),POTATOES AREA (1000 ha),-0.12417012036479697,0.12417012036479697
GROUNDNUT PRODUCTION (1000 tons),CASTOR AREA (1000 ha),0.12406161015318377,0.12406161015318377
PEARL MILLET YIELD (Kg per ha),PIGEONPEA PRODUCTION (1000 tons),0.12405069438618298,0.12405069438618298
WHEAT YIELD (Kg per ha),KHARIF SORGHUM PRODUCTION (1000 tons),-0.12400702723034823,0.12400702723034823
GROUNDNUT AREA (1000 ha),GROUNDNUT YIELD (Kg per ha),0.12398729166055993,0.12398729166055993
WHEAT PRODUCTION (1000 tons),COTTON YIELD (Kg per ha),0.12387509628091509,0.12387509628091509
PIGEONPEA AREA (1000 ha),OILSEEDS PRODUCTION (1000 tons),0.12384219727523696,0.12384219727523696
MAIZE PRODUCTION (1000 tons),CHICKPEA YIELD (Kg per ha),0.1237134548226401,0.1237134548226401
State Code,SUNFLOWER AREA (1000 ha),-0.12355094539116333,0.12355094539116333
PEARL MILLET AREA (1000 ha),ONION AREA (1000 ha),0.12353698776572226,0.12353698776572226
KHARIF SORGHUM YIELD (Kg per ha),MINOR PULSES AREA (1000 ha),0.12348779950075121,0.12348779950075121
BARLEY AREA (1000 ha),PIGEONPEA YIELD (Kg per ha),0.1234630066398628,0.1234630066398628
KHARIF SORGHUM PRODUCTION (1000 tons),LINSEED AREA (1000 ha),0.12337852468488189,0.12337852468488189
BARLEY YIELD (Kg per ha),SAFFLOWER PRODUCTION (1000 tons),-0.12316274247607308,0.12316274247607308
BARLEY PRODUCTION (1000 tons),FRUITS AREA (1000 ha),-0.12309906271655405,0.12309906271655405
COTTON PRODUCTION (1000 tons),ONION AREA (1000 ha),0.12303922469267897,0.12303922469267897
WHEAT PRODUCTION (1000 tons),SAFFLOWER YIELD (Kg per ha),-0.1229794640997656,0.1229794640997656
GROUNDNUT YIELD (Kg per ha),SOYABEAN AREA (1000 ha),0.12268014705617684,0.12268014705617684
RABI SORGHUM PRODUCTION (1000 tons),MAIZE PRODUCTION (1000 tons),0.1226371605882441,0.1226371605882441
RICE AREA (1000 ha),RABI SORGHUM AREA (1000 ha),-0.12255582182114383,0.12255582182114383
LINSEED AREA (1000 ha),COTTON YIELD (Kg per ha),-0.12250426656028057,0.12250426656028057
KHARIF SORGHUM PRODUCTION (1000 tons),MINOR PULSES PRODUCTION (1000 tons),0.12242240042328022,0.12242240042328022
SESAMUM PRODUCTION (1000 tons),RAPESEED AND MUSTARD AREA (1000 ha),0.12229428360951036,0.12229428360951036
RICE YIELD (Kg per ha),KHARIF SORGHUM PRODUCTION (1000 tons),-0.12227457771541872,0.12227457771541872
CASTOR YIELD (Kg per ha),FODDER AREA (1000 ha),0.12226625521539504,0.12226625521539504
BARLEY PRODUCTION (1000 tons),SAFFLOWER YIELD (Kg per ha),-0.12207120505717714,0.12207120505717714
MINOR PULSES PRODUCTION (1000 tons),SAFFLOWER YIELD (Kg per ha),0.12204858227182849,0.12204858227182849
State Code,PIGEONPEA YIELD (Kg per ha),-0.1218343754617587,0.1218343754617587
GROUNDNUT PRODUCTION (1000 tons),SESAMUM AREA (1000 ha),0.12164654954892956,0.12164654954892956
CHICKPEA PRODUCTION (1000 tons),RAPESEED AND MUSTARD YIELD (Kg per ha),0.12155996542344953,0.12155996542344953
SORGHUM PRODUCTION (1000 tons),MINOR PULSES PRODUCTION (1000 tons),0.12151933895328534,0.12151933895328534
FINGER MILLET AREA (1000 ha),CHICKPEA AREA (1000 ha),-0.12147845142216848,0.12147845142216848
KHARIF SORGHUM PRODUCTION (1000 tons),POTATOES AREA (1000 ha),-0.12146215925692849,0.12146215925692849
OILSEEDS YIELD (Kg per ha),FRUITS AND VEGETABLES AREA (1000 ha),0.12134938401521599,0.12134938401521599
BARLEY AREA (1000 ha),OILSEEDS YIELD (Kg per ha),-0.12129491011627908,0.12129491011627908
COTTON AREA (1000 ha),POTATOES AREA (1000 ha),-0.12127522658422768,0.12127522658422768
WHEAT PRODUCTION (1000 tons),FINGER MILLET PRODUCTION (1000 tons),-0.12126400739265579,0.12126400739265579
RICE AREA (1000 ha),RABI SORGHUM PRODUCTION (1000 tons),-0.12099944995049526,0.12099944995049526
FINGER MILLET YIELD (Kg per ha),LINSEED PRODUCTION (1000 tons),-0.12085509966407625,0.12085509966407625
WHEAT YIELD (Kg per ha),SUGARCANE PRODUCTION (1000 tons),0.12084018040907114,0.12084018040907114
CHICKPEA AREA (1000 ha),VEGETABLES AREA (1000 ha),-0.12083510236879061,0.12083510236879061
MINOR PULSES AREA (1000 ha),ONION AREA (1000 ha),0.12079892040949934,0.12079892040949934
SORGHUM AREA (1000 ha),OILSEEDS PRODUCTION (1000 tons),0.12051989046022174,0.12051989046022174
BARLEY YIELD (Kg per ha),SUNFLOWER PRODUCTION (1000 tons),-0.12047141672245808,0.12047141672245808
BARLEY PRODUCTION (1000 tons),PIGEONPEA YIELD (Kg per ha),0.12043658023876488,0.12043658023876488
CHICKPEA YIELD (Kg per ha),RAPESEED AND MUSTARD PRODUCTION (1000 tons),0.12043385478835454,0.12043385478835454
GROUNDNUT PRODUCTION (1000 tons),SUNFLOWER AREA (1000 ha),0.12036292789805754,0.12036292789805754
FINGER MILLET YIELD (Kg per ha),COTTON YIELD (Kg per ha),0.1203626452429275,0.1203626452429275
RAPESEED AND MUSTARD YIELD (Kg per ha),SAFFLOWER PRODUCTION (1000 tons),-0.120293677383242,0.120293677383242
MAIZE YIELD (Kg per ha),SUGARCANE PRODUCTION (1000 tons),0.12027877735235681,0.12027877735235681
MAIZE PRODUCTION (1000 tons),OILSEEDS YIELD (Kg per ha),0.12025310486934584,0.12025310486934584
Dist Code,SAFFLOWER PRODUCTION (1000 tons),-0.12020689559498685,0.12020689559498685
SORGHUM PRODUCTION (1000 tons),GROUNDNUT PRODUCTION (1000 tons),0.120167470987547,0.120167470987547
GROUNDNUT PRODUCTION (1000 tons),FRUITS AREA (1000 ha),0.12015353140706615,0.12015353140706615
MINOR PULSES YIELD (Kg per ha),POTATOES AREA (1000 ha),0.12009727489189963,0.12009727489189963
RICE YIELD (Kg per ha),CHICKPEA PRODUCTION (1000 tons),-0.11971361837625459,0.11971361837625459
MAIZE AREA (1000 ha),BARLEY AREA (1000 ha),0.11968733160284084,0.11968733160284084
KHARIF SORGHUM YIELD (Kg per ha),COTTON PRODUCTION (1000 tons),0.11968002744150455,0.11968002744150455
WHEAT PRODUCTION (1000 tons),CHICKPEA AREA (1000 ha),0.11966737902865435,0.11966737902865435
FINGER MILLET AREA (1000 ha),CHICKPEA PRODUCTION (1000 tons),-0.11962315644394601,0.11962315644394601
State Code,CHICKPEA YIELD (Kg per ha),-0.1194375994923314,0.1194375994923314
GROUNDNUT YIELD (Kg per ha),CASTOR AREA (1000 ha),0.11936424967732905,0.11936424967732905
SORGHUM PRODUCTION (1000 tons),BARLEY AREA (1000 ha),-0.11934574751843582,0.11934574751843582
PIGEONPEA AREA (1000 ha),COTTON YIELD (Kg per ha),0.11920349099978177,0.11920349099978177
MINOR PULSES PRODUCTION (1000 tons),SOYABEAN YIELD (Kg per ha),0.11908869385316097,0.11908869385316097
MAIZE PRODUCTION (1000 tons),LINSEED YIELD (Kg per ha),0.11898561882276233,0.11898561882276233
PIGEONPEA PRODUCTION (1000 tons),LINSEED AREA (1000 ha),0.1189462359105848,0.1189462359105848
RICE AREA (1000 ha),SAFFLOWER AREA (1000 ha),-0.11893129111403515,0.11893129111403515
PIGEONPEA PRODUCTION (1000 tons),OILSEEDS AREA (1000 ha),0.11892635273321803,0.11892635273321803
MAIZE PRODUCTION (1000 tons),FINGER MILLET YIELD (Kg per ha),0.11887725376522,0.11887725376522
LINSEED AREA (1000 ha),FRUITS AREA (1000 ha),-0.11844281003258168,0.11844281003258168
CASTOR PRODUCTION (1000 tons),OILSEEDS YIELD (Kg per ha),0.11833338391297336,0.11833338391297336
WHEAT AREA (1000 ha),SESAMUM PRODUCTION (1000 tons),-0.11821815770131558,0.11821815770131558
WHEAT PRODUCTION (1000 tons),KHARIF SORGHUM PRODUCTION (1000 tons),-0.11812083182677163,0.11812083182677163
RICE PRODUCTION (1000 tons),RABI SORGHUM YIELD (Kg per ha),0.11802555201119944,0.11802555201119944
BARLEY PRODUCTION (1000 tons),CHICKPEA YIELD (Kg per ha),0.117866180240831,0.117866180240831
CHICKPEA YIELD (Kg per ha),RAPESEED AND MUSTARD AREA (1000 ha),0.11765131932694517,0.11765131932694517
PEARL MILLET AREA (1000 ha),SAFFLOWER PRODUCTION (1000 tons),0.11761280378585749,0.11761280378585749
COTTON AREA (1000 ha),ONION AREA (1000 ha),0.1176015732712198,0.1176015732712198
State Code,FINGER MILLET YIELD (Kg per ha),-0.11758390249577721,0.11758390249577721
SAFFLOWER YIELD (Kg per ha),SOYABEAN AREA (1000 ha),0.11753150890852372,0.11753150890852372
RICE PRODUCTION (1000 tons),BARLEY PRODUCTION (1000 tons),-0.11751299218118823,0.11751299218118823
PEARL MILLET YIELD (Kg per ha),MAIZE PRODUCTION (1000 tons),0.11732675116016512,0.11732675116016512
SOYABEAN YIELD (Kg per ha),FRUITS AND VEGETABLES AREA (1000 ha),-0.11732064129234696,0.11732064129234696
MINOR PULSES AREA (1000 ha),VEGETABLES AREA (1000 ha),0.11727615193816648,0.11727615193816648
MAIZE PRODUCTION (1000 tons),SUGARCANE YIELD (Kg per ha),0.11722637138725323,0.11722637138725323
GROUNDNUT AREA (1000 ha),SESAMUM AREA (1000 ha),0.1171376081657664,0.1171376081657664
GROUNDNUT YIELD (Kg per ha),COTTON AREA (1000 ha),0.1171331341215128,0.1171331341215128
FINGER MILLET AREA (1000 ha),SESAMUM YIELD (Kg per ha),0.1170587888455304,0.1170587888455304
GROUNDNUT YIELD (Kg per ha),RAPESEED AND MUSTARD PRODUCTION (1000 tons),0.11698381382144113,0.11698381382144113
RABI SORGHUM PRODUCTION (1000 tons),OILSEEDS PRODUCTION (1000 tons),0.11697312622924819,0.11697312622924819
SORGHUM YIELD (Kg per ha),SUNFLOWER PRODUCTION (1000 tons),0.11684875027457489,0.11684875027457489
RICE AREA (1000 ha),MAIZE YIELD (Kg per ha),0.11646757308518496,0.11646757308518496
RICE PRODUCTION (1000 tons),SOYABEAN YIELD (Kg per ha),-0.1163557876018054,0.1163557876018054
WHEAT PRODUCTION (1000 tons),GROUNDNUT AREA (1000 ha),-0.11616410412942803,0.11616410412942803
SAFFLOWER YIELD (Kg per ha),CASTOR YIELD (Kg per ha),0.11610920145363716,0.11610920145363716
Year,SAFFLOWER YIELD (Kg per ha),0.11606648934061424,0.11606648934061424
CHICKPEA PRODUCTION (1000 tons),SUNFLOWER PRODUCTION (1000 tons),0.11592317865193767,0.11592317865193767
WHEAT AREA (1000 ha),SORGHUM PRODUCTION (1000 tons),-0.1155461335625118,0.1155461335625118
SESAMUM PRODUCTION (1000 tons),CASTOR PRODUCTION (1000 tons),0.11551421923677815,0.11551421923677815
SOYABEAN YIELD (Kg per ha),ONION AREA (1000 ha),0.11537626930868593,0.11537626930868593
WHEAT AREA (1000 ha),MINOR PULSES AREA (1000 ha),-0.11535679731682201,0.11535679731682201
RAPESEED AND MUSTARD PRODUCTION (1000 tons),COTTON YIELD (Kg per ha),0.11535347101926523,0.11535347101926523
FINGER MILLET AREA (1000 ha),GROUNDNUT PRODUCTION (1000 tons),0.1151967145162296,0.1151967145162296
SUGARCANE PRODUCTION (1000 tons),FRUITS AREA (1000 ha),0.11518924037433592,0.11518924037433592
PEARL MILLET AREA (1000 ha),MAIZE YIELD (Kg per ha),-0.11516226291376314,0.11516226291376314
Dist Code,SAFFLOWER AREA (1000 ha),-0.11504911386340516,0.11504911386340516
RICE AREA (1000 ha),SAFFLOWER PRODUCTION (1000 tons),-0.11500717950522368,0.11500717950522368
SOYABEAN YIELD (Kg per ha),OILSEEDS YIELD (Kg per ha),0.11500298068844465,0.11500298068844465
KHARIF SORGHUM YIELD (Kg per ha),FINGER MILLET AREA (1000 ha),0.11497954511865265,0.11497954511865265
State Code,CASTOR PRODUCTION (1000 tons),-0.11497392895452037,0.11497392895452037
CASTOR YIELD (Kg per ha),SUNFLOWER AREA (1000 ha),0.11485755232361404,0.11485755232361404
KHARIF SORGHUM AREA (1000 ha),MINOR PULSES YIELD (Kg per ha),-0.11463019366583418,0.11463019366583418
RABI SORGHUM AREA (1000 ha),SOYABEAN YIELD (Kg per ha),0.11460911902019634,0.11460911902019634
RABI SORGHUM PRODUCTION (1000 tons),PEARL MILLET PRODUCTION (1000 tons),0.1145971258976992,0.1145971258976992
SORGHUM AREA (1000 ha),SOYABEAN YIELD (Kg per ha),0.11421565459431558,0.11421565459431558
Dist Code,MINOR PULSES YIELD (Kg per ha),0.11419700668053463,0.11419700668053463
LINSEED PRODUCTION (1000 tons),FRUITS AND VEGETABLES AREA (1000 ha),-0.11411973627140469,0.11411973627140469
PEARL MILLET AREA (1000 ha),FRUITS AREA (1000 ha),-0.11388051482012307,0.11388051482012307
KHARIF SORGHUM YIELD (Kg per ha),LINSEED AREA (1000 ha),0.11370946380468783,0.11370946380468783
FINGER MILLET YIELD (Kg per ha),LINSEED AREA (1000 ha),-0.11370744648183176,0.11370744648183176
RICE AREA (1000 ha),FINGER MILLET YIELD (Kg per ha),0.11356257918932806,0.11356257918932806
LINSEED AREA (1000 ha),FRUITS AND VEGETABLES AREA (1000 ha),-0.11352394727110827,0.11352394727110827
CHICKPEA AREA (1000 ha),POTATOES AREA (1000 ha),-0.1135097679687459,0.1135097679687459
MAIZE PRODUCTION (1000 tons),FRUITS AND VEGETABLES AREA (1000 ha),0.11344053589130469,0.11344053589130469
SOYABEAN PRODUCTION (1000 tons),OILSEEDS YIELD (Kg per ha),0.11330610409130873,0.11330610409130873
KHARIF SORGHUM AREA (1000 ha),OILSEEDS PRODUCTION (1000 tons),0.11304238688459406,0.11304238688459406
SESAMUM YIELD (Kg per ha),OILSEEDS YIELD (Kg per ha),0.11303321503787529,0.11303321503787529
SORGHUM PRODUCTION (1000 tons),COTTON YIELD (Kg per ha),0.11291202704410971,0.11291202704410971
BARLEY YIELD (Kg per ha),SUNFLOWER AREA (1000 ha),-0.11284919475168152,0.11284919475168152
State Code,WHEAT YIELD (Kg per ha),-0.1128441043208049,0.1128441043208049
SESAMUM YIELD (Kg per ha),RAPESEED AND MUSTARD AREA (1000 ha),0.11270465166947029,0.11270465166947029
MAIZE AREA (1000 ha),CHICKPEA YIELD (Kg per ha),0.11257345890692798,0.11257345890692798
RAPESEED AND MUSTARD YIELD (Kg per ha),SUNFLOWER YIELD (Kg per ha),0.11255226947391751,0.11255226947391751
RICE PRODUCTION (1000 tons),PIGEONPEA YIELD (Kg per ha),0.11247875355101293,0.11247875355101293
KHARIF SORGHUM AREA (1000 ha),CASTOR AREA (1000 ha),0.11235686196220683,0.11235686196220683
FINGER MILLET YIELD (Kg per ha),BARLEY AREA (1000 ha),-0.11215212938154205,0.11215212938154205
RABI SORGHUM PRODUCTION (1000 tons),LINSEED AREA (1000 ha),0.112024399393991,0.112024399393991
PIGEONPEA PRODUCTION (1000 tons),SUGARCANE YIELD (Kg per ha),0.11191157666807332,0.11191157666807332
SESAMUM AREA (1000 ha),RAPESEED AND MUSTARD AREA (1000 ha),0.11186966889968403,0.11186966889968403
BARLEY AREA (1000 ha),SUGARCANE YIELD (Kg per ha),-0.11185111578735916,0.11185111578735916
KHARIF SORGHUM YIELD (Kg per ha),FINGER MILLET PRODUCTION (1000 tons),0.11182586419586517,0.11182586419586517
RABI SORGHUM YIELD (Kg per ha),SAFFLOWER PRODUCTION (1000 tons),0.1116947538601157,0.1116947538601157
State Code,RABI SORGHUM AREA (1000 ha),-0.11161138556290083,0.11161138556290083
SESAMUM PRODUCTION (1000 tons),RAPESEED AND MUSTARD PRODUCTION (1000 tons),0.11149483242334834,0.11149483242334834
MAIZE YIELD (Kg per ha),CASTOR YIELD (Kg per ha),0.1114502431562824,0.1114502431562824
FINGER MILLET YIELD (Kg per ha),FODDER AREA (1000 ha),-0.11144171507457099,0.11144171507457099
CASTOR PRODUCTION (1000 tons),COTTON AREA (1000 ha),0.11143311680222912,0.11143311680222912
RAPESEED AND MUSTARD YIELD (Kg per ha),COTTON PRODUCTION (1000 tons),0.11139763946088531,0.11139763946088531
MINOR PULSES YIELD (Kg per ha),RAPESEED AND MUSTARD PRODUCTION (1000 tons),0.11124273516031673,0.11124273516031673
RABI SORGHUM PRODUCTION (1000 tons),COTTON PRODUCTION (1000 tons),0.1112217550442367,0.1112217550442367
State Code,SESAMUM AREA (1000 ha),-0.1111809236139414,0.1111809236139414
SESAMUM YIELD (Kg per ha),ONION AREA (1000 ha),0.11094421908563953,0.11094421908563953
CHICKPEA YIELD (Kg per ha),SOYABEAN PRODUCTION (1000 tons),0.11085676017456046,0.11085676017456046
RAPESEED AND MUSTARD YIELD (Kg per ha),SUNFLOWER AREA (1000 ha),-0.11083264685348733,0.11083264685348733
RAPESEED AND MUSTARD PRODUCTION (1000 tons),CASTOR YIELD (Kg per ha),0.11079855914838502,0.11079855914838502
FINGER MILLET YIELD (Kg per ha),VEGETABLES AREA (1000 ha),0.11076243665548378,0.11076243665548378
PIGEONPEA YIELD (Kg per ha),LINSEED PRODUCTION (1000 tons),0.1107585324947435,0.1107585324947435
SESAMUM YIELD (Kg per ha),SUNFLOWER YIELD (Kg per ha),0.11059633549136108,0.11059633549136108
MAIZE YIELD (Kg per ha),FODDER AREA (1000 ha),-0.11059394457351046,0.11059394457351046
SORGHUM AREA (1000 ha),PEARL MILLET PRODUCTION (1000 tons),0.11057816291607005,0.11057816291607005
KHARIF SORGHUM AREA (1000 ha),CHICKPEA AREA (1000 ha),0.11055899928516018,0.11055899928516018
GROUNDNUT AREA (1000 ha),SAFFLOWER YIELD (Kg per ha),0.11055481360499855,0.11055481360499855
SAFFLOWER YIELD (Kg per ha),OILSEEDS PRODUCTION (1000 tons),0.11054308419636111,0.11054308419636111
SESAMUM AREA (1000 ha),VEGETABLES AREA (1000 ha),0.1103768674420623,0.1103768674420623
RICE AREA (1000 ha),KHARIF SORGHUM YIELD (Kg per ha),-0.1103337954513522,0.1103337954513522
SAFFLOWER YIELD (Kg per ha),COTTON YIELD (Kg per ha),0.11025285113038998,0.11025285113038998
PEARL MILLET YIELD (Kg per ha),CHICKPEA PRODUCTION (1000 tons),0.11021419458928325,0.11021419458928325
FINGER MILLET YIELD (Kg per ha),SOYABEAN PRODUCTION (1000 tons),-0.11015511989618922,0.11015511989618922
LINSEED AREA (1000 ha),OILSEEDS YIELD (Kg per ha),-0.1100462717447791,0.1100462717447791
SOYABEAN YIELD (Kg per ha),COTTON AREA (1000 ha),0.1100098886032419,0.1100098886032419
WHEAT AREA (1000 ha),SESAMUM AREA (1000 ha),-0.10999504441015549,0.10999504441015549
WHEAT PRODUCTION (1000 tons),FRUITS AREA (1000 ha),-0.10988652990701074,0.10988652990701074
PEARL MILLET YIELD (Kg per ha),CASTOR AREA (1000 ha),0.10985548445257218,0.10985548445257218
GROUNDNUT PRODUCTION (1000 tons),CASTOR PRODUCTION (1000 tons),0.10984306315267679,0.10984306315267679
MAIZE YIELD (Kg per ha),ONION AREA (1000 ha),0.10961149334421234,0.10961149334421234
Dist Code,WHEAT AREA (1000 ha),-0.10957983764797327,0.10957983764797327
GROUNDNUT AREA (1000 ha),LINSEED YIELD (Kg per ha),-0.10945821289560204,0.10945821289560204
GROUNDNUT PRODUCTION (1000 tons),SESAMUM YIELD (Kg per ha),0.10923157809613629,0.10923157809613629
SOYABEAN AREA (1000 ha),COTTON AREA (1000 ha),0.10920480111497403,0.10920480111497403
WHEAT YIELD (Kg per ha),SAFFLOWER AREA (1000 ha),-0.10854606061522129,0.10854606061522129
PEARL MILLET PRODUCTION (1000 tons),COTTON AREA (1000 ha),0.10840424500621645,0.10840424500621645
FINGER MILLET PRODUCTION (1000 tons),CHICKPEA AREA (1000 ha),-0.10834507016476982,0.10834507016476982
Year,KHARIF SORGHUM PRODUCTION (1000 tons),-0.10819696855571778,0.10819696855571778
LINSEED PRODUCTION (1000 tons),SOYABEAN YIELD (Kg per ha),0.10818743244528473,0.10818743244528473
WHEAT AREA (1000 ha),SORGHUM AREA (1000 ha),-0.10818267225471859,0.10818267225471859
Year,OILSEEDS AREA (1000 ha),0.1081592605646074,0.1081592605646074
FINGER MILLET YIELD (Kg per ha),SUGARCANE PRODUCTION (1000 tons),0.10812583967435156,0.10812583967435156
CASTOR YIELD (Kg per ha),SUNFLOWER PRODUCTION (1000 tons),0.10811525036129298,0.10811525036129298
CHICKPEA PRODUCTION (1000 tons),GROUNDNUT YIELD (Kg per ha),0.10802527364786413,0.10802527364786413
Dist Code,SUNFLOWER PRODUCTION (1000 tons),-0.10786842246566528,0.10786842246566528
SORGHUM PRODUCTION (1000 tons),RAPESEED AND MUSTARD AREA (1000 ha),-0.10779394793203227,0.10779394793203227
BARLEY PRODUCTION (1000 tons),SESAMUM YIELD (Kg per ha),-0.1077923719991808,0.1077923719991808
State Code,FODDER AREA (1000 ha),-0.1077711968485808,0.1077711968485808
PEARL MILLET AREA (1000 ha),FRUITS AND VEGETABLES AREA (1000 ha),-0.10772817905400688,0.10772817905400688
SUNFLOWER PRODUCTION (1000 tons),COTTON YIELD (Kg per ha),0.10768488879164867,0.10768488879164867
PIGEONPEA YIELD (Kg per ha),SUGARCANE AREA (1000 ha),0.1076000202708404,0.1076000202708404
RICE PRODUCTION (1000 tons),WHEAT YIELD (Kg per ha),0.10756617652056782,0.10756617652056782
MINOR PULSES PRODUCTION (1000 tons),SESAMUM YIELD (Kg per ha),0.1074334867178972,0.1074334867178972
Dist Code,SUGARCANE AREA (1000 ha),-0.10735150558265762,0.10735150558265762
SORGHUM YIELD (Kg per ha),GROUNDNUT AREA (1000 ha),0.10705051540350055,0.10705051540350055
MINOR PULSES PRODUCTION (1000 tons),SUGARCANE YIELD (Kg per ha),0.10704285452918777,0.10704285452918777
SORGHUM YIELD (Kg per ha),FINGER MILLET PRODUCTION (1000 tons),0.10692612890528456,0.10692612890528456
BARLEY AREA (1000 ha),RAPESEED AND MUSTARD YIELD (Kg per ha),0.10678505080570229,0.10678505080570229
Year,ONION AREA (1000 ha),0.10671953907114573,0.10671953907114573
SORGHUM AREA (1000 ha),GROUNDNUT PRODUCTION (1000 tons),0.10671314032510605,0.10671314032510605
CHICKPEA PRODUCTION (1000 tons),LINSEED AREA (1000 ha),0.1066983796835768,0.1066983796835768
RABI SORGHUM YIELD (Kg per ha),SAFFLOWER AREA (1000 ha),0.10660146936943013,0.10660146936943013
PIGEONPEA PRODUCTION (1000 tons),COTTON YIELD (Kg per ha),0.10653151502806192,0.10653151502806192
RICE PRODUCTION (1000 tons),SAFFLOWER AREA (1000 ha),-0.10650202577430441,0.10650202577430441
SORGHUM PRODUCTION (1000 tons),BARLEY PRODUCTION (1000 tons),-0.10622438344900655,0.10622438344900655
MAIZE YIELD (Kg per ha),OILSEEDS PRODUCTION (1000 tons),0.10620574665694212,0.10620574665694212
RABI SORGHUM PRODUCTION (1000 tons),GROUNDNUT PRODUCTION (1000 tons),0.10618494034259952,0.10618494034259952
RAPESEED AND MUSTARD PRODUCTION (1000 tons),CASTOR AREA (1000 ha),0.10603776851659469,0.10603776851659469
PEARL MILLET YIELD (Kg per ha),LINSEED AREA (1000 ha),-0.10591369353493761,0.10591369353493761
Dist Code,CASTOR AREA (1000 ha),-0.10586509005281151,0.10586509005281151
SAFFLOWER PRODUCTION (1000 tons),OILSEEDS PRODUCTION (1000 tons),0.10582064291145496,0.10582064291145496
RICE PRODUCTION (1000 tons),RABI SORGHUM AREA (1000 ha),-0.10580555072342737,0.10580555072342737
KHARIF SORGHUM YIELD (Kg per ha),MAIZE AREA (1000 ha),0.10578257189793898,0.10578257189793898
CHICKPEA YIELD (Kg per ha),SOYABEAN AREA (1000 ha),0.10577188946171152,0.10577188946171152
SESAMUM YIELD (Kg per ha),RAPESEED AND MUSTARD PRODUCTION (1000 tons),0.1057577246015037,0.1057577246015037
RABI SORGHUM YIELD (Kg per ha),RAPESEED AND MUSTARD PRODUCTION (1000 tons),-0.10562964730257542,0.10562964730257542
FINGER MILLET PRODUCTION (1000 tons),CHICKPEA PRODUCTION (1000 tons),-0.10562191572131865,0.10562191572131865
WHEAT PRODUCTION (1000 tons),CASTOR YIELD (Kg per ha),-0.10561091407763289,0.10561091407763289
MAIZE YIELD (Kg per ha),BARLEY PRODUCTION (1000 tons),-0.10560281582538089,0.10560281582538089
RABI SORGHUM AREA (1000 ha),PEARL MILLET PRODUCTION (1000 tons),0.1055818181177636,0.1055818181177636
RICE YIELD (Kg per ha),SORGHUM YIELD (Kg per ha),0.10545883307186983,0.10545883307186983
KHARIF SORGHUM PRODUCTION (1000 tons),VEGETABLES AREA (1000 ha),-0.10545602622860521,0.10545602622860521
SORGHUM AREA (1000 ha),MINOR PULSES YIELD (Kg per ha),-0.10544626114228028,0.10544626114228028
SORGHUM YIELD (Kg per ha),FINGER MILLET AREA (1000 ha),0.10523167437988201,0.10523167437988201
CHICKPEA PRODUCTION (1000 tons),VEGETABLES AREA (1000 ha),-0.10491825685560863,0.10491825685560863
BARLEY AREA (1000 ha),CASTOR YIELD (Kg per ha),-0.10490132724061946,0.10490132724061946
COTTON AREA (1000 ha),FODDER AREA (1000 ha),0.10460766242727285,0.10460766242727285
MAIZE PRODUCTION (1000 tons),COTTON AREA (1000 ha),0.10419982227323724,0.10419982227323724
SORGHUM PRODUCTION (1000 tons),PEARL MILLET AREA (1000 ha),0.10419859994354141,0.10419859994354141
SAFFLOWER YIELD (Kg per ha),FRUITS AND VEGETABLES AREA (1000 ha),0.10413995104067081,0.10413995104067081
RABI SORGHUM PRODUCTION (1000 tons),BARLEY AREA (1000 ha),-0.10399095880221602,0.10399095880221602
MAIZE PRODUCTION (1000 tons),CASTOR YIELD (Kg per ha),0.10393976407755513,0.10393976407755513
MINOR PULSES PRODUCTION (1000 tons),SAFFLOWER PRODUCTION (1000 tons),0.10393527876042825,0.10393527876042825
RICE AREA (1000 ha),GROUNDNUT YIELD (Kg per ha),0.10384552271854222,0.10384552271854222
RICE AREA (1000 ha),PIGEONPEA AREA (1000 ha),-0.1037864204562288,0.1037864204562288
Dist Code,FRUITS AREA (1000 ha),0.10376700229627381,0.10376700229627381
RAPESEED AND MUSTARD YIELD (Kg per ha),SUNFLOWER PRODUCTION (1000 tons),-0.10357235797533448,0.10357235797533448
WHEAT YIELD (Kg per ha),BARLEY AREA (1000 ha),0.10353841511600448,0.10353841511600448
PEARL MILLET AREA (1000 ha),FINGER MILLET YIELD (Kg per ha),-0.10353692509130376,0.10353692509130376
State Code,PEARL MILLET AREA (1000 ha),-0.10347520106080368,0.10347520106080368
RICE AREA (1000 ha),BARLEY AREA (1000 ha),-0.10334184268660289,0.10334184268660289
PIGEONPEA YIELD (Kg per ha),GROUNDNUT AREA (1000 ha),-0.1031090281108861,0.1031090281108861
KHARIF SORGHUM YIELD (Kg per ha),SUGARCANE AREA (1000 ha),0.10292260169595277,0.10292260169595277
PIGEONPEA AREA (1000 ha),RAPESEED AND MUSTARD AREA (1000 ha),-0.10291533939693766,0.10291533939693766
GROUNDNUT PRODUCTION (1000 tons),LINSEED YIELD (Kg per ha),-0.10290483273515821,0.10290483273515821
PIGEONPEA PRODUCTION (1000 tons),CASTOR YIELD (Kg per ha),0.10255657411449118,0.10255657411449118
CHICKPEA YIELD (Kg per ha),MINOR PULSES YIELD (Kg per ha),0.10248469007697009,0.10248469007697009
PIGEONPEA YIELD (Kg per ha),SESAMUM YIELD (Kg per ha),0.10242861345663701,0.10242861345663701
GROUNDNUT AREA (1000 ha),POTATOES AREA (1000 ha),-0.10234297889829679,0.10234297889829679
PIGEONPEA YIELD (Kg per ha),SUGARCANE YIELD (Kg per ha),0.10225403052646473,0.10225403052646473
State Code,SESAMUM PRODUCTION (1000 tons),-0.10222667401866713,0.10222667401866713
CHICKPEA YIELD (Kg per ha),POTATOES AREA (1000 ha),0.10218945234140914,0.10218945234140914
WHEAT AREA (1000 ha),COTTON AREA (1000 ha),0.10215465884321354,0.10215465884321354
RAPESEED AND MUSTARD AREA (1000 ha),FRUITS AREA (1000 ha),-0.10211771393120044,0.10211771393120044
CHICKPEA YIELD (Kg per ha),OILSEEDS PRODUCTION (1000 tons),0.10210735364397726,0.10210735364397726
MINOR PULSES AREA (1000 ha),LINSEED YIELD (Kg per ha),0.10209988522238268,0.10209988522238268
PEARL MILLET AREA (1000 ha),CHICKPEA PRODUCTION (1000 tons),0.10186563578006415,0.10186563578006415
MAIZE PRODUCTION (1000 tons),VEGETABLES AREA (1000 ha),0.10186038379594821,0.10186038379594821
RICE AREA (1000 ha),GROUNDNUT AREA (1000 ha),-0.10161701755795816,0.10161701755795816
CHICKPEA YIELD (Kg per ha),MINOR PULSES PRODUCTION (1000 tons),0.10161550363757964,0.10161550363757964
RABI SORGHUM YIELD (Kg per ha),SESAMUM YIELD (Kg per ha),0.10158774035123821,0.10158774035123821
SOYABEAN YIELD (Kg per ha),COTTON PRODUCTION (1000 tons),0.10154240138030542,0.10154240138030542
Dist Code,SUNFLOWER AREA (1000 ha),-0.10142009244984619,0.10142009244984619
MINOR PULSES PRODUCTION (1000 tons),ONION AREA (1000 ha),0.10135471487707627,0.10135471487707627
Dist Code,FINGER MILLET PRODUCTION (1000 tons),-0.10134903411461785,0.10134903411461785
SOYABEAN YIELD (Kg per ha),FRUITS AREA (1000 ha),-0.10116673579815155,0.10116673579815155
MINOR PULSES PRODUCTION (1000 tons),FRUITS AREA (1000 ha),0.10104985440932629,0.10104985440932629
WHEAT YIELD (Kg per ha),PIGEONPEA AREA (1000 ha),-0.10103509498482416,0.10103509498482416
Year,SUNFLOWER PRODUCTION (1000 tons),0.10101915633480471,0.10101915633480471
SESAMUM PRODUCTION (1000 tons),COTTON PRODUCTION (1000 tons),0.10098604020953851,0.10098604020953851
MAIZE AREA (1000 ha),PIGEONPEA YIELD (Kg per ha),0.10097677672521851,0.10097677672521851
BARLEY YIELD (Kg per ha),VEGETABLES AREA (1000 ha),-0.10096417888127743,0.10096417888127743
SORGHUM YIELD (Kg per ha),SUGARCANE PRODUCTION (1000 tons),0.10089513691992268,0.10089513691992268
OILSEEDS YIELD (Kg per ha),SUGARCANE PRODUCTION (1000 tons),0.10088248697609828,0.10088248697609828
SORGHUM AREA (1000 ha),SUGARCANE AREA (1000 ha),0.10079986561966071,0.10079986561966071
GROUNDNUT YIELD (Kg per ha),SUGARCANE PRODUCTION (1000 tons),0.10077272208811966,0.10077272208811966
MINOR PULSES AREA (1000 ha),FRUITS AND VEGETABLES AREA (1000 ha),0.10072915382574497,0.10072915382574497
State Code,SAFFLOWER AREA (1000 ha),-0.10060332032525325,0.10060332032525325
WHEAT YIELD (Kg per ha),LINSEED PRODUCTION (1000 tons),-0.10039686914243502,0.10039686914243502
WHEAT PRODUCTION (1000 tons),RABI SORGHUM PRODUCTION (1000 tons),-0.10038926882853179,0.10038926882853179
RABI SORGHUM YIELD (Kg per ha),MINOR PULSES PRODUCTION (1000 tons),0.1001149921822256,0.1001149921822256
SORGHUM PRODUCTION (1000 tons),MAIZE YIELD (Kg per ha),0.10008144045738522,0.10008144045738522
RABI SORGHUM AREA (1000 ha),COTTON YIELD (Kg per ha),0.09994401997203753,0.09994401997203753
SUNFLOWER YIELD (Kg per ha),COTTON YIELD (Kg per ha),0.099938010271873,0.099938010271873
MAIZE AREA (1000 ha),BARLEY PRODUCTION (1000 tons),0.09984589368364728,0.09984589368364728
COTTON YIELD (Kg per ha),POTATOES AREA (1000 ha),-0.09979230061499514,0.09979230061499514
RABI SORGHUM PRODUCTION (1000 tons),SORGHUM YIELD (Kg per ha),0.09966808751489403,0.09966808751489403
Year,SUGARCANE YIELD (Kg per ha),0.09954772726596771,0.09954772726596771
BARLEY YIELD (Kg per ha),ONION AREA (1000 ha),-0.09943595481034653,0.09943595481034653
MINOR PULSES PRODUCTION (1000 tons),SAFFLOWER AREA (1000 ha),0.09942454869876031,0.09942454869876031
SESAMUM PRODUCTION (1000 tons),RAPESEED AND MUSTARD YIELD (Kg per ha),0.09939817783776624,0.09939817783776624
SORGHUM AREA (1000 ha),COTTON YIELD (Kg per ha),0.09938873384621345,0.09938873384621345
SOYABEAN PRODUCTION (1000 tons),COTTON AREA (1000 ha),0.09934670099917432,0.09934670099917432
WHEAT PRODUCTION (1000 tons),SESAMUM AREA (1000 ha),-0.09906393983852076,0.09906393983852076
PIGEONPEA YIELD (Kg per ha),FODDER AREA (1000 ha),-0.09900499394096238,0.09900499394096238
SORGHUM YIELD (Kg per ha),ONION AREA (1000 ha),0.09892637387778662,0.09892637387778662
PEARL MILLET YIELD (Kg per ha),PIGEONPEA AREA (1000 ha),0.09878748811809007,0.09878748811809007
MAIZE YIELD (Kg per ha),GROUNDNUT PRODUCTION (1000 tons),0.09878177530313124,0.09878177530313124
WHEAT YIELD (Kg per ha),PEARL MILLET AREA (1000 ha),0.09877870990226517,0.09877870990226517
SORGHUM PRODUCTION (1000 tons),SUGARCANE AREA (1000 ha),0.09871506203541641,0.09871506203541641
RICE PRODUCTION (1000 tons),PIGEONPEA AREA (1000 ha),-0.09868452116085147,0.09868452116085147
RABI SORGHUM AREA (1000 ha),LINSEED PRODUCTION (1000 tons),0.09861005540485764,0.09861005540485764
MAIZE AREA (1000 ha),COTTON YIELD (Kg per ha),0.09853302146700792,0.09853302146700792
KHARIF SORGHUM AREA (1000 ha),GROUNDNUT PRODUCTION (1000 tons),0.09850004072970107,0.09850004072970107
RICE PRODUCTION (1000 tons),FODDER AREA (1000 ha),-0.09844463754949175,0.09844463754949175
GROUNDNUT AREA (1000 ha),FRUITS AREA (1000 ha),0.0984112725707307,0.0984112725707307
CHICKPEA AREA (1000 ha),CHICKPEA YIELD (Kg per ha),0.09831168509115472,0.09831168509115472
GROUNDNUT YIELD (Kg per ha),FODDER AREA (1000 ha),0.0982952928080314,0.0982952928080314
PEARL MILLET AREA (1000 ha),MAIZE AREA (1000 ha),-0.09829269331610647,0.09829269331610647
RICE AREA (1000 ha),PEARL MILLET YIELD (Kg per ha),-0.0982040375319685,0.0982040375319685
Year,CASTOR PRODUCTION (1000 tons),0.098197729683036,0.098197729683036
PEARL MILLET YIELD (Kg per ha),BARLEY AREA (1000 ha),0.09809915562883517,0.09809915562883517
PEARL MILLET PRODUCTION (1000 tons),FINGER MILLET YIELD (Kg per ha),-0.09804901306178039,0.09804901306178039
WHEAT AREA (1000 ha),SOYABEAN AREA (1000 ha),0.0979685925555738,0.0979685925555738
BARLEY AREA (1000 ha),GROUNDNUT AREA (1000 ha),-0.09779908755630766,0.09779908755630766
RABI SORGHUM AREA (1000 ha),CHICKPEA AREA (1000 ha),0.09775500986132289,0.09775500986132289
SORGHUM AREA (1000 ha),SORGHUM YIELD (Kg per ha),0.09769918434007605,0.09769918434007605
BARLEY PRODUCTION (1000 tons),FRUITS AND VEGETABLES AREA (1000 ha),-0.09767805100454811,0.09767805100454811
RAPESEED AND MUSTARD AREA (1000 ha),COTTON YIELD (Kg per ha),0.09767688142799305,0.09767688142799305
KHARIF SORGHUM PRODUCTION (1000 tons),CHICKPEA AREA (1000 ha),0.09760969366466841,0.09760969366466841
WHEAT YIELD (Kg per ha),CASTOR PRODUCTION (1000 tons),0.09751041730721258,0.09751041730721258
KHARIF SORGHUM PRODUCTION (1000 tons),SESAMUM AREA (1000 ha),0.09746599645593618,0.09746599645593618
RABI SORGHUM AREA (1000 ha),BARLEY AREA (1000 ha),-0.09738564257879259,0.09738564257879259
BARLEY YIELD (Kg per ha),SUNFLOWER YIELD (Kg per ha),0.09718178880658185,0.09718178880658185
MAIZE YIELD (Kg per ha),PIGEONPEA YIELD (Kg per ha),0.09717125584993572,0.09717125584993572
WHEAT YIELD (Kg per ha),SUNFLOWER AREA (1000 ha),-0.09717053193045326,0.09717053193045326
KHARIF SORGHUM AREA (1000 ha),COTTON PRODUCTION (1000 tons),0.0971334431996971,0.0971334431996971
KHARIF SORGHUM PRODUCTION (1000 tons),SOYABEAN PRODUCTION (1000 tons),0.09712414880844035,0.09712414880844035
CASTOR AREA (1000 ha),COTTON AREA (1000 ha),0.09709727230208245,0.09709727230208245
FRUITS AND VEGETABLES AREA (1000 ha),FODDER AREA (1000 ha),-0.09706533463275777,0.09706533463275777
SUNFLOWER PRODUCTION (1000 tons),SUGARCANE PRODUCTION (1000 tons),0.0970469002947817,0.0970469002947817
OILSEEDS YIELD (Kg per ha),COTTON AREA (1000 ha),0.09698495342007848,0.09698495342007848
RABI SORGHUM YIELD (Kg per ha),SOYABEAN YIELD (Kg per ha),0.09686399831066747,0.09686399831066747
MAIZE AREA (1000 ha),BARLEY YIELD (Kg per ha),0.09683531629867802,0.09683531629867802
GROUNDNUT YIELD (Kg per ha),ONION AREA (1000 ha),0.09666044439981422,0.09666044439981422
FINGER MILLET AREA (1000 ha),BARLEY AREA (1000 ha),-0.09666009632623629,0.09666009632623629
WHEAT YIELD (Kg per ha),MAIZE AREA (1000 ha),0.09655291371547865,0.09655291371547865
SORGHUM AREA (1000 ha),SESAMUM AREA (1000 ha),0.09648418790227209,0.09648418790227209
SOYABEAN AREA (1000 ha),FRUITS AND VEGETABLES AREA (1000 ha),-0.09640806182473498,0.09640806182473498
PIGEONPEA AREA (1000 ha),GROUNDNUT AREA (1000 ha),0.09625769331595176,0.09625769331595176
GROUNDNUT AREA (1000 ha),OILSEEDS YIELD (Kg per ha),0.09623592040808432,0.09623592040808432
PEARL MILLET YIELD (Kg per ha),SESAMUM PRODUCTION (1000 tons),0.09619335888161025,0.09619335888161025
MAIZE PRODUCTION (1000 tons),SUGARCANE PRODUCTION (1000 tons),0.09605275318228601,0.09605275318228601
FINGER MILLET YIELD (Kg per ha),SUNFLOWER PRODUCTION (1000 tons),0.09600019644527379,0.09600019644527379
SESAMUM AREA (1000 ha),SUGARCANE AREA (1000 ha),-0.09597793552359164,0.09597793552359164
CHICKPEA AREA (1000 ha),ONION AREA (1000 ha),0.0959709458434457,0.0959709458434457
GROUNDNUT AREA (1000 ha),RAPESEED AND MUSTARD YIELD (Kg per ha),-0.0955284868858609,0.0955284868858609
PEARL MILLET PRODUCTION (1000 tons),GROUNDNUT PRODUCTION (1000 tons),0.09544294067973733,0.09544294067973733
SORGHUM PRODUCTION (1000 tons),CHICKPEA PRODUCTION (1000 tons),0.09534598336779954,0.09534598336779954
PIGEONPEA YIELD (Kg per ha),VEGETABLES AREA (1000 ha),0.09533909745287288,0.09533909745287288
RAPESEED AND MUSTARD PRODUCTION (1000 tons),COTTON AREA (1000 ha),0.09521297688286307,0.09521297688286307
Year,SUGARCANE AREA (1000 ha),0.09521118087171311,0.09521118087171311
MAIZE YIELD (Kg per ha),GROUNDNUT AREA (1000 ha),0.09513548314658364,0.09513548314658364
OILSEEDS AREA (1000 ha),FODDER AREA (1000 ha),0.09505370355590369,0.09505370355590369
SORGHUM PRODUCTION (1000 tons),CASTOR YIELD (Kg per ha),0.09476215186165704,0.09476215186165704
SOYABEAN YIELD (Kg per ha),VEGETABLES AREA (1000 ha),-0.09468730765581353,0.09468730765581353
RABI SORGHUM PRODUCTION (1000 tons),CASTOR YIELD (Kg per ha),0.09461882302924829,0.09461882302924829
SESAMUM PRODUCTION (1000 tons),FRUITS AREA (1000 ha),0.0945243070740355,0.0945243070740355
KHARIF SORGHUM PRODUCTION (1000 tons),SOYABEAN AREA (1000 ha),0.09451092952296711,0.09451092952296711
COTTON AREA (1000 ha),VEGETABLES AREA (1000 ha),-0.09447158621591148,0.09447158621591148
WHEAT AREA (1000 ha),SOYABEAN PRODUCTION (1000 tons),0.09446250857566174,0.09446250857566174
WHEAT PRODUCTION (1000 tons),RABI SORGHUM AREA (1000 ha),-0.09433928629535507,0.09433928629535507
BARLEY YIELD (Kg per ha),PIGEONPEA PRODUCTION (1000 tons),-0.09432789834093627,0.09432789834093627
SORGHUM AREA (1000 ha),BARLEY AREA (1000 ha),-0.0943254994860067,0.0943254994860067
RABI SORGHUM YIELD (Kg per ha),FRUITS AND VEGETABLES AREA (1000 ha),0.09419998238732583,0.09419998238732583
WHEAT AREA (1000 ha),MAIZE AREA (1000 ha),0.09413181559498092,0.09413181559498092
WHEAT AREA (1000 ha),KHARIF SORGHUM AREA (1000 ha),-0.09399602727525608,0.09399602727525608
RABI SORGHUM PRODUCTION (1000 tons),BARLEY PRODUCTION (1000 tons),-0.09394266334306822,0.09394266334306822
CHICKPEA AREA (1000 ha),SAFFLOWER PRODUCTION (1000 tons),0.09391459192526724,0.09391459192526724
Year,CHICKPEA PRODUCTION (1000 tons),0.09390730546831964,0.09390730546831964
SORGHUM YIELD (Kg per ha),MAIZE AREA (1000 ha),0.09388512367734546,0.09388512367734546
MAIZE AREA (1000 ha),SUNFLOWER PRODUCTION (1000 tons),0.09381312483059491,0.09381312483059491
RICE PRODUCTION (1000 tons),SAFFLOWER PRODUCTION (1000 tons),-0.09367843033200414,0.09367843033200414
WHEAT YIELD (Kg per ha),FRUITS AND VEGETABLES AREA (1000 ha),-0.09363960240116084,0.09363960240116084
RABI SORGHUM PRODUCTION (1000 tons),CHICKPEA PRODUCTION (1000 tons),0.09360099897054967,0.09360099897054967
FINGER MILLET AREA (1000 ha),BARLEY PRODUCTION (1000 tons),-0.0935309770943678,0.0935309770943678
RABI SORGHUM YIELD (Kg per ha),MINOR PULSES AREA (1000 ha),0.0934150399342182,0.0934150399342182
BARLEY AREA (1000 ha),MINOR PULSES YIELD (Kg per ha),-0.09339039810052305,0.09339039810052305
GROUNDNUT YIELD (Kg per ha),RAPESEED AND MUSTARD AREA (1000 ha),0.09336877111167731,0.09336877111167731
CHICKPEA YIELD (Kg per ha),COTTON PRODUCTION (1000 tons),0.09333871235107288,0.09333871235107288
Year,MAIZE AREA (1000 ha),0.0932985673291303,0.0932985673291303
CHICKPEA PRODUCTION (1000 tons),POTATOES AREA (1000 ha),-0.09305567486014961,0.09305567486014961
SAFFLOWER PRODUCTION (1000 tons),SOYABEAN YIELD (Kg per ha),0.09304872998484844,0.09304872998484844
WHEAT YIELD (Kg per ha),MINOR PULSES AREA (1000 ha),-0.09301391095900477,0.09301391095900477
GROUNDNUT YIELD (Kg per ha),SAFFLOWER YIELD (Kg per ha),0.0929003682266603,0.0929003682266603
SOYABEAN YIELD (Kg per ha),POTATOES AREA (1000 ha),-0.092803335474381,0.092803335474381
LINSEED YIELD (Kg per ha),COTTON PRODUCTION (1000 tons),-0.09269785098174282,0.09269785098174282
RAPESEED AND MUSTARD AREA (1000 ha),CASTOR YIELD (Kg per ha),0.0926868778763946,0.0926868778763946
RICE PRODUCTION (1000 tons),RABI SORGHUM PRODUCTION (1000 tons),-0.09265037039940112,0.09265037039940112
SORGHUM AREA (1000 ha),COTTON PRODUCTION (1000 tons),0.09254151961585265,0.09254151961585265
SORGHUM AREA (1000 ha),RAPESEED AND MUSTARD AREA (1000 ha),-0.09249282215036639,0.09249282215036639
PEARL MILLET AREA (1000 ha),PEARL MILLET YIELD (Kg per ha),0.09247524489741098,0.09247524489741098
LINSEED PRODUCTION (1000 tons),OILSEEDS YIELD (Kg per ha),-0.0924133539622041,0.0924133539622041
RABI SORGHUM PRODUCTION (1000 tons),RAPESEED AND MUSTARD AREA (1000 ha),-0.09229475498502585,0.09229475498502585
SORGHUM YIELD (Kg per ha),LINSEED AREA (1000 ha),0.09227848643554809,0.09227848643554809
MINOR PULSES YIELD (Kg per ha),VEGETABLES AREA (1000 ha),0.0921827866041724,0.0921827866041724
State Code,LINSEED YIELD (Kg per ha),-0.09213284224678152,0.09213284224678152
COTTON YIELD (Kg per ha),FRUITS AND VEGETABLES AREA (1000 ha),0.09190025384222104,0.09190025384222104
MAIZE PRODUCTION (1000 tons),PIGEONPEA YIELD (Kg per ha),0.09174558000223323,0.09174558000223323
SAFFLOWER PRODUCTION (1000 tons),SUGARCANE PRODUCTION (1000 tons),0.09163769417614787,0.09163769417614787
PIGEONPEA AREA (1000 ha),POTATOES AREA (1000 ha),-0.09163387672626062,0.09163387672626062
RICE PRODUCTION (1000 tons),PIGEONPEA PRODUCTION (1000 tons),-0.09150550200481651,0.09150550200481651
RABI SORGHUM PRODUCTION (1000 tons),LINSEED PRODUCTION (1000 tons),0.09149044974542543,0.09149044974542543
BARLEY AREA (1000 ha),SUNFLOWER YIELD (Kg per ha),-0.09137380779616794,0.09137380779616794
WHEAT AREA (1000 ha),KHARIF SORGHUM PRODUCTION (1000 tons),-0.09135719808295165,0.09135719808295165
WHEAT AREA (1000 ha),RABI SORGHUM PRODUCTION (1000 tons),-0.09121296911315194,0.09121296911315194
CHICKPEA PRODUCTION (1000 tons),SUNFLOWER AREA (1000 ha),0.09117676022784411,0.09117676022784411
GROUNDNUT PRODUCTION (1000 tons),FRUITS AND VEGETABLES AREA (1000 ha),0.0911452527222599,0.0911452527222599
PIGEONPEA AREA (1000 ha),FODDER AREA (1000 ha),-0.09114412274269408,0.09114412274269408
LINSEED YIELD (Kg per ha),SUNFLOWER YIELD (Kg per ha),0.09109171371830643,0.09109171371830643
RICE PRODUCTION (1000 tons),RAPESEED AND MUSTARD YIELD (Kg per ha),0.09106694098358975,0.09106694098358975
SESAMUM AREA (1000 ha),FRUITS AND VEGETABLES AREA (1000 ha),0.09103144315587271,0.09103144315587271
State Code,WHEAT PRODUCTION (1000 tons),-0.09098183699839107,0.09098183699839107
LINSEED PRODUCTION (1000 tons),SUGARCANE AREA (1000 ha),-0.09095927978775376,0.09095927978775376
MAIZE YIELD (Kg per ha),COTTON PRODUCTION (1000 tons),0.09085006475320691,0.09085006475320691
WHEAT PRODUCTION (1000 tons),PIGEONPEA AREA (1000 ha),-0.09053613530051517,0.09053613530051517
MINOR PULSES YIELD (Kg per ha),SESAMUM YIELD (Kg per ha),0.09049162999437854,0.09049162999437854
BARLEY AREA (1000 ha),SOYABEAN YIELD (Kg per ha),-0.09044486623292751,0.09044486623292751
SESAMUM AREA (1000 ha),SESAMUM YIELD (Kg per ha),0.09043540521719493,0.09043540521719493
WHEAT YIELD (Kg per ha),SAFFLOWER YIELD (Kg per ha),-0.0904118941138304,0.0904118941138304
Dist Code,WHEAT PRODUCTION (1000 tons),-0.09033307797996316,0.09033307797996316
MAIZE AREA (1000 ha),RAPESEED AND MUSTARD YIELD (Kg per ha),0.09033208965034664,0.09033208965034664
CHICKPEA PRODUCTION (1000 tons),SUGARCANE YIELD (Kg per ha),-0.0902622748212992,0.0902622748212992
State Code,POTATOES AREA (1000 ha),0.09017133225423295,0.09017133225423295
SUGARCANE AREA (1000 ha),FRUITS AREA (1000 ha),0.0901355179772769,0.0901355179772769
SESAMUM AREA (1000 ha),RAPESEED AND MUSTARD PRODUCTION (1000 tons),0.09006255037208874,0.09006255037208874
FINGER MILLET AREA (1000 ha),RAPESEED AND MUSTARD AREA (1000 ha),-0.08998181873079512,0.08998181873079512
LINSEED PRODUCTION (1000 tons),SUGARCANE PRODUCTION (1000 tons),-0.08996241706242555,0.08996241706242555
SUGARCANE PRODUCTION (1000 tons),ONION AREA (1000 ha),0.08984297265173968,0.08984297265173968
SOYABEAN AREA (1000 ha),OILSEEDS YIELD (Kg per ha),0.08981082109753169,0.08981082109753169
BARLEY AREA (1000 ha),GROUNDNUT PRODUCTION (1000 tons),-0.08968872281583799,0.08968872281583799
RAPESEED AND MUSTARD YIELD (Kg per ha),CASTOR AREA (1000 ha),0.08968760593811052,0.08968760593811052
MAIZE AREA (1000 ha),SUNFLOWER YIELD (Kg per ha),0.08962915485926819,0.08962915485926819
SORGHUM AREA (1000 ha),CASTOR YIELD (Kg per ha),0.08955391989401933,0.08955391989401933
CHICKPEA AREA (1000 ha),SUGARCANE YIELD (Kg per ha),-0.08942115867437703,0.08942115867437703
RICE AREA (1000 ha),CASTOR YIELD (Kg per ha),-0.089405581804561,0.089405581804561
State Code,SAFFLOWER PRODUCTION (1000 tons),-0.08934918264255681,0.08934918264255681
SESAMUM YIELD (Kg per ha),COTTON PRODUCTION (1000 tons),0.08932988710817386,0.08932988710817386
MINOR PULSES AREA (1000 ha),CASTOR YIELD (Kg per ha),0.08917569185070875,0.08917569185070875
SOYABEAN YIELD (Kg per ha),FODDER AREA (1000 ha),-0.08912648238918804,0.08912648238918804
SORGHUM YIELD (Kg per ha),SUNFLOWER AREA (1000 ha),0.08911666975057125,0.08911666975057125
SUNFLOWER AREA (1000 ha),SUGARCANE PRODUCTION (1000 tons),0.08909322168718596,0.08909322168718596
PEARL MILLET YIELD (Kg per ha),ONION AREA (1000 ha),0.08902601937965245,0.08902601937965245
FINGER MILLET AREA (1000 ha),LINSEED PRODUCTION (1000 tons),-0.08899350464487356,0.08899350464487356
SORGHUM AREA (1000 ha),FRUITS AND VEGETABLES AREA (1000 ha),-0.08886911102762342,0.08886911102762342
WHEAT YIELD (Kg per ha),COTTON YIELD (Kg per ha),0.08857328350955733,0.08857328350955733
MINOR PULSES AREA (1000 ha),COTTON AREA (1000 ha),0.08852862700164228,0.08852862700164228
SUNFLOWER AREA (1000 ha),COTTON YIELD (Kg per ha),0.08849103982220387,0.08849103982220387
MINOR PULSES YIELD (Kg per ha),RAPESEED AND MUSTARD AREA (1000 ha),0.08841301479233317,0.08841301479233317
PIGEONPEA YIELD (Kg per ha),OILSEEDS AREA (1000 ha),-0.08832608760349074,0.08832608760349074
RICE AREA (1000 ha),MINOR PULSES YIELD (Kg per ha),0.08827174725591656,0.08827174725591656
PIGEONPEA PRODUCTION (1000 tons),FODDER AREA (1000 ha),-0.08824496469290274,0.08824496469290274
RICE YIELD (Kg per ha),PEARL MILLET PRODUCTION (1000 tons),-0.08809262215232866,0.08809262215232866
WHEAT YIELD (Kg per ha),CHICKPEA AREA (1000 ha),0.08808871646205339,0.08808871646205339
RABI SORGHUM AREA (1000 ha),BARLEY PRODUCTION (1000 tons),-0.08796955904700117,0.08796955904700117
MINOR PULSES AREA (1000 ha),COTTON YIELD (Kg per ha),0.08786101097678252,0.08786101097678252
FINGER MILLET PRODUCTION (1000 tons),BARLEY AREA (1000 ha),-0.08777469432808031,0.08777469432808031
RICE AREA (1000 ha),PIGEONPEA PRODUCTION (1000 tons),-0.08773893052144992,0.08773893052144992
MINOR PULSES YIELD (Kg per ha),FRUITS AND VEGETABLES AREA (1000 ha),0.08768629462878086,0.08768629462878086
WHEAT YIELD (Kg per ha),SUNFLOWER PRODUCTION (1000 tons),-0.08766775133835909,0.08766775133835909
BARLEY AREA (1000 ha),SOYABEAN AREA (1000 ha),-0.08764510068246961,0.08764510068246961
PIGEONPEA PRODUCTION (1000 tons),OILSEEDS PRODUCTION (1000 tons),0.08761943628975634,0.08761943628975634
MAIZE YIELD (Kg per ha),PIGEONPEA AREA (1000 ha),0.08760034043370539,0.08760034043370539
PEARL MILLET AREA (1000 ha),SUNFLOWER YIELD (Kg per ha),-0.08739276676190293,0.08739276676190293
RAPESEED AND MUSTARD YIELD (Kg per ha),VEGETABLES AREA (1000 ha),0.0872189125468953,0.0872189125468953
RICE AREA (1000 ha),LINSEED PRODUCTION (1000 tons),0.08721723177920217,0.08721723177920217
WHEAT AREA (1000 ha),LINSEED PRODUCTION (1000 tons),0.0870600866587067,0.0870600866587067
PEARL MILLET AREA (1000 ha),SESAMUM PRODUCTION (1000 tons),0.08702159633234478,0.08702159633234478
FINGER MILLET YIELD (Kg per ha),POTATOES AREA (1000 ha),-0.08701521682361388,0.08701521682361388
RABI SORGHUM AREA (1000 ha),RAPESEED AND MUSTARD AREA (1000 ha),-0.08672509131014877,0.08672509131014877
SAFFLOWER AREA (1000 ha),OILSEEDS PRODUCTION (1000 tons),0.08670531252304108,0.08670531252304108
SOYABEAN PRODUCTION (1000 tons),FRUITS AND VEGETABLES AREA (1000 ha),-0.08669517230655382,0.08669517230655382
SORGHUM AREA (1000 ha),PIGEONPEA YIELD (Kg per ha),-0.08653615724260028,0.08653615724260028
RICE AREA (1000 ha),RAPESEED AND MUSTARD PRODUCTION (1000 tons),-0.08651845958623039,0.08651845958623039
CASTOR AREA (1000 ha),OILSEEDS YIELD (Kg per ha),0.08646540142834018,0.08646540142834018
RAPESEED AND MUSTARD PRODUCTION (1000 tons),FRUITS AREA (1000 ha),-0.08603561130976492,0.08603561130976492
VEGETABLES AREA (1000 ha),FODDER AREA (1000 ha),-0.08603061747458815,0.08603061747458815
PIGEONPEA AREA (1000 ha),RAPESEED AND MUSTARD PRODUCTION (1000 tons),-0.08602345887994817,0.08602345887994817
SOYABEAN AREA (1000 ha),FRUITS AREA (1000 ha),-0.08594615744068379,0.08594615744068379
SORGHUM AREA (1000 ha),BARLEY PRODUCTION (1000 tons),-0.08591501362503907,0.08591501362503907
SAFFLOWER PRODUCTION (1000 tons),COTTON PRODUCTION (1000 tons),0.0858669151837636,0.0858669151837636
SESAMUM YIELD (Kg per ha),OILSEEDS AREA (1000 ha),0.08578582404672117,0.08578582404672117
BARLEY YIELD (Kg per ha),OILSEEDS AREA (1000 ha),-0.0857312112208857,0.0857312112208857
SESAMUM AREA (1000 ha),CASTOR PRODUCTION (1000 tons),0.08556825439587673,0.08556825439587673
KHARIF SORGHUM AREA (1000 ha),FRUITS AREA (1000 ha),-0.08556109517797479,0.08556109517797479
LINSEED PRODUCTION (1000 tons),SUGARCANE YIELD (Kg per ha),-0.08538005209994083,0.08538005209994083
FINGER MILLET AREA (1000 ha),MINOR PULSES AREA (1000 ha),0.08534036602566213,0.08534036602566213
RICE YIELD (Kg per ha),SUNFLOWER AREA (1000 ha),0.08528701846229074,0.08528701846229074
KHARIF SORGHUM PRODUCTION (1000 tons),BARLEY AREA (1000 ha),-0.08525390695559676,0.08525390695559676
Year,PIGEONPEA PRODUCTION (1000 tons),0.08519614921205997,0.08519614921205997
Year,PEARL MILLET PRODUCTION (1000 tons),0.08517126846273057,0.08517126846273057
KHARIF SORGHUM PRODUCTION (1000 tons),FRUITS AND VEGETABLES AREA (1000 ha),-0.08516817044933216,0.08516817044933216
SESAMUM AREA (1000 ha),COTTON AREA (1000 ha),0.08500029051834468,0.08500029051834468
PEARL MILLET YIELD (Kg per ha),FINGER MILLET YIELD (Kg per ha),0.08499047257550107,0.08499047257550107
PEARL MILLET YIELD (Kg per ha),MAIZE AREA (1000 ha),0.08480771602866725,0.08480771602866725
MINOR PULSES PRODUCTION (1000 tons),COTTON YIELD (Kg per ha),0.08479605862992698,0.08479605862992698
CASTOR AREA (1000 ha),LINSEED YIELD (Kg per ha),-0.08477102268116646,0.08477102268116646
MINOR PULSES PRODUCTION (1000 tons),OILSEEDS PRODUCTION (1000 tons),0.08476170186107526,0.08476170186107526
SORGHUM PRODUCTION (1000 tons),SESAMUM AREA (1000 ha),0.08462190828517037,0.08462190828517037
BARLEY AREA (1000 ha),CHICKPEA YIELD (Kg per ha),0.08461838091676349,0.08461838091676349
SOYABEAN PRODUCTION (1000 tons),COTTON PRODUCTION (1000 tons),0.08454402448882806,0.08454402448882806
WHEAT PRODUCTION (1000 tons),GROUNDNUT PRODUCTION (1000 tons),-0.0845229737005679,0.0845229737005679
LINSEED YIELD (Kg per ha),OILSEEDS PRODUCTION (1000 tons),0.08443192944668955,0.08443192944668955
KHARIF SORGHUM PRODUCTION (1000 tons),GROUNDNUT PRODUCTION (1000 tons),0.08436271319148991,0.08436271319148991
PEARL MILLET PRODUCTION (1000 tons),GROUNDNUT AREA (1000 ha),0.0842440745398297,0.0842440745398297
Dist Code,MAIZE YIELD (Kg per ha),-0.08421858061965652,0.08421858061965652
BARLEY AREA (1000 ha),GROUNDNUT YIELD (Kg per ha),-0.08397500034276954,0.08397500034276954
LINSEED AREA (1000 ha),POTATOES AREA (1000 ha),-0.08392856087841777,0.08392856087841777
RICE YIELD (Kg per ha),SORGHUM PRODUCTION (1000 tons),-0.0839278254507399,0.0839278254507399
SUNFLOWER PRODUCTION (1000 tons),SOYABEAN YIELD (Kg per ha),0.08388950724480349,0.08388950724480349
LINSEED AREA (1000 ha),SUGARCANE AREA (1000 ha),-0.0838441961459339,0.0838441961459339
MAIZE PRODUCTION (1000 tons),FRUITS AREA (1000 ha),0.08384309379722228,0.08384309379722228
RAPESEED AND MUSTARD YIELD (Kg per ha),LINSEED AREA (1000 ha),-0.0837582925374027,0.0837582925374027
MINOR PULSES PRODUCTION (1000 tons),FODDER AREA (1000 ha),0.08375531619999661,0.08375531619999661
SAFFLOWER AREA (1000 ha),SUGARCANE PRODUCTION (1000 tons),0.08374366299544315,0.08374366299544315
RAPESEED AND MUSTARD AREA (1000 ha),CASTOR AREA (1000 ha),0.08367096032177403,0.08367096032177403
KHARIF SORGHUM PRODUCTION (1000 tons),ONION AREA (1000 ha),0.08350282730132992,0.08350282730132992
RABI SORGHUM AREA (1000 ha),PIGEONPEA YIELD (Kg per ha),-0.08345204904229467,0.08345204904229467
PIGEONPEA YIELD (Kg per ha),GROUNDNUT YIELD (Kg per ha),0.08334959078537325,0.08334959078537325
RICE YIELD (Kg per ha),COTTON PRODUCTION (1000 tons),0.08334628622842903,0.08334628622842903
RICE PRODUCTION (1000 tons),MAIZE AREA (1000 ha),-0.08333848124618937,0.08333848124618937
FINGER MILLET PRODUCTION (1000 tons),BARLEY PRODUCTION (1000 tons),-0.08330231192481544,0.08330231192481544
RABI SORGHUM YIELD (Kg per ha),CASTOR AREA (1000 ha),0.08319038822877205,0.08319038822877205
WHEAT PRODUCTION (1000 tons),SESAMUM PRODUCTION (1000 tons),-0.08315711136569996,0.08315711136569996
MAIZE AREA (1000 ha),CASTOR YIELD (Kg per ha),0.08297079190443866,0.08297079190443866
FINGER MILLET PRODUCTION (1000 tons),GROUNDNUT YIELD (Kg per ha),0.08278352304472962,0.08278352304472962
SORGHUM PRODUCTION (1000 tons),PEARL MILLET PRODUCTION (1000 tons),0.08274140800578511,0.08274140800578511
SESAMUM AREA (1000 ha),FODDER AREA (1000 ha),0.08270768987881326,0.08270768987881326
FRUITS AREA (1000 ha),ONION AREA (1000 ha),0.08256403781857935,0.08256403781857935
RICE PRODUCTION (1000 tons),KHARIF SORGHUM YIELD (Kg per ha),-0.0825402581982474,0.0825402581982474
BARLEY AREA (1000 ha),SOYABEAN PRODUCTION (1000 tons),-0.08240342682259184,0.08240342682259184
PIGEONPEA YIELD (Kg per ha),SESAMUM AREA (1000 ha),-0.08226671481267137,0.08226671481267137
GROUNDNUT AREA (1000 ha),SAFFLOWER AREA (1000 ha),0.08222841331051296,0.08222841331051296
RABI SORGHUM AREA (1000 ha),OILSEEDS PRODUCTION (1000 tons),0.08216770705913867,0.08216770705913867
FINGER MILLET PRODUCTION (1000 tons),LINSEED PRODUCTION (1000 tons),-0.08212122340499046,0.08212122340499046
RICE YIELD (Kg per ha),PIGEONPEA YIELD (Kg per ha),0.0820475671544446,0.0820475671544446
COTTON PRODUCTION (1000 tons),POTATOES AREA (1000 ha),-0.08197815002318183,0.08197815002318183
FINGER MILLET YIELD (Kg per ha),COTTON AREA (1000 ha),-0.08197456816292602,0.08197456816292602
RICE YIELD (Kg per ha),BARLEY PRODUCTION (1000 tons),-0.08193409129313861,0.08193409129313861
SESAMUM PRODUCTION (1000 tons),COTTON AREA (1000 ha),0.08192427557262395,0.08192427557262395
SORGHUM AREA (1000 ha),VEGETABLES AREA (1000 ha),-0.08191978435153184,0.08191978435153184
SORGHUM PRODUCTION (1000 tons),RAPESEED AND MUSTARD PRODUCTION (1000 tons),-0.08185180809131117,0.08185180809131117
FINGER MILLET AREA (1000 ha),VEGETABLES AREA (1000 ha),0.0818082934126897,0.0818082934126897
MAIZE AREA (1000 ha),SUNFLOWER AREA (1000 ha),0.08177925396843473,0.08177925396843473
PIGEONPEA AREA (1000 ha),PIGEONPEA YIELD (Kg per ha),0.08177686613105067,0.08177686613105067
SESAMUM PRODUCTION (1000 tons),ONION AREA (1000 ha),0.08176758321948163,0.08176758321948163
MAIZE YIELD (Kg per ha),SUGARCANE AREA (1000 ha),0.08153706786596819,0.08153706786596819
BARLEY PRODUCTION (1000 tons),GROUNDNUT AREA (1000 ha),-0.08152938416588673,0.08152938416588673
SUGARCANE PRODUCTION (1000 tons),COTTON YIELD (Kg per ha),0.08152882950811957,0.08152882950811957
FINGER MILLET YIELD (Kg per ha),CHICKPEA YIELD (Kg per ha),-0.08146160834679776,0.08146160834679776
State Code,RAPESEED AND MUSTARD YIELD (Kg per ha),-0.08145902577280495,0.08145902577280495
PEARL MILLET PRODUCTION (1000 tons),SAFFLOWER PRODUCTION (1000 tons),0.08138809333618621,0.08138809333618621
SORGHUM PRODUCTION (1000 tons),SOYABEAN PRODUCTION (1000 tons),0.08132533342691495,0.08132533342691495
SORGHUM YIELD (Kg per ha),SUGARCANE AREA (1000 ha),0.08127960086469997,0.08127960086469997
LINSEED AREA (1000 ha),SUGARCANE PRODUCTION (1000 tons),-0.08118950315481473,0.08118950315481473
RICE YIELD (Kg per ha),SAFFLOWER AREA (1000 ha),-0.08117715802593842,0.08117715802593842
WHEAT YIELD (Kg per ha),SESAMUM YIELD (Kg per ha),0.0810415018104546,0.0810415018104546
PEARL MILLET PRODUCTION (1000 tons),CHICKPEA YIELD (Kg per ha),0.08094985855073832,0.08094985855073832
SESAMUM YIELD (Kg per ha),LINSEED AREA (1000 ha),-0.08094480938183772,0.08094480938183772
FINGER MILLET AREA (1000 ha),LINSEED AREA (1000 ha),-0.08085366029726682,0.08085366029726682
RAPESEED AND MUSTARD YIELD (Kg per ha),SOYABEAN PRODUCTION (1000 tons),0.08082447162891544,0.08082447162891544
BARLEY YIELD (Kg per ha),CASTOR AREA (1000 ha),-0.0806741254958168,0.0806741254958168
PEARL MILLET PRODUCTION (1000 tons),FRUITS AREA (1000 ha),-0.08065431965687689,0.08065431965687689
FINGER MILLET PRODUCTION (1000 tons),RAPESEED AND MUSTARD AREA (1000 ha),-0.08063950180775119,0.08063950180775119
CHICKPEA AREA (1000 ha),PIGEONPEA YIELD (Kg per ha),0.08053444271771336,0.08053444271771336
RICE YIELD (Kg per ha),LINSEED YIELD (Kg per ha),-0.08031554171136242,0.08031554171136242
CHICKPEA AREA (1000 ha),SAFFLOWER AREA (1000 ha),0.08027424400285675,0.08027424400285675
PIGEONPEA PRODUCTION (1000 tons),RAPESEED AND MUSTARD AREA (1000 ha),-0.08023296756998635,0.08023296756998635
SUNFLOWER AREA (1000 ha),SUNFLOWER YIELD (Kg per ha),0.08015059518080278,0.08015059518080278
CHICKPEA AREA (1000 ha),SUNFLOWER YIELD (Kg per ha),-0.08013096997104598,0.08013096997104598
GROUNDNUT AREA (1000 ha),RAPESEED AND MUSTARD AREA (1000 ha),-0.08012428134962535,0.08012428134962535
WHEAT PRODUCTION (1000 tons),OILSEEDS PRODUCTION (1000 tons),0.0801075558616944,0.0801075558616944
BARLEY YIELD (Kg per ha),SUGARCANE PRODUCTION (1000 tons),0.08009509950793042,0.08009509950793042
PIGEONPEA AREA (1000 ha),ONION AREA (1000 ha),0.08001385538734315,0.08001385538734315
SAFFLOWER YIELD (Kg per ha),FODDER AREA (1000 ha),-0.07987898739161672,0.07987898739161672
RAPESEED AND MUSTARD YIELD (Kg per ha),SOYABEAN YIELD (Kg per ha),0.07964978410493734,0.07964978410493734
SUNFLOWER YIELD (Kg per ha),FODDER AREA (1000 ha),-0.07960476844215489,0.07960476844215489
WHEAT AREA (1000 ha),RABI SORGHUM AREA (1000 ha),-0.07941680348303531,0.07941680348303531
MAIZE PRODUCTION (1000 tons),SUGARCANE AREA (1000 ha),0.07927310111414194,0.07927310111414194
State Code,BARLEY YIELD (Kg per ha),0.07923643298932125,0.07923643298932125
CASTOR PRODUCTION (1000 tons),FODDER AREA (1000 ha),0.07915383644063329,0.07915383644063329
Dist Code,BARLEY PRODUCTION (1000 tons),-0.07902419650128353,0.07902419650128353
RABI SORGHUM PRODUCTION (1000 tons),POTATOES AREA (1000 ha),-0.07899470722782465,0.07899470722782465
BARLEY YIELD (Kg per ha),SOYABEAN YIELD (Kg per ha),0.07899154757367778,0.07899154757367778
KHARIF SORGHUM PRODUCTION (1000 tons),RAPESEED AND MUSTARD AREA (1000 ha),-0.0788632716510163,0.0788632716510163
RABI SORGHUM PRODUCTION (1000 tons),FINGER MILLET YIELD (Kg per ha),0.0788523564852295,0.0788523564852295
SOYABEAN AREA (1000 ha),COTTON PRODUCTION (1000 tons),0.07881104625711505,0.07881104625711505
KHARIF SORGHUM AREA (1000 ha),PEARL MILLET AREA (1000 ha),0.07857459466908516,0.07857459466908516
SUNFLOWER PRODUCTION (1000 tons),COTTON AREA (1000 ha),0.07850685832639862,0.07850685832639862
PEARL MILLET PRODUCTION (1000 tons),SAFFLOWER AREA (1000 ha),0.0784987759165078,0.0784987759165078
Year,RABI SORGHUM YIELD (Kg per ha),0.07845135280035322,0.07845135280035322
BARLEY AREA (1000 ha),VEGETABLES AREA (1000 ha),-0.07839919369082061,0.07839919369082061
PEARL MILLET AREA (1000 ha),MAIZE PRODUCTION (1000 tons),-0.07821844515171529,0.07821844515171529
SESAMUM PRODUCTION (1000 tons),SUGARCANE AREA (1000 ha),-0.07814175978775575,0.07814175978775575
CHICKPEA AREA (1000 ha),SAFFLOWER YIELD (Kg per ha),0.07787654870418202,0.07787654870418202
PEARL MILLET YIELD (Kg per ha),LINSEED PRODUCTION (1000 tons),-0.0778144496680838,0.0778144496680838
PIGEONPEA YIELD (Kg per ha),SOYABEAN YIELD (Kg per ha),0.07781150170998936,0.07781150170998936
RABI SORGHUM YIELD (Kg per ha),SUGARCANE AREA (1000 ha),0.07780481564094704,0.07780481564094704
Dist Code,RAPESEED AND MUSTARD YIELD (Kg per ha),0.07771367171322337,0.07771367171322337
WHEAT YIELD (Kg per ha),SAFFLOWER PRODUCTION (1000 tons),-0.07757521339564882,0.07757521339564882
BARLEY AREA (1000 ha),SAFFLOWER AREA (1000 ha),-0.07740929048529877,0.07740929048529877
MAIZE PRODUCTION (1000 tons),SOYABEAN PRODUCTION (1000 tons),0.07737792786056599,0.07737792786056599
PEARL MILLET PRODUCTION (1000 tons),LINSEED PRODUCTION (1000 tons),-0.07731448447444711,0.07731448447444711
Dist Code,FINGER MILLET AREA (1000 ha),-0.07728958947254029,0.07728958947254029
MINOR PULSES PRODUCTION (1000 tons),OILSEEDS AREA (1000 ha),0.07712480634062484,0.07712480634062484
SOYABEAN PRODUCTION (1000 tons),FRUITS AREA (1000 ha),-0.07703299128341409,0.07703299128341409
RICE AREA (1000 ha),CASTOR PRODUCTION (1000 tons),-0.0769196324795085,0.0769196324795085
RABI SORGHUM AREA (1000 ha),MAIZE YIELD (Kg per ha),0.07691188900135702,0.07691188900135702
PEARL MILLET AREA (1000 ha),SOYABEAN AREA (1000 ha),-0.07689710807576591,0.07689710807576591
FINGER MILLET YIELD (Kg per ha),CASTOR YIELD (Kg per ha),0.07689078448466993,0.07689078448466993
WHEAT PRODUCTION (1000 tons),LINSEED AREA (1000 ha),-0.07672287319356025,0.07672287319356025
Year,SUNFLOWER AREA (1000 ha),0.07670798248125678,0.07670798248125678
GROUNDNUT PRODUCTION (1000 tons),POTATOES AREA (1000 ha),-0.07669868887135026,0.07669868887135026
WHEAT YIELD (Kg per ha),GROUNDNUT AREA (1000 ha),-0.07668041734197627,0.07668041734197627
FINGER MILLET AREA (1000 ha),ONION AREA (1000 ha),0.07667990885752986,0.07667990885752986
RAPESEED AND MUSTARD AREA (1000 ha),SUGARCANE PRODUCTION (1000 tons),-0.07664088706882913,0.07664088706882913
WHEAT YIELD (Kg per ha),VEGETABLES AREA (1000 ha),0.07657425602833624,0.07657425602833624
LINSEED YIELD (Kg per ha),COTTON YIELD (Kg per ha),-0.0765676274845352,0.0765676274845352
Year,LINSEED PRODUCTION (1000 tons),-0.07630074355165545,0.07630074355165545
MAIZE YIELD (Kg per ha),POTATOES AREA (1000 ha),0.07625301438504392,0.07625301438504392
Dist Code,SESAMUM AREA (1000 ha),-0.07609196533556348,0.07609196533556348
SOYABEAN AREA (1000 ha),VEGETABLES AREA (1000 ha),-0.075966115544821,0.075966115544821
KHARIF SORGHUM YIELD (Kg per ha),POTATOES AREA (1000 ha),-0.07575948538220675,0.07575948538220675
FINGER MILLET AREA (1000 ha),RAPESEED AND MUSTARD PRODUCTION (1000 tons),-0.07574671213769875,0.07574671213769875
LINSEED YIELD (Kg per ha),OILSEEDS AREA (1000 ha),0.07573893813246049,0.07573893813246049
RAPESEED AND MUSTARD AREA (1000 ha),SAFFLOWER YIELD (Kg per ha),-0.07568720100664919,0.07568720100664919
PIGEONPEA YIELD (Kg per ha),FRUITS AREA (1000 ha),-0.07565228270158116,0.07565228270158116
RAPESEED AND MUSTARD YIELD (Kg per ha),COTTON YIELD (Kg per ha),0.07549940281133759,0.07549940281133759
RABI SORGHUM AREA (1000 ha),CASTOR YIELD (Kg per ha),0.07549010488863307,0.07549010488863307
CHICKPEA YIELD (Kg per ha),SESAMUM YIELD (Kg per ha),0.07544881584150978,0.07544881584150978
FINGER MILLET AREA (1000 ha),GROUNDNUT YIELD (Kg per ha),0.0753424053343862,0.0753424053343862
SESAMUM AREA (1000 ha),SUGARCANE PRODUCTION (1000 tons),-0.07533151405843973,0.07533151405843973
LINSEED AREA (1000 ha),VEGETABLES AREA (1000 ha),-0.07523517790169212,0.07523517790169212
LINSEED AREA (1000 ha),SUGARCANE YIELD (Kg per ha),-0.0751591661973819,0.0751591661973819
CHICKPEA AREA (1000 ha),GROUNDNUT YIELD (Kg per ha),0.07515438910884763,0.07515438910884763
MAIZE AREA (1000 ha),SAFFLOWER YIELD (Kg per ha),0.07511159232817052,0.07511159232817052
GROUNDNUT PRODUCTION (1000 tons),LINSEED PRODUCTION (1000 tons),-0.07510980544466414,0.07510980544466414
LINSEED AREA (1000 ha),SUNFLOWER YIELD (Kg per ha),-0.07506565618837428,0.07506565618837428
SESAMUM PRODUCTION (1000 tons),CASTOR AREA (1000 ha),0.07500771849884917,0.07500771849884917
FRUITS AREA (1000 ha),FODDER AREA (1000 ha),-0.07498134553781942,0.07498134553781942
MINOR PULSES YIELD (Kg per ha),SOYABEAN YIELD (Kg per ha),0.07497804430459558,0.07497804430459558
SUNFLOWER AREA (1000 ha),SOYABEAN YIELD (Kg per ha),0.07496654979457046,0.07496654979457046
LINSEED AREA (1000 ha),FODDER AREA (1000 ha),-0.07492394421576588,0.07492394421576588
KHARIF SORGHUM PRODUCTION (1000 tons),BARLEY PRODUCTION (1000 tons),-0.07479587719362887,0.07479587719362887
WHEAT PRODUCTION (1000 tons),SAFFLOWER AREA (1000 ha),-0.07479002434240341,0.07479002434240341
SORGHUM PRODUCTION (1000 tons),SOYABEAN AREA (1000 ha),0.07476739943510895,0.07476739943510895
SORGHUM PRODUCTION (1000 tons),GROUNDNUT YIELD (Kg per ha),0.07457436479115423,0.07457436479115423
GROUNDNUT AREA (1000 ha),CASTOR PRODUCTION (1000 tons),0.07446102546119035,0.07446102546119035
FINGER MILLET PRODUCTION (1000 tons),LINSEED AREA (1000 ha),-0.07437938045662616,0.07437938045662616
PEARL MILLET PRODUCTION (1000 tons),SOYABEAN AREA (1000 ha),-0.07434987707923375,0.07434987707923375
RABI SORGHUM AREA (1000 ha),GROUNDNUT PRODUCTION (1000 tons),0.07427280728970378,0.07427280728970378
SOYABEAN YIELD (Kg per ha),SUGARCANE PRODUCTION (1000 tons),0.07420076208577482,0.07420076208577482
MINOR PULSES PRODUCTION (1000 tons),CASTOR YIELD (Kg per ha),0.07419164932594853,0.07419164932594853
PEARL MILLET YIELD (Kg per ha),SOYABEAN YIELD (Kg per ha),0.07413781906969262,0.07413781906969262
PIGEONPEA PRODUCTION (1000 tons),SUNFLOWER YIELD (Kg per ha),0.07396654771298047,0.07396654771298047
CHICKPEA YIELD (Kg per ha),PIGEONPEA PRODUCTION (1000 tons),0.07387318981860441,0.07387318981860441
FINGER MILLET AREA (1000 ha),CHICKPEA YIELD (Kg per ha),-0.07359105739714619,0.07359105739714619
RICE YIELD (Kg per ha),OILSEEDS AREA (1000 ha),-0.0732360661084929,0.0732360661084929
SORGHUM AREA (1000 ha),CHICKPEA YIELD (Kg per ha),-0.07320122575165848,0.07320122575165848
PEARL MILLET PRODUCTION (1000 tons),LINSEED AREA (1000 ha),-0.07316548109649709,0.07316548109649709
RAPESEED AND MUSTARD YIELD (Kg per ha),SOYABEAN AREA (1000 ha),0.07307549609130065,0.07307549609130065
CHICKPEA PRODUCTION (1000 tons),ONION AREA (1000 ha),0.07294802899340212,0.07294802899340212
RICE YIELD (Kg per ha),RAPESEED AND MUSTARD YIELD (Kg per ha),0.07294712265016749,0.07294712265016749
SORGHUM PRODUCTION (1000 tons),MINOR PULSES YIELD (Kg per ha),-0.0729252143738479,0.0729252143738479
RAPESEED AND MUSTARD AREA (1000 ha),COTTON AREA (1000 ha),0.07282600236717905,0.07282600236717905
MAIZE YIELD (Kg per ha),LINSEED AREA (1000 ha),-0.07281697815518426,0.07281697815518426
RABI SORGHUM PRODUCTION (1000 tons),PIGEONPEA YIELD (Kg per ha),-0.07271609806666038,0.07271609806666038
WHEAT AREA (1000 ha),CASTOR AREA (1000 ha),-0.07262338976425119,0.07262338976425119
Dist Code,MINOR PULSES AREA (1000 ha),-0.07258907869055453,0.07258907869055453
RABI SORGHUM PRODUCTION (1000 tons),RAPESEED AND MUSTARD PRODUCTION (1000 tons),-0.07249161631409472,0.07249161631409472
PEARL MILLET AREA (1000 ha),MINOR PULSES YIELD (Kg per ha),-0.07248826037854786,0.07248826037854786
RABI SORGHUM YIELD (Kg per ha),SOYABEAN PRODUCTION (1000 tons),0.07240311084852233,0.07240311084852233
CASTOR AREA (1000 ha),FODDER AREA (1000 ha),0.07216578142814088,0.07216578142814088
MAIZE PRODUCTION (1000 tons),PIGEONPEA PRODUCTION (1000 tons),0.07212959381716912,0.07212959381716912
Dist Code,BARLEY YIELD (Kg per ha),-0.07208790254376811,0.07208790254376811
PEARL MILLET YIELD (Kg per ha),CHICKPEA AREA (1000 ha),0.07201020513837406,0.07201020513837406
SUGARCANE PRODUCTION (1000 tons),FRUITS AND VEGETABLES AREA (1000 ha),0.07185136617351197,0.07185136617351197
LINSEED YIELD (Kg per ha),COTTON AREA (1000 ha),-0.07183045739549046,0.07183045739549046
LINSEED PRODUCTION (1000 tons),POTATOES AREA (1000 ha),-0.07182747688669178,0.07182747688669178
PEARL MILLET AREA (1000 ha),VEGETABLES AREA (1000 ha),-0.07177637880072368,0.07177637880072368
BARLEY AREA (1000 ha),SUNFLOWER PRODUCTION (1000 tons),-0.07176254514220588,0.07176254514220588
SORGHUM PRODUCTION (1000 tons),VEGETABLES AREA (1000 ha),-0.07166835522111005,0.07166835522111005
SORGHUM AREA (1000 ha),RAPESEED AND MUSTARD PRODUCTION (1000 tons),-0.07165150915075405,0.07165150915075405
RABI SORGHUM AREA (1000 ha),POTATOES AREA (1000 ha),-0.07161085219535963,0.07161085219535963
SORGHUM PRODUCTION (1000 tons),MAIZE PRODUCTION (1000 tons),0.07160894407322624,0.07160894407322624
State Code,LINSEED AREA (1000 ha),-0.0715936926129172,0.0715936926129172
MINOR PULSES AREA (1000 ha),SUNFLOWER AREA (1000 ha),0.0715745819109514,0.0715745819109514
SESAMUM YIELD (Kg per ha),SOYABEAN YIELD (Kg per ha),0.07154033908588646,0.07154033908588646
BARLEY PRODUCTION (1000 tons),SOYABEAN AREA (1000 ha),-0.07151563493899912,0.07151563493899912
MINOR PULSES AREA (1000 ha),MINOR PULSES YIELD (Kg per ha),-0.07150857297723899,0.07150857297723899
RICE YIELD (Kg per ha),PIGEONPEA PRODUCTION (1000 tons),-0.07146663587384061,0.07146663587384061
MAIZE AREA (1000 ha),FODDER AREA (1000 ha),-0.07143333090818876,0.07143333090818876
PIGEONPEA YIELD (Kg per ha),SUGARCANE PRODUCTION (1000 tons),0.07122796303266868,0.07122796303266868
MAIZE AREA (1000 ha),SOYABEAN PRODUCTION (1000 tons),0.0711920906991676,0.0711920906991676
KHARIF SORGHUM AREA (1000 ha),SESAMUM YIELD (Kg per ha),-0.07114554043904034,0.07114554043904034
Year,BARLEY PRODUCTION (1000 tons),-0.071135423674955,0.071135423674955
CHICKPEA PRODUCTION (1000 tons),SAFFLOWER YIELD (Kg per ha),0.07106511507617475,0.07106511507617475
FINGER MILLET PRODUCTION (1000 tons),COTTON YIELD (Kg per ha),0.07086841688841175,0.07086841688841175
SAFFLOWER YIELD (Kg per ha),SUGARCANE PRODUCTION (1000 tons),0.07079262852658307,0.07079262852658307
WHEAT PRODUCTION (1000 tons),SOYABEAN PRODUCTION (1000 tons),0.07077826098517861,0.07077826098517861
FINGER MILLET YIELD (Kg per ha),SAFFLOWER YIELD (Kg per ha),0.07074443987205595,0.07074443987205595
SORGHUM YIELD (Kg per ha),SAFFLOWER PRODUCTION (1000 tons),0.07069878439420288,0.07069878439420288
LINSEED PRODUCTION (1000 tons),FODDER AREA (1000 ha),-0.07065104489444547,0.07065104489444547
SESAMUM AREA (1000 ha),COTTON PRODUCTION (1000 tons),0.0705688062002636,0.0705688062002636
SUNFLOWER PRODUCTION (1000 tons),SUGARCANE AREA (1000 ha),0.07054802355238954,0.07054802355238954
SUNFLOWER AREA (1000 ha),COTTON AREA (1000 ha),0.0705172952032049,0.0705172952032049
BARLEY YIELD (Kg per ha),SESAMUM PRODUCTION (1000 tons),-0.07046443162812407,0.07046443162812407
OILSEEDS YIELD (Kg per ha),SUGARCANE AREA (1000 ha),0.07046274491518505,0.07046274491518505
OILSEEDS PRODUCTION (1000 tons),POTATOES AREA (1000 ha),-0.07039685657541862,0.07039685657541862
PIGEONPEA YIELD (Kg per ha),MINOR PULSES PRODUCTION (1000 tons),0.07037535649178016,0.07037535649178016
RICE PRODUCTION (1000 tons),OILSEEDS PRODUCTION (1000 tons),-0.07034580896752986,0.07034580896752986
GROUNDNUT PRODUCTION (1000 tons),SUGARCANE PRODUCTION (1000 tons),0.07017239185340647,0.07017239185340647
MAIZE AREA (1000 ha),SOYABEAN AREA (1000 ha),0.07013083253088412,0.07013083253088412
FINGER MILLET PRODUCTION (1000 tons),SUNFLOWER YIELD (Kg per ha),0.07001219545450027,0.07001219545450027
PIGEONPEA PRODUCTION (1000 tons),GROUNDNUT YIELD (Kg per ha),0.07001098270396938,0.07001098270396938
BARLEY PRODUCTION (1000 tons),SAFFLOWER AREA (1000 ha),-0.0699714860459034,0.0699714860459034
BARLEY AREA (1000 ha),SAFFLOWER PRODUCTION (1000 tons),-0.06982347002134061,0.06982347002134061
MAIZE PRODUCTION (1000 tons),FODDER AREA (1000 ha),-0.0697266076244087,0.0697266076244087
PEARL MILLET YIELD (Kg per ha),MINOR PULSES PRODUCTION (1000 tons),0.06969169649663969,0.06969169649663969
SESAMUM AREA (1000 ha),LINSEED AREA (1000 ha),0.06968988973097975,0.06968988973097975
FINGER MILLET PRODUCTION (1000 tons),VEGETABLES AREA (1000 ha),0.0695626149705311,0.0695626149705311
MAIZE AREA (1000 ha),SESAMUM PRODUCTION (1000 tons),-0.0693561724911481,0.0693561724911481
BARLEY AREA (1000 ha),OILSEEDS AREA (1000 ha),-0.06934675583397976,0.06934675583397976
RAPESEED AND MUSTARD AREA (1000 ha),SUGARCANE AREA (1000 ha),-0.06933406011211649,0.06933406011211649
RABI SORGHUM YIELD (Kg per ha),LINSEED PRODUCTION (1000 tons),-0.06930680639243544,0.06930680639243544
PEARL MILLET AREA (1000 ha),SOYABEAN PRODUCTION (1000 tons),-0.06924271905533608,0.06924271905533608
Dist Code,CASTOR PRODUCTION (1000 tons),-0.0688973327610021,0.0688973327610021
CASTOR PRODUCTION (1000 tons),LINSEED YIELD (Kg per ha),-0.06885128024109412,0.06885128024109412
RAPESEED AND MUSTARD PRODUCTION (1000 tons),SAFFLOWER YIELD (Kg per ha),-0.06865779163634703,0.06865779163634703
SOYABEAN PRODUCTION (1000 tons),VEGETABLES AREA (1000 ha),-0.06858087597903612,0.06858087597903612
PEARL MILLET PRODUCTION (1000 tons),MAIZE AREA (1000 ha),-0.06854109620553694,0.06854109620553694
CHICKPEA YIELD (Kg per ha),COTTON YIELD (Kg per ha),0.06842840070541871,0.06842840070541871
MAIZE AREA (1000 ha),SUGARCANE AREA (1000 ha),0.06842061681686602,0.06842061681686602
SORGHUM AREA (1000 ha),CASTOR AREA (1000 ha),0.06837726795301197,0.06837726795301197
PIGEONPEA AREA (1000 ha),SESAMUM AREA (1000 ha),0.06834828342357008,0.06834828342357008
SESAMUM PRODUCTION (1000 tons),OILSEEDS YIELD (Kg per ha),0.06832938870038469,0.06832938870038469
SESAMUM AREA (1000 ha),LINSEED PRODUCTION (1000 tons),0.06831784549831216,0.06831784549831216
SUNFLOWER PRODUCTION (1000 tons),FRUITS AND VEGETABLES AREA (1000 ha),0.06830465630117664,0.06830465630117664
RICE AREA (1000 ha),COTTON PRODUCTION (1000 tons),-0.06823978767222105,0.06823978767222105
OILSEEDS YIELD (Kg per ha),FODDER AREA (1000 ha),0.06818500895809991,0.06818500895809991
BARLEY PRODUCTION (1000 tons),GROUNDNUT PRODUCTION (1000 tons),-0.06817608017806598,0.06817608017806598
CHICKPEA AREA (1000 ha),RAPESEED AND MUSTARD YIELD (Kg per ha),0.0680929172783122,0.0680929172783122
RABI SORGHUM AREA (1000 ha),RAPESEED AND MUSTARD PRODUCTION (1000 tons),-0.06806821769635035,0.06806821769635035
PIGEONPEA YIELD (Kg per ha),RAPESEED AND MUSTARD AREA (1000 ha),0.06805309316331826,0.06805309316331826
WHEAT PRODUCTION (1000 tons),FRUITS AND VEGETABLES AREA (1000 ha),-0.0680210367114331,0.0680210367114331
SUNFLOWER YIELD (Kg per ha),SOYABEAN YIELD (Kg per ha),0.06797768817607673,0.06797768817607673
LINSEED PRODUCTION (1000 tons),COTTON PRODUCTION (1000 tons),-0.06788073311096039,0.06788073311096039
MINOR PULSES AREA (1000 ha),SUGARCANE YIELD (Kg per ha),0.06783681959820508,0.06783681959820508
Year,SORGHUM PRODUCTION (1000 tons),-0.06776713432353342,0.06776713432353342
PEARL MILLET AREA (1000 ha),LINSEED PRODUCTION (1000 tons),-0.06748840057898983,0.06748840057898983
PIGEONPEA YIELD (Kg per ha),LINSEED AREA (1000 ha),0.06745066312601805,0.06745066312601805
LINSEED PRODUCTION (1000 tons),VEGETABLES AREA (1000 ha),-0.06735103409918496,0.06735103409918496
PIGEONPEA PRODUCTION (1000 tons),RAPESEED AND MUSTARD PRODUCTION (1000 tons),-0.06733449457872796,0.06733449457872796
SESAMUM YIELD (Kg per ha),SUGARCANE AREA (1000 ha),-0.06726959534410928,0.06726959534410928
FINGER MILLET AREA (1000 ha),SOYABEAN AREA (1000 ha),-0.06717664429589451,0.06717664429589451
RAPESEED AND MUSTARD AREA (1000 ha),SAFFLOWER AREA (1000 ha),-0.06715247705025831,0.06715247705025831
FINGER MILLET AREA (1000 ha),MINOR PULSES PRODUCTION (1000 tons),0.06713854057793306,0.06713854057793306
RICE AREA (1000 ha),WHEAT PRODUCTION (1000 tons),0.06700015400832027,0.06700015400832027
MINOR PULSES AREA (1000 ha),SUNFLOWER PRODUCTION (1000 tons),0.06695496403602337,0.06695496403602337
WHEAT PRODUCTION (1000 tons),SOYABEAN AREA (1000 ha),0.06679709837045561,0.06679709837045561
PIGEONPEA YIELD (Kg per ha),SOYABEAN PRODUCTION (1000 tons),0.06677880850706763,0.06677880850706763
SESAMUM AREA (1000 ha),CASTOR AREA (1000 ha),0.06673157115480527,0.06673157115480527
MINOR PULSES AREA (1000 ha),SUGARCANE AREA (1000 ha),-0.06665949128460412,0.06665949128460412
PIGEONPEA YIELD (Kg per ha),RAPESEED AND MUSTARD PRODUCTION (1000 tons),0.06664027169985068,0.06664027169985068
FINGER MILLET PRODUCTION (1000 tons),RAPESEED AND MUSTARD PRODUCTION (1000 tons),-0.06657109253465364,0.06657109253465364
GROUNDNUT AREA (1000 ha),LINSEED PRODUCTION (1000 tons),-0.06655803069599246,0.06655803069599246
FINGER MILLET AREA (1000 ha),COTTON AREA (1000 ha),-0.06654187327755524,0.06654187327755524
State Code,SAFFLOWER YIELD (Kg per ha),-0.06652252756015603,0.06652252756015603
FINGER MILLET PRODUCTION (1000 tons),MINOR PULSES AREA (1000 ha),0.06651209011106025,0.06651209011106025
SORGHUM YIELD (Kg per ha),PEARL MILLET AREA (1000 ha),-0.0664884224229823,0.0664884224229823
PIGEONPEA AREA (1000 ha),SUNFLOWER YIELD (Kg per ha),0.06644241399866417,0.06644241399866417
RICE PRODUCTION (1000 tons),COTTON AREA (1000 ha),-0.06639211555335504,0.06639211555335504
State Code,MAIZE PRODUCTION (1000 tons),-0.06632842282047148,0.06632842282047148
BARLEY PRODUCTION (1000 tons),SOYABEAN PRODUCTION (1000 tons),-0.06628890220580745,0.06628890220580745
SESAMUM YIELD (Kg per ha),SUNFLOWER PRODUCTION (1000 tons),0.06626453464190293,0.06626453464190293
GROUNDNUT PRODUCTION (1000 tons),LINSEED AREA (1000 ha),-0.06607862320092757,0.06607862320092757
RICE PRODUCTION (1000 tons),CASTOR YIELD (Kg per ha),-0.06602323372146744,0.06602323372146744
MAIZE PRODUCTION (1000 tons),PIGEONPEA AREA (1000 ha),0.06583820328805573,0.06583820328805573
SUNFLOWER YIELD (Kg per ha),ONION AREA (1000 ha),0.06579227799338759,0.06579227799338759
PEARL MILLET AREA (1000 ha),COTTON AREA (1000 ha),0.06575803934798317,0.06575803934798317
SORGHUM YIELD (Kg per ha),POTATOES AREA (1000 ha),-0.06570786467249953,0.06570786467249953
RICE YIELD (Kg per ha),PIGEONPEA AREA (1000 ha),-0.06568285228405005,0.06568285228405005
SAFFLOWER PRODUCTION (1000 tons),SUGARCANE AREA (1000 ha),0.06568005010967322,0.06568005010967322
GROUNDNUT PRODUCTION (1000 tons),SAFFLOWER YIELD (Kg per ha),0.06561125469434019,0.06561125469434019
FINGER MILLET AREA (1000 ha),COTTON YIELD (Kg per ha),0.06555038187620413,0.06555038187620413
SORGHUM AREA (1000 ha),FRUITS AREA (1000 ha),-0.0655341537403398,0.0655341537403398
MAIZE YIELD (Kg per ha),PIGEONPEA PRODUCTION (1000 tons),0.06553240658963848,0.06553240658963848
KHARIF SORGHUM PRODUCTION (1000 tons),LINSEED YIELD (Kg per ha),0.06548728149729237,0.06548728149729237
RICE AREA (1000 ha),MAIZE AREA (1000 ha),-0.06542796108850983,0.06542796108850983
RABI SORGHUM PRODUCTION (1000 tons),MINOR PULSES PRODUCTION (1000 tons),0.06540869802448723,0.06540869802448723
PEARL MILLET PRODUCTION (1000 tons),SOYABEAN PRODUCTION (1000 tons),-0.0653927741243864,0.0653927741243864
SAFFLOWER AREA (1000 ha),COTTON PRODUCTION (1000 tons),0.06538961782515088,0.06538961782515088
WHEAT PRODUCTION (1000 tons),SUGARCANE YIELD (Kg per ha),0.06528848735421146,0.06528848735421146
BARLEY AREA (1000 ha),CASTOR AREA (1000 ha),-0.06524730860270414,0.06524730860270414
SORGHUM YIELD (Kg per ha),FODDER AREA (1000 ha),-0.06519956625831286,0.06519956625831286
KHARIF SORGHUM AREA (1000 ha),MINOR PULSES PRODUCTION (1000 tons),0.06518289063824499,0.06518289063824499
MAIZE PRODUCTION (1000 tons),LINSEED AREA (1000 ha),-0.06514510557861193,0.06514510557861193
WHEAT YIELD (Kg per ha),SESAMUM PRODUCTION (1000 tons),0.06508765614277953,0.06508765614277953
KHARIF SORGHUM YIELD (Kg per ha),SESAMUM YIELD (Kg per ha),0.0649560959878055,0.0649560959878055
Year,PIGEONPEA AREA (1000 ha),0.06492538140739489,0.06492538140739489
PIGEONPEA AREA (1000 ha),GROUNDNUT YIELD (Kg per ha),0.06479884149343049,0.06479884149343049
SORGHUM AREA (1000 ha),MINOR PULSES PRODUCTION (1000 tons),0.06478091685465621,0.06478091685465621
PEARL MILLET YIELD (Kg per ha),LINSEED YIELD (Kg per ha),0.06476987171778804,0.06476987171778804
CASTOR PRODUCTION (1000 tons),POTATOES AREA (1000 ha),0.0647494517139884,0.0647494517139884
OILSEEDS AREA (1000 ha),SUGARCANE AREA (1000 ha),-0.06461786477835942,0.06461786477835942
MAIZE PRODUCTION (1000 tons),SOYABEAN AREA (1000 ha),0.06456190572240872,0.06456190572240872
MINOR PULSES YIELD (Kg per ha),LINSEED AREA (1000 ha),-0.0645360220729329,0.0645360220729329
WHEAT AREA (1000 ha),SORGHUM YIELD (Kg per ha),0.06450103574535307,0.06450103574535307
LINSEED PRODUCTION (1000 tons),OILSEEDS AREA (1000 ha),0.06439079559240447,0.06439079559240447
SESAMUM PRODUCTION (1000 tons),SAFFLOWER YIELD (Kg per ha),0.06423519650081815,0.06423519650081815
SUNFLOWER AREA (1000 ha),SUGARCANE AREA (1000 ha),0.0642258147813975,0.0642258147813975
RABI SORGHUM AREA (1000 ha),MINOR PULSES YIELD (Kg per ha),-0.06413980159204677,0.06413980159204677
MAIZE YIELD (Kg per ha),RAPESEED AND MUSTARD AREA (1000 ha),-0.06413657338393791,0.06413657338393791
RICE YIELD (Kg per ha),KHARIF SORGHUM YIELD (Kg per ha),0.06408820304563957,0.06408820304563957
MAIZE YIELD (Kg per ha),SOYABEAN PRODUCTION (1000 tons),0.06407168676460821,0.06407168676460821
RAPESEED AND MUSTARD PRODUCTION (1000 tons),SUGARCANE PRODUCTION (1000 tons),-0.06405712042283661,0.06405712042283661
WHEAT AREA (1000 ha),PIGEONPEA AREA (1000 ha),-0.06396732379342575,0.06396732379342575
WHEAT AREA (1000 ha),SUNFLOWER AREA (1000 ha),-0.06387020048035928,0.06387020048035928
PEARL MILLET YIELD (Kg per ha),SESAMUM AREA (1000 ha),0.06371386007009451,0.06371386007009451
Dist Code,ONION AREA (1000 ha),-0.06364294174297529,0.06364294174297529
RAPESEED AND MUSTARD AREA (1000 ha),LINSEED AREA (1000 ha),-0.06362065132313575,0.06362065132313575
GROUNDNUT AREA (1000 ha),SAFFLOWER PRODUCTION (1000 tons),0.06356837215618971,0.06356837215618971
MINOR PULSES YIELD (Kg per ha),FODDER AREA (1000 ha),-0.06351132207151526,0.06351132207151526
State Code,RICE AREA (1000 ha),0.06348121148749487,0.06348121148749487
BARLEY AREA (1000 ha),SUNFLOWER AREA (1000 ha),-0.06333178654652052,0.06333178654652052
POTATOES AREA (1000 ha),FODDER AREA (1000 ha),-0.06328857489204502,0.06328857489204502
PEARL MILLET AREA (1000 ha),SOYABEAN YIELD (Kg per ha),-0.06327903773841692,0.06327903773841692
FINGER MILLET PRODUCTION (1000 tons),ONION AREA (1000 ha),0.06320810464229448,0.06320810464229448
RABI SORGHUM YIELD (Kg per ha),SOYABEAN AREA (1000 ha),0.06302865603199583,0.06302865603199583
PIGEONPEA AREA (1000 ha),CASTOR AREA (1000 ha),0.06299303157711483,0.06299303157711483
KHARIF SORGHUM AREA (1000 ha),SUNFLOWER YIELD (Kg per ha),-0.06289116954969476,0.06289116954969476
FINGER MILLET PRODUCTION (1000 tons),CHICKPEA YIELD (Kg per ha),-0.06280849966470245,0.06280849966470245
PEARL MILLET YIELD (Kg per ha),SESAMUM YIELD (Kg per ha),0.06279795209343389,0.06279795209343389
MAIZE AREA (1000 ha),RAPESEED AND MUSTARD AREA (1000 ha),-0.0627965953990193,0.0627965953990193
RICE PRODUCTION (1000 tons),CHICKPEA YIELD (Kg per ha),0.06270082873942419,0.06270082873942419
SESAMUM AREA (1000 ha),SOYABEAN AREA (1000 ha),-0.06258786445515815,0.06258786445515815
MAIZE PRODUCTION (1000 tons),RAPESEED AND MUSTARD AREA (1000 ha),-0.0625636483447661,0.0625636483447661
KHARIF SORGHUM PRODUCTION (1000 tons),MINOR PULSES YIELD (Kg per ha),-0.06242242312996048,0.06242242312996048
PEARL MILLET YIELD (Kg per ha),SUNFLOWER PRODUCTION (1000 tons),0.06237520577734099,0.06237520577734099
WHEAT AREA (1000 ha),SUNFLOWER PRODUCTION (1000 tons),-0.06221073845027287,0.06221073845027287
PEARL MILLET YIELD (Kg per ha),POTATOES AREA (1000 ha),0.06218389798276818,0.06218389798276818
BARLEY AREA (1000 ha),OILSEEDS PRODUCTION (1000 tons),-0.062174888105425694,0.062174888105425694
GROUNDNUT AREA (1000 ha),SOYABEAN AREA (1000 ha),-0.06212091634736367,0.06212091634736367
SORGHUM YIELD (Kg per ha),VEGETABLES AREA (1000 ha),-0.06208340444479695,0.06208340444479695
MINOR PULSES PRODUCTION (1000 tons),POTATOES AREA (1000 ha),-0.062074222632066064,0.062074222632066064
SORGHUM YIELD (Kg per ha),FRUITS AREA (1000 ha),0.062002932157343184,0.062002932157343184
SESAMUM YIELD (Kg per ha),CASTOR PRODUCTION (1000 tons),0.061828266511873106,0.061828266511873106
MINOR PULSES AREA (1000 ha),OILSEEDS PRODUCTION (1000 tons),0.06180715546956862,0.06180715546956862
BARLEY PRODUCTION (1000 tons),SUNFLOWER PRODUCTION (1000 tons),-0.06180218097754739,0.06180218097754739
SORGHUM YIELD (Kg per ha),SESAMUM YIELD (Kg per ha),0.06178982763170325,0.06178982763170325
RAPESEED AND MUSTARD PRODUCTION (1000 tons),LINSEED AREA (1000 ha),-0.061769301192012536,0.061769301192012536
State Code,MAIZE AREA (1000 ha),-0.061728062152878745,0.061728062152878745
GROUNDNUT AREA (1000 ha),RAPESEED AND MUSTARD PRODUCTION (1000 tons),-0.06170861911363572,0.06170861911363572
GROUNDNUT YIELD (Kg per ha),RAPESEED AND MUSTARD YIELD (Kg per ha),0.06168913240765975,0.06168913240765975
RICE YIELD (Kg per ha),FODDER AREA (1000 ha),-0.06151194976182226,0.06151194976182226
RICE PRODUCTION (1000 tons),MINOR PULSES AREA (1000 ha),0.06135971319806365,0.06135971319806365
FINGER MILLET PRODUCTION (1000 tons),MINOR PULSES PRODUCTION (1000 tons),0.061323976367619076,0.061323976367619076
RAPESEED AND MUSTARD PRODUCTION (1000 tons),SUGARCANE AREA (1000 ha),-0.06130376823936406,0.06130376823936406
RABI SORGHUM PRODUCTION (1000 tons),MAIZE AREA (1000 ha),0.06129443755466086,0.06129443755466086
LINSEED AREA (1000 ha),OILSEEDS AREA (1000 ha),0.061276159250098626,0.061276159250098626
KHARIF SORGHUM AREA (1000 ha),CHICKPEA YIELD (Kg per ha),-0.061250203944006334,0.061250203944006334
KHARIF SORGHUM AREA (1000 ha),LINSEED YIELD (Kg per ha),0.06124015180819789,0.06124015180819789
BARLEY AREA (1000 ha),COTTON YIELD (Kg per ha),-0.06117926406790739,0.06117926406790739
SUGARCANE YIELD (Kg per ha),POTATOES AREA (1000 ha),0.060999982376640796,0.060999982376640796
CHICKPEA YIELD (Kg per ha),SUGARCANE AREA (1000 ha),0.060772291410458354,0.060772291410458354
CASTOR AREA (1000 ha),SUGARCANE AREA (1000 ha),-0.060684938764426544,0.060684938764426544
FINGER MILLET AREA (1000 ha),SOYABEAN PRODUCTION (1000 tons),-0.06060811412196714,0.06060811412196714
LINSEED PRODUCTION (1000 tons),SOYABEAN AREA (1000 ha),0.060599334912549215,0.060599334912549215
COTTON AREA (1000 ha),FRUITS AND VEGETABLES AREA (1000 ha),-0.0605795822806772,0.0605795822806772
SAFFLOWER AREA (1000 ha),POTATOES AREA (1000 ha),-0.06057437451472295,0.06057437451472295
WHEAT AREA (1000 ha),GROUNDNUT YIELD (Kg per ha),-0.06046543677455438,0.06046543677455438
MAIZE PRODUCTION (1000 tons),SESAMUM AREA (1000 ha),-0.06044019432634888,0.06044019432634888
BARLEY PRODUCTION (1000 tons),SAFFLOWER PRODUCTION (1000 tons),-0.06028341345605378,0.06028341345605378
RAPESEED AND MUSTARD AREA (1000 ha),SUNFLOWER PRODUCTION (1000 tons),-0.06020208177716154,0.06020208177716154
RICE AREA (1000 ha),RAPESEED AND MUSTARD AREA (1000 ha),-0.06013613684456994,0.06013613684456994
RAPESEED AND MUSTARD AREA (1000 ha),POTATOES AREA (1000 ha),0.060136088432782786,0.060136088432782786
WHEAT PRODUCTION (1000 tons),SAFFLOWER PRODUCTION (1000 tons),-0.06013406551870603,0.06013406551870603
Year,FINGER MILLET AREA (1000 ha),-0.060060233087026356,0.060060233087026356
WHEAT AREA (1000 ha),OILSEEDS YIELD (Kg per ha),0.060025681716813974,0.060025681716813974
BARLEY AREA (1000 ha),MINOR PULSES PRODUCTION (1000 tons),-0.05995819952896836,0.05995819952896836
SUNFLOWER PRODUCTION (1000 tons),VEGETABLES AREA (1000 ha),0.05991543301256883,0.05991543301256883
RICE PRODUCTION (1000 tons),CASTOR PRODUCTION (1000 tons),-0.059876622753557054,0.059876622753557054
RABI SORGHUM AREA (1000 ha),MAIZE PRODUCTION (1000 tons),0.05983761960304617,0.05983761960304617
RICE AREA (1000 ha),GROUNDNUT PRODUCTION (1000 tons),-0.059693896063528325,0.059693896063528325
BARLEY AREA (1000 ha),SUGARCANE PRODUCTION (1000 tons),-0.05961376617629293,0.05961376617629293
KHARIF SORGHUM PRODUCTION (1000 tons),CHICKPEA PRODUCTION (1000 tons),0.05953814103267023,0.05953814103267023
WHEAT PRODUCTION (1000 tons),SUNFLOWER AREA (1000 ha),-0.059530164408166865,0.059530164408166865
RAPESEED AND MUSTARD PRODUCTION (1000 tons),SOYABEAN YIELD (Kg per ha),0.05949719528059139,0.05949719528059139
PIGEONPEA YIELD (Kg per ha),SOYABEAN AREA (1000 ha),0.059437065159777376,0.059437065159777376
RICE YIELD (Kg per ha),SAFFLOWER PRODUCTION (1000 tons),-0.0593777681516978,0.0593777681516978
RICE YIELD (Kg per ha),RAPESEED AND MUSTARD PRODUCTION (1000 tons),0.05929101172291326,0.05929101172291326
CHICKPEA PRODUCTION (1000 tons),SUGARCANE PRODUCTION (1000 tons),-0.05925329471697262,0.05925329471697262
FINGER MILLET YIELD (Kg per ha),SUNFLOWER AREA (1000 ha),0.0592039261358275,0.0592039261358275
SORGHUM PRODUCTION (1000 tons),FRUITS AND VEGETABLES AREA (1000 ha),-0.05914528707442326,0.05914528707442326
SORGHUM PRODUCTION (1000 tons),PEARL MILLET YIELD (Kg per ha),0.05901137267103405,0.05901137267103405
RAPESEED AND MUSTARD PRODUCTION (1000 tons),POTATOES AREA (1000 ha),0.05898130482187674,0.05898130482187674
SESAMUM AREA (1000 ha),SOYABEAN PRODUCTION (1000 tons),-0.05887043923714361,0.05887043923714361
SUGARCANE YIELD (Kg per ha),FODDER AREA (1000 ha),-0.05883133912307279,0.05883133912307279
BARLEY PRODUCTION (1000 tons),COTTON PRODUCTION (1000 tons),0.0587174325130471,0.0587174325130471
SORGHUM YIELD (Kg per ha),SESAMUM PRODUCTION (1000 tons),0.05870172195175637,0.05870172195175637
FINGER MILLET YIELD (Kg per ha),COTTON PRODUCTION (1000 tons),-0.05865420616199611,0.05865420616199611
BARLEY AREA (1000 ha),ONION AREA (1000 ha),-0.05864265599683267,0.05864265599683267
Dist Code,SESAMUM PRODUCTION (1000 tons),0.05863008128265402,0.05863008128265402
KHARIF SORGHUM YIELD (Kg per ha),PEARL MILLET PRODUCTION (1000 tons),0.058609673574820914,0.058609673574820914
SESAMUM AREA (1000 ha),SUGARCANE YIELD (Kg per ha),0.05858949041148063,0.05858949041148063
KHARIF SORGHUM AREA (1000 ha),CASTOR YIELD (Kg per ha),0.058552469825886334,0.058552469825886334
Year,SAFFLOWER AREA (1000 ha),-0.058498656273689636,0.058498656273689636
RABI SORGHUM PRODUCTION (1000 tons),GROUNDNUT YIELD (Kg per ha),0.058486162080124686,0.058486162080124686
GROUNDNUT YIELD (Kg per ha),SUGARCANE AREA (1000 ha),0.05834299792561125,0.05834299792561125
RICE YIELD (Kg per ha),GROUNDNUT PRODUCTION (1000 tons),0.058310013610010265,0.058310013610010265
PIGEONPEA YIELD (Kg per ha),GROUNDNUT PRODUCTION (1000 tons),-0.0582419449949955,0.0582419449949955
State Code,RICE YIELD (Kg per ha),0.058224168512153014,0.058224168512153014
PIGEONPEA PRODUCTION (1000 tons),LINSEED YIELD (Kg per ha),0.05821839743685124,0.05821839743685124
SOYABEAN AREA (1000 ha),SUGARCANE YIELD (Kg per ha),-0.05821659591680711,0.05821659591680711
LINSEED AREA (1000 ha),SOYABEAN YIELD (Kg per ha),0.0581785776194216,0.0581785776194216
FINGER MILLET PRODUCTION (1000 tons),SOYABEAN AREA (1000 ha),-0.05816237045570653,0.05816237045570653
PEARL MILLET AREA (1000 ha),SUGARCANE YIELD (Kg per ha),-0.05813221756609755,0.05813221756609755
KHARIF SORGHUM PRODUCTION (1000 tons),RAPESEED AND MUSTARD PRODUCTION (1000 tons),-0.0580397091098236,0.0580397091098236
BARLEY PRODUCTION (1000 tons),LINSEED YIELD (Kg per ha),0.05797905806949069,0.05797905806949069
KHARIF SORGHUM PRODUCTION (1000 tons),GROUNDNUT YIELD (Kg per ha),0.057929277200981684,0.057929277200981684
SAFFLOWER PRODUCTION (1000 tons),CASTOR YIELD (Kg per ha),0.057838636094542775,0.057838636094542775
SAFFLOWER AREA (1000 ha),SUGARCANE AREA (1000 ha),0.05777693627105368,0.05777693627105368
PEARL MILLET AREA (1000 ha),LINSEED AREA (1000 ha),-0.05775848573535669,0.05775848573535669
MAIZE AREA (1000 ha),LINSEED AREA (1000 ha),-0.05773042225407688,0.05773042225407688
MAIZE AREA (1000 ha),PIGEONPEA PRODUCTION (1000 tons),0.057655284448890454,0.057655284448890454
CASTOR AREA (1000 ha),LINSEED PRODUCTION (1000 tons),-0.057513248112490645,0.057513248112490645
LINSEED AREA (1000 ha),COTTON PRODUCTION (1000 tons),-0.05746783954840066,0.05746783954840066
SOYABEAN AREA (1000 ha),POTATOES AREA (1000 ha),-0.05743003390267742,0.05743003390267742
SESAMUM YIELD (Kg per ha),SOYABEAN PRODUCTION (1000 tons),0.05740225135317417,0.05740225135317417
RAPESEED AND MUSTARD AREA (1000 ha),SAFFLOWER PRODUCTION (1000 tons),-0.05735755255775245,0.05735755255775245
SORGHUM AREA (1000 ha),CHICKPEA PRODUCTION (1000 tons),0.05735287958561809,0.05735287958561809
BARLEY PRODUCTION (1000 tons),CASTOR AREA (1000 ha),-0.05730006905209314,0.05730006905209314
GROUNDNUT AREA (1000 ha),SOYABEAN PRODUCTION (1000 tons),-0.05726333956032428,0.05726333956032428
MINOR PULSES AREA (1000 ha),GROUNDNUT PRODUCTION (1000 tons),0.05708472614710904,0.05708472614710904
RABI SORGHUM AREA (1000 ha),COTTON PRODUCTION (1000 tons),0.05685716684814386,0.05685716684814386
BARLEY AREA (1000 ha),SESAMUM PRODUCTION (1000 tons),-0.05667002836973743,0.05667002836973743
MINOR PULSES AREA (1000 ha),RAPESEED AND MUSTARD YIELD (Kg per ha),-0.05662508780537868,0.05662508780537868
MAIZE AREA (1000 ha),SUGARCANE PRODUCTION (1000 tons),0.05651264505017954,0.05651264505017954
SAFFLOWER YIELD (Kg per ha),LINSEED AREA (1000 ha),0.05648334493785219,0.05648334493785219
RAPESEED AND MUSTARD YIELD (Kg per ha),FRUITS AND VEGETABLES AREA (1000 ha),-0.056470289203061276,0.056470289203061276
SUGARCANE AREA (1000 ha),COTTON AREA (1000 ha),-0.05645868468820423,0.05645868468820423
SORGHUM PRODUCTION (1000 tons),LINSEED YIELD (Kg per ha),0.05638537579300617,0.05638537579300617
GROUNDNUT YIELD (Kg per ha),LINSEED YIELD (Kg per ha),0.05629980699190847,0.05629980699190847
BARLEY PRODUCTION (1000 tons),SUNFLOWER AREA (1000 ha),-0.056192583565803755,0.056192583565803755
PEARL MILLET AREA (1000 ha),GROUNDNUT AREA (1000 ha),0.0561698315300212,0.0561698315300212
GROUNDNUT PRODUCTION (1000 tons),RAPESEED AND MUSTARD AREA (1000 ha),-0.05612386411901164,0.05612386411901164
State Code,SOYABEAN YIELD (Kg per ha),-0.056072460727323754,0.056072460727323754
MAIZE AREA (1000 ha),RAPESEED AND MUSTARD PRODUCTION (1000 tons),-0.056067006099187564,0.056067006099187564
RICE PRODUCTION (1000 tons),GROUNDNUT AREA (1000 ha),-0.05595288552983414,0.05595288552983414
MAIZE YIELD (Kg per ha),COTTON AREA (1000 ha),0.055882497617599544,0.055882497617599544
MINOR PULSES AREA (1000 ha),CASTOR AREA (1000 ha),0.055663302395740834,0.055663302395740834
RAPESEED AND MUSTARD AREA (1000 ha),SOYABEAN YIELD (Kg per ha),0.05564251718309543,0.05564251718309543
RABI SORGHUM AREA (1000 ha),CHICKPEA YIELD (Kg per ha),-0.05547667496834362,0.05547667496834362
FINGER MILLET PRODUCTION (1000 tons),COTTON AREA (1000 ha),-0.055275831291667826,0.055275831291667826
KHARIF SORGHUM PRODUCTION (1000 tons),CASTOR YIELD (Kg per ha),0.05525178463920775,0.05525178463920775
KHARIF SORGHUM YIELD (Kg per ha),FODDER AREA (1000 ha),-0.05522217077343597,0.05522217077343597
PEARL MILLET AREA (1000 ha),SESAMUM YIELD (Kg per ha),-0.05493017571221505,0.05493017571221505
MINOR PULSES PRODUCTION (1000 tons),COTTON AREA (1000 ha),0.05485429266584033,0.05485429266584033
WHEAT YIELD (Kg per ha),MAIZE PRODUCTION (1000 tons),0.05479676470787029,0.05479676470787029
RAPESEED AND MUSTARD AREA (1000 ha),SUNFLOWER AREA (1000 ha),-0.05475062133949147,0.05475062133949147
GROUNDNUT AREA (1000 ha),LINSEED AREA (1000 ha),-0.054646324245438485,0.054646324245438485
RICE AREA (1000 ha),SUNFLOWER AREA (1000 ha),-0.05462900854297086,0.05462900854297086
GROUNDNUT AREA (1000 ha),FRUITS AND VEGETABLES AREA (1000 ha),0.05458200732224389,0.05458200732224389
MINOR PULSES YIELD (Kg per ha),SAFFLOWER AREA (1000 ha),-0.054556503176106635,0.054556503176106635
SAFFLOWER PRODUCTION (1000 tons),POTATOES AREA (1000 ha),-0.054521620415275425,0.054521620415275425
MINOR PULSES YIELD (Kg per ha),OILSEEDS PRODUCTION (1000 tons),0.05448427112012165,0.05448427112012165
KHARIF SORGHUM PRODUCTION (1000 tons),SESAMUM PRODUCTION (1000 tons),0.054387019935976236,0.054387019935976236
SUGARCANE AREA (1000 ha),ONION AREA (1000 ha),0.054345776540786546,0.054345776540786546
KHARIF SORGHUM AREA (1000 ha),PEARL MILLET PRODUCTION (1000 tons),0.05429926715546356,0.05429926715546356
PIGEONPEA YIELD (Kg per ha),MINOR PULSES YIELD (Kg per ha),0.05425876659730044,0.05425876659730044
KHARIF SORGHUM AREA (1000 ha),CHICKPEA PRODUCTION (1000 tons),0.05424435245797095,0.05424435245797095
KHARIF SORGHUM AREA (1000 ha),SOYABEAN AREA (1000 ha),0.05420039682704418,0.05420039682704418
CHICKPEA PRODUCTION (1000 tons),SUGARCANE AREA (1000 ha),-0.05420028709235008,0.05420028709235008
RICE YIELD (Kg per ha),SOYABEAN YIELD (Kg per ha),-0.05418315377624595,0.05418315377624595
Year,CASTOR AREA (1000 ha),0.05413563806545724,0.05413563806545724
KHARIF SORGHUM PRODUCTION (1000 tons),PEARL MILLET YIELD (Kg per ha),0.05409102429559172,0.05409102429559172
RICE PRODUCTION (1000 tons),SUGARCANE PRODUCTION (1000 tons),0.05404955559226249,0.05404955559226249
PEARL MILLET PRODUCTION (1000 tons),POTATOES AREA (1000 ha),0.05404032498114352,0.05404032498114352
RICE PRODUCTION (1000 tons),BARLEY YIELD (Kg per ha),-0.05402598771618142,0.05402598771618142
WHEAT AREA (1000 ha),VEGETABLES AREA (1000 ha),-0.053933156437886424,0.053933156437886424
PIGEONPEA YIELD (Kg per ha),SUNFLOWER AREA (1000 ha),-0.053922406441264226,0.053922406441264226
MAIZE AREA (1000 ha),SESAMUM AREA (1000 ha),-0.05378248244629642,0.05378248244629642
MAIZE PRODUCTION (1000 tons),FINGER MILLET PRODUCTION (1000 tons),0.05372715025403136,0.05372715025403136
RAPESEED AND MUSTARD PRODUCTION (1000 tons),SAFFLOWER AREA (1000 ha),-0.05369821471956297,0.05369821471956297
PEARL MILLET PRODUCTION (1000 tons),FINGER MILLET AREA (1000 ha),-0.053640510709719785,0.053640510709719785
FINGER MILLET YIELD (Kg per ha),MINOR PULSES PRODUCTION (1000 tons),0.05362511085880727,0.05362511085880727
SAFFLOWER PRODUCTION (1000 tons),COTTON YIELD (Kg per ha),0.05359482910895157,0.05359482910895157
MAIZE YIELD (Kg per ha),CHICKPEA AREA (1000 ha),-0.053589072164173336,0.053589072164173336
BARLEY PRODUCTION (1000 tons),SOYABEAN YIELD (Kg per ha),-0.05338914094758025,0.05338914094758025
RABI SORGHUM PRODUCTION (1000 tons),MINOR PULSES YIELD (Kg per ha),-0.053344402349217536,0.053344402349217536
SESAMUM PRODUCTION (1000 tons),SUNFLOWER YIELD (Kg per ha),0.053322819135817615,0.053322819135817615
Dist Code,SAFFLOWER YIELD (Kg per ha),-0.053217315946000474,0.053217315946000474
CASTOR AREA (1000 ha),SUGARCANE PRODUCTION (1000 tons),-0.05320346320034523,0.05320346320034523
CASTOR YIELD (Kg per ha),SOYABEAN AREA (1000 ha),-0.05316764083493012,0.05316764083493012
PIGEONPEA AREA (1000 ha),GROUNDNUT PRODUCTION (1000 tons),0.05314116818161867,0.05314116818161867
PIGEONPEA YIELD (Kg per ha),SAFFLOWER AREA (1000 ha),-0.053035091906881576,0.053035091906881576
PIGEONPEA YIELD (Kg per ha),OILSEEDS YIELD (Kg per ha),0.05293939096169508,0.05293939096169508
KHARIF SORGHUM YIELD (Kg per ha),VEGETABLES AREA (1000 ha),-0.05292525003610117,0.05292525003610117
SAFFLOWER AREA (1000 ha),CASTOR YIELD (Kg per ha),0.052899437724218686,0.052899437724218686
RICE AREA (1000 ha),CASTOR AREA (1000 ha),-0.052777358261325326,0.052777358261325326
FINGER MILLET YIELD (Kg per ha),PIGEONPEA PRODUCTION (1000 tons),-0.052680620317108504,0.052680620317108504
Year,COTTON AREA (1000 ha),0.05265073658388859,0.05265073658388859
KHARIF SORGHUM YIELD (Kg per ha),SESAMUM PRODUCTION (1000 tons),0.052518281003625655,0.052518281003625655
RABI SORGHUM AREA (1000 ha),FINGER MILLET YIELD (Kg per ha),0.05251515363232616,0.05251515363232616
SAFFLOWER AREA (1000 ha),SOYABEAN YIELD (Kg per ha),0.05250811359764157,0.05250811359764157
RABI SORGHUM YIELD (Kg per ha),SESAMUM PRODUCTION (1000 tons),0.05236469506362939,0.05236469506362939
FINGER MILLET PRODUCTION (1000 tons),SOYABEAN PRODUCTION (1000 tons),-0.052247459334865215,0.052247459334865215
CHICKPEA YIELD (Kg per ha),SAFFLOWER AREA (1000 ha),-0.052233785019205656,0.052233785019205656
PIGEONPEA PRODUCTION (1000 tons),RAPESEED AND MUSTARD YIELD (Kg per ha),-0.052209587572096566,0.052209587572096566
RABI SORGHUM YIELD (Kg per ha),LINSEED AREA (1000 ha),-0.05219219178627543,0.05219219178627543
WHEAT YIELD (Kg per ha),MAIZE YIELD (Kg per ha),0.05217900216989287,0.05217900216989287
FINGER MILLET AREA (1000 ha),SESAMUM PRODUCTION (1000 tons),0.05216028389344778,0.05216028389344778
MINOR PULSES AREA (1000 ha),FRUITS AREA (1000 ha),0.05214835169391861,0.05214835169391861
GROUNDNUT PRODUCTION (1000 tons),SOYABEAN AREA (1000 ha),-0.05211499932676913,0.05211499932676913
PEARL MILLET YIELD (Kg per ha),FODDER AREA (1000 ha),0.052093533992193054,0.052093533992193054
SUGARCANE AREA (1000 ha),FODDER AREA (1000 ha),0.05203989580600894,0.05203989580600894
BARLEY PRODUCTION (1000 tons),SUGARCANE PRODUCTION (1000 tons),-0.05165134954973712,0.05165134954973712
SESAMUM PRODUCTION (1000 tons),SUGARCANE PRODUCTION (1000 tons),-0.05164509615775791,0.05164509615775791
Year,PEARL MILLET AREA (1000 ha),-0.05162888437234086,0.05162888437234086
CASTOR YIELD (Kg per ha),LINSEED PRODUCTION (1000 tons),-0.05162688438903206,0.05162688438903206
WHEAT YIELD (Kg per ha),GROUNDNUT YIELD (Kg per ha),0.05162648145827741,0.05162648145827741
MAIZE YIELD (Kg per ha),LINSEED PRODUCTION (1000 tons),-0.05162517265758377,0.05162517265758377
SAFFLOWER PRODUCTION (1000 tons),SOYABEAN PRODUCTION (1000 tons),0.05159898556677911,0.05159898556677911
OILSEEDS AREA (1000 ha),FRUITS AREA (1000 ha),0.051567435555687685,0.051567435555687685
SUNFLOWER PRODUCTION (1000 tons),COTTON PRODUCTION (1000 tons),0.05152213119785843,0.05152213119785843
SAFFLOWER YIELD (Kg per ha),CASTOR AREA (1000 ha),0.051504686426327016,0.051504686426327016
MAIZE YIELD (Kg per ha),LINSEED YIELD (Kg per ha),0.05149492045452744,0.05149492045452744
MINOR PULSES PRODUCTION (1000 tons),GROUNDNUT PRODUCTION (1000 tons),0.05148136447185268,0.05148136447185268
WHEAT AREA (1000 ha),KHARIF SORGHUM YIELD (Kg per ha),0.05147834924705983,0.05147834924705983
MAIZE YIELD (Kg per ha),BARLEY YIELD (Kg per ha),-0.05141851679785678,0.05141851679785678
SESAMUM YIELD (Kg per ha),SUNFLOWER AREA (1000 ha),0.051413944641676514,0.051413944641676514
KHARIF SORGHUM AREA (1000 ha),RAPESEED AND MUSTARD AREA (1000 ha),-0.05139601274035676,0.05139601274035676
MINOR PULSES PRODUCTION (1000 tons),SOYABEAN PRODUCTION (1000 tons),0.05139120908518481,0.05139120908518481
FINGER MILLET AREA (1000 ha),COTTON PRODUCTION (1000 tons),-0.05130281106740225,0.05130281106740225
BARLEY PRODUCTION (1000 tons),VEGETABLES AREA (1000 ha),-0.0513026254257399,0.0513026254257399
WHEAT AREA (1000 ha),SAFFLOWER AREA (1000 ha),-0.051152758617285715,0.051152758617285715
PEARL MILLET AREA (1000 ha),POTATOES AREA (1000 ha),-0.05100837837718135,0.05100837837718135
KHARIF SORGHUM YIELD (Kg per ha),BARLEY AREA (1000 ha),-0.05099036334430052,0.05099036334430052
CHICKPEA PRODUCTION (1000 tons),SUNFLOWER YIELD (Kg per ha),-0.050965324654888615,0.050965324654888615
KHARIF SORGHUM AREA (1000 ha),SOYABEAN YIELD (Kg per ha),0.05096394656341797,0.05096394656341797
WHEAT YIELD (Kg per ha),CASTOR YIELD (Kg per ha),0.050925824738716485,0.050925824738716485
RABI SORGHUM YIELD (Kg per ha),VEGETABLES AREA (1000 ha),-0.05089063654528329,0.05089063654528329
CASTOR PRODUCTION (1000 tons),SUGARCANE YIELD (Kg per ha),-0.05088608183406098,0.05088608183406098
KHARIF SORGHUM AREA (1000 ha),MAIZE PRODUCTION (1000 tons),-0.05086355551561278,0.05086355551561278
WHEAT PRODUCTION (1000 tons),ONION AREA (1000 ha),-0.050841976461905275,0.050841976461905275
SUNFLOWER PRODUCTION (1000 tons),FRUITS AREA (1000 ha),0.05082482139857314,0.05082482139857314
RICE PRODUCTION (1000 tons),MAIZE PRODUCTION (1000 tons),0.050791251114807194,0.050791251114807194
CHICKPEA AREA (1000 ha),CASTOR AREA (1000 ha),-0.05068275481301876,0.05068275481301876
PIGEONPEA PRODUCTION (1000 tons),POTATOES AREA (1000 ha),-0.05067328047881161,0.05067328047881161
CASTOR AREA (1000 ha),LINSEED AREA (1000 ha),-0.05055028492680529,0.05055028492680529
State Code,VEGETABLES AREA (1000 ha),0.050549452324451113,0.050549452324451113
PEARL MILLET AREA (1000 ha),COTTON PRODUCTION (1000 tons),0.05051579458192156,0.05051579458192156
BARLEY PRODUCTION (1000 tons),SUGARCANE YIELD (Kg per ha),-0.0505059209940646,0.0505059209940646
KHARIF SORGHUM AREA (1000 ha),SESAMUM PRODUCTION (1000 tons),0.05036638791114568,0.05036638791114568
PEARL MILLET AREA (1000 ha),FINGER MILLET PRODUCTION (1000 tons),-0.050353673617816265,0.050353673617816265
PEARL MILLET PRODUCTION (1000 tons),FINGER MILLET PRODUCTION (1000 tons),-0.05031591050289689,0.05031591050289689
WHEAT YIELD (Kg per ha),SUGARCANE YIELD (Kg per ha),0.050306116013886494,0.050306116013886494
SESAMUM AREA (1000 ha),SAFFLOWER PRODUCTION (1000 tons),0.05024019926507484,0.05024019926507484
SESAMUM AREA (1000 ha),ONION AREA (1000 ha),0.05017399925453537,0.05017399925453537
CASTOR PRODUCTION (1000 tons),SUNFLOWER YIELD (Kg per ha),-0.0500198755156709,0.0500198755156709
PIGEONPEA YIELD (Kg per ha),COTTON PRODUCTION (1000 tons),0.04990651727502586,0.04990651727502586
SORGHUM PRODUCTION (1000 tons),FINGER MILLET YIELD (Kg per ha),0.04990141475754128,0.04990141475754128
CASTOR AREA (1000 ha),SOYABEAN YIELD (Kg per ha),-0.049857587655606404,0.049857587655606404
PIGEONPEA AREA (1000 ha),VEGETABLES AREA (1000 ha),-0.049853584097477144,0.049853584097477144
BARLEY YIELD (Kg per ha),MINOR PULSES AREA (1000 ha),-0.049842339168619944,0.049842339168619944
SUGARCANE AREA (1000 ha),FRUITS AND VEGETABLES AREA (1000 ha),0.04977774976074352,0.04977774976074352
CASTOR YIELD (Kg per ha),LINSEED YIELD (Kg per ha),-0.04967996578155725,0.04967996578155725
SORGHUM AREA (1000 ha),LINSEED YIELD (Kg per ha),0.049608196836670185,0.049608196836670185
KHARIF SORGHUM PRODUCTION (1000 tons),COTTON YIELD (Kg per ha),0.04953043775737691,0.04953043775737691
SOYABEAN PRODUCTION (1000 tons),POTATOES AREA (1000 ha),-0.04951111499991866,0.04951111499991866
SESAMUM PRODUCTION (1000 tons),SOYABEAN AREA (1000 ha),-0.04949273197183307,0.04949273197183307
MAIZE PRODUCTION (1000 tons),RAPESEED AND MUSTARD YIELD (Kg per ha),0.049454644568495604,0.049454644568495604
RAPESEED AND MUSTARD YIELD (Kg per ha),SUGARCANE AREA (1000 ha),0.04945184253579881,0.04945184253579881
MAIZE AREA (1000 ha),COTTON PRODUCTION (1000 tons),0.049440407150090356,0.049440407150090356
MAIZE AREA (1000 ha),GROUNDNUT YIELD (Kg per ha),0.04943343064404549,0.04943343064404549
RICE AREA (1000 ha),SORGHUM YIELD (Kg per ha),-0.04940005722515121,0.04940005722515121
PEARL MILLET AREA (1000 ha),FINGER MILLET AREA (1000 ha),-0.049364864850708755,0.049364864850708755
CASTOR YIELD (Kg per ha),FRUITS AREA (1000 ha),0.04932206188880365,0.04932206188880365
SESAMUM YIELD (Kg per ha),FODDER AREA (1000 ha),-0.04919270189835556,0.04919270189835556
PEARL MILLET PRODUCTION (1000 tons),FRUITS AND VEGETABLES AREA (1000 ha),-0.04914171141761766,0.04914171141761766
SAFFLOWER PRODUCTION (1000 tons),SUNFLOWER YIELD (Kg per ha),0.049117506122696386,0.049117506122696386
BARLEY YIELD (Kg per ha),LINSEED AREA (1000 ha),-0.04897338099632433,0.04897338099632433
LINSEED AREA (1000 ha),SUNFLOWER AREA (1000 ha),0.04895320971019415,0.04895320971019415
GROUNDNUT PRODUCTION (1000 tons),FODDER AREA (1000 ha),0.04893001834344891,0.04893001834344891
RABI SORGHUM YIELD (Kg per ha),FODDER AREA (1000 ha),-0.04885585120290222,0.04885585120290222
BARLEY YIELD (Kg per ha),SOYABEAN PRODUCTION (1000 tons),0.048834916994208825,0.048834916994208825
CHICKPEA YIELD (Kg per ha),SUGARCANE YIELD (Kg per ha),0.0487275687076323,0.0487275687076323
RABI SORGHUM PRODUCTION (1000 tons),SUNFLOWER YIELD (Kg per ha),0.048700594600986816,0.048700594600986816
RAPESEED AND MUSTARD AREA (1000 ha),SUNFLOWER YIELD (Kg per ha),-0.048649555557910104,0.048649555557910104
BARLEY AREA (1000 ha),COTTON AREA (1000 ha),-0.04860686681068835,0.04860686681068835
MAIZE YIELD (Kg per ha),SOYABEAN AREA (1000 ha),0.048594836715783934,0.048594836715783934
RICE YIELD (Kg per ha),CHICKPEA YIELD (Kg per ha),0.048525405033792934,0.048525405033792934
BARLEY YIELD (Kg per ha),SOYABEAN AREA (1000 ha),0.04839721884240242,0.04839721884240242
FINGER MILLET YIELD (Kg per ha),OILSEEDS YIELD (Kg per ha),0.04835807502883058,0.04835807502883058
PEARL MILLET PRODUCTION (1000 tons),MINOR PULSES YIELD (Kg per ha),0.04829628822068913,0.04829628822068913
CHICKPEA YIELD (Kg per ha),FRUITS AREA (1000 ha),-0.048292129341481374,0.048292129341481374
KHARIF SORGHUM AREA (1000 ha),ONION AREA (1000 ha),0.048277422296839935,0.048277422296839935
RABI SORGHUM YIELD (Kg per ha),PIGEONPEA YIELD (Kg per ha),-0.0482012168999402,0.0482012168999402
WHEAT PRODUCTION (1000 tons),SUNFLOWER PRODUCTION (1000 tons),-0.048152713958373485,0.048152713958373485
FINGER MILLET YIELD (Kg per ha),SOYABEAN YIELD (Kg per ha),-0.04812995716206427,0.04812995716206427
CASTOR PRODUCTION (1000 tons),SUGARCANE AREA (1000 ha),-0.048056264252285964,0.048056264252285964
SAFFLOWER PRODUCTION (1000 tons),LINSEED YIELD (Kg per ha),0.047995002328174816,0.047995002328174816
RABI SORGHUM YIELD (Kg per ha),MAIZE AREA (1000 ha),0.04792630437169228,0.04792630437169228
COTTON PRODUCTION (1000 tons),VEGETABLES AREA (1000 ha),-0.04792533074636213,0.04792533074636213
GROUNDNUT AREA (1000 ha),SESAMUM YIELD (Kg per ha),0.04786861365862051,0.04786861365862051
MAIZE YIELD (Kg per ha),SAFFLOWER PRODUCTION (1000 tons),0.047782994677010825,0.047782994677010825
MINOR PULSES PRODUCTION (1000 tons),SOYABEAN AREA (1000 ha),0.04768308118773125,0.04768308118773125
LINSEED PRODUCTION (1000 tons),SOYABEAN PRODUCTION (1000 tons),0.04757739401903005,0.04757739401903005
SUNFLOWER PRODUCTION (1000 tons),FODDER AREA (1000 ha),-0.04753187340124532,0.04753187340124532
LINSEED YIELD (Kg per ha),FRUITS AND VEGETABLES AREA (1000 ha),-0.047403928354219825,0.047403928354219825
SORGHUM YIELD (Kg per ha),SESAMUM AREA (1000 ha),0.04737278914173785,0.04737278914173785
RAPESEED AND MUSTARD PRODUCTION (1000 tons),SUNFLOWER PRODUCTION (1000 tons),-0.047339875800076474,0.047339875800076474
SUGARCANE PRODUCTION (1000 tons),FODDER AREA (1000 ha),0.0473096904657768,0.0473096904657768
OILSEEDS YIELD (Kg per ha),VEGETABLES AREA (1000 ha),0.04730137848822656,0.04730137848822656
FINGER MILLET AREA (1000 ha),FODDER AREA (1000 ha),-0.04725685319797463,0.04725685319797463
MAIZE AREA (1000 ha),PIGEONPEA AREA (1000 ha),0.047225840399039425,0.047225840399039425
KHARIF SORGHUM AREA (1000 ha),MAIZE YIELD (Kg per ha),-0.04719645994803609,0.04719645994803609
Dist Code,CHICKPEA YIELD (Kg per ha),-0.04707546139170889,0.04707546139170889
OILSEEDS PRODUCTION (1000 tons),FRUITS AREA (1000 ha),0.04697594536356309,0.04697594536356309
SORGHUM YIELD (Kg per ha),BARLEY AREA (1000 ha),-0.046904109722273164,0.046904109722273164
LINSEED PRODUCTION (1000 tons),SUNFLOWER AREA (1000 ha),0.04683430414670556,0.04683430414670556
MAIZE PRODUCTION (1000 tons),RAPESEED AND MUSTARD PRODUCTION (1000 tons),-0.04679814759159198,0.04679814759159198
SAFFLOWER YIELD (Kg per ha),LINSEED YIELD (Kg per ha),0.04669679073467042,0.04669679073467042
KHARIF SORGHUM AREA (1000 ha),SOYABEAN PRODUCTION (1000 tons),0.04656855609084085,0.04656855609084085
MINOR PULSES YIELD (Kg per ha),SUGARCANE YIELD (Kg per ha),0.04651024525514005,0.04651024525514005
GROUNDNUT YIELD (Kg per ha),LINSEED AREA (1000 ha),-0.04650091298946701,0.04650091298946701
MINOR PULSES AREA (1000 ha),SUGARCANE PRODUCTION (1000 tons),-0.046437815727498194,0.046437815727498194
MAIZE PRODUCTION (1000 tons),CHICKPEA PRODUCTION (1000 tons),0.04643371588569407,0.04643371588569407
BARLEY YIELD (Kg per ha),GROUNDNUT YIELD (Kg per ha),-0.04641819400194674,0.04641819400194674
BARLEY PRODUCTION (1000 tons),POTATOES AREA (1000 ha),0.046306572941287295,0.046306572941287295
WHEAT AREA (1000 ha),ONION AREA (1000 ha),-0.0463025207928165,0.0463025207928165
Dist Code,RAPESEED AND MUSTARD PRODUCTION (1000 tons),-0.04630246348983872,0.04630246348983872
CASTOR PRODUCTION (1000 tons),LINSEED PRODUCTION (1000 tons),-0.04629789364938237,0.04629789364938237
CASTOR YIELD (Kg per ha),POTATOES AREA (1000 ha),-0.04629140507997897,0.04629140507997897
WHEAT PRODUCTION (1000 tons),CASTOR AREA (1000 ha),-0.04627677140962114,0.04627677140962114
SORGHUM YIELD (Kg per ha),SAFFLOWER AREA (1000 ha),0.046254313263760775,0.046254313263760775
CHICKPEA AREA (1000 ha),SUGARCANE PRODUCTION (1000 tons),-0.04623512246755961,0.04623512246755961
Year,RICE AREA (1000 ha),0.046188629701693684,0.046188629701693684
CHICKPEA AREA (1000 ha),MINOR PULSES YIELD (Kg per ha),-0.04613899114344599,0.04613899114344599
SOYABEAN PRODUCTION (1000 tons),COTTON YIELD (Kg per ha),0.046128408834438646,0.046128408834438646
PIGEONPEA PRODUCTION (1000 tons),ONION AREA (1000 ha),0.045989288287031825,0.045989288287031825
FINGER MILLET AREA (1000 ha),SOYABEAN YIELD (Kg per ha),-0.04598736733037257,0.04598736733037257
GROUNDNUT PRODUCTION (1000 tons),SOYABEAN PRODUCTION (1000 tons),-0.04593155566374372,0.04593155566374372
LINSEED YIELD (Kg per ha),SUGARCANE PRODUCTION (1000 tons),-0.04573905337184619,0.04573905337184619
RICE AREA (1000 ha),OILSEEDS YIELD (Kg per ha),0.04567629771451509,0.04567629771451509
MINOR PULSES YIELD (Kg per ha),SESAMUM AREA (1000 ha),-0.04562056394514057,0.04562056394514057
MAIZE PRODUCTION (1000 tons),MINOR PULSES PRODUCTION (1000 tons),0.0454566299237522,0.0454566299237522
CHICKPEA PRODUCTION (1000 tons),SAFFLOWER PRODUCTION (1000 tons),0.04544905293218861,0.04544905293218861
BARLEY PRODUCTION (1000 tons),CASTOR YIELD (Kg per ha),-0.04537674969964586,0.04537674969964586
RICE AREA (1000 ha),SUNFLOWER PRODUCTION (1000 tons),-0.045353049732119656,0.045353049732119656
SORGHUM PRODUCTION (1000 tons),CHICKPEA YIELD (Kg per ha),-0.04528756170995552,0.04528756170995552
MINOR PULSES YIELD (Kg per ha),FRUITS AREA (1000 ha),0.045285311267434854,0.045285311267434854
FINGER MILLET AREA (1000 ha),POTATOES AREA (1000 ha),-0.04524604838643045,0.04524604838643045
LINSEED PRODUCTION (1000 tons),SUNFLOWER YIELD (Kg per ha),-0.045186425584315446,0.045186425584315446
RAPESEED AND MUSTARD PRODUCTION (1000 tons),SAFFLOWER PRODUCTION (1000 tons),-0.04518605108675148,0.04518605108675148
SESAMUM YIELD (Kg per ha),SOYABEAN AREA (1000 ha),0.04512979583382685,0.04512979583382685
RICE PRODUCTION (1000 tons),RAPESEED AND MUSTARD PRODUCTION (1000 tons),-0.045104691807842684,0.045104691807842684
CHICKPEA YIELD (Kg per ha),VEGETABLES AREA (1000 ha),0.04497666075604008,0.04497666075604008
RABI SORGHUM YIELD (Kg per ha),SESAMUM AREA (1000 ha),0.04496642793406024,0.04496642793406024
CASTOR YIELD (Kg per ha),SOYABEAN PRODUCTION (1000 tons),-0.04489869539380278,0.04489869539380278
BARLEY AREA (1000 ha),CASTOR PRODUCTION (1000 tons),-0.044632246088987235,0.044632246088987235
SUNFLOWER AREA (1000 ha),FODDER AREA (1000 ha),-0.04460909869388701,0.04460909869388701
KHARIF SORGHUM AREA (1000 ha),SUGARCANE AREA (1000 ha),-0.04446641232155359,0.04446641232155359
PEARL MILLET YIELD (Kg per ha),FRUITS AREA (1000 ha),0.044465660762603096,0.044465660762603096
RABI SORGHUM YIELD (Kg per ha),CASTOR PRODUCTION (1000 tons),0.0444374985884319,0.0444374985884319
BARLEY YIELD (Kg per ha),CASTOR PRODUCTION (1000 tons),-0.04440762769711757,0.04440762769711757
RICE YIELD (Kg per ha),RABI SORGHUM AREA (1000 ha),-0.04436200143448971,0.04436200143448971
SUNFLOWER AREA (1000 ha),POTATOES AREA (1000 ha),-0.044354264231437596,0.044354264231437596
SESAMUM PRODUCTION (1000 tons),SOYABEAN PRODUCTION (1000 tons),-0.04434274412037136,0.04434274412037136
SORGHUM PRODUCTION (1000 tons),SESAMUM PRODUCTION (1000 tons),0.04420607831304601,0.04420607831304601
SUGARCANE PRODUCTION (1000 tons),COTTON AREA (1000 ha),-0.04414783023946143,0.04414783023946143
CASTOR PRODUCTION (1000 tons),SUGARCANE PRODUCTION (1000 tons),-0.04406765340035383,0.04406765340035383
RICE PRODUCTION (1000 tons),COTTON PRODUCTION (1000 tons),0.04399355295418299,0.04399355295418299
KHARIF SORGHUM YIELD (Kg per ha),SESAMUM AREA (1000 ha),0.04375970388258357,0.04375970388258357
BARLEY PRODUCTION (1000 tons),PIGEONPEA AREA (1000 ha),-0.04374671495421538,0.04374671495421538
SESAMUM AREA (1000 ha),SAFFLOWER AREA (1000 ha),0.043699529992914474,0.043699529992914474
CHICKPEA AREA (1000 ha),SUGARCANE AREA (1000 ha),-0.043683266458357524,0.043683266458357524
LINSEED AREA (1000 ha),OILSEEDS PRODUCTION (1000 tons),-0.04367146983419477,0.04367146983419477
SUNFLOWER YIELD (Kg per ha),OILSEEDS AREA (1000 ha),-0.04364914013773242,0.04364914013773242
RAPESEED AND MUSTARD AREA (1000 ha),LINSEED PRODUCTION (1000 tons),-0.043631204715438215,0.043631204715438215
PEARL MILLET PRODUCTION (1000 tons),SESAMUM YIELD (Kg per ha),0.043611603586094824,0.043611603586094824
FINGER MILLET YIELD (Kg per ha),MINOR PULSES YIELD (Kg per ha),-0.04358467078321786,0.04358467078321786
SAFFLOWER PRODUCTION (1000 tons),SOYABEAN AREA (1000 ha),0.04351428631190209,0.04351428631190209
PEARL MILLET PRODUCTION (1000 tons),MAIZE PRODUCTION (1000 tons),-0.04344203736136598,0.04344203736136598
SOYABEAN YIELD (Kg per ha),COTTON YIELD (Kg per ha),0.04339811820203985,0.04339811820203985
CHICKPEA YIELD (Kg per ha),CASTOR YIELD (Kg per ha),0.043395660490912986,0.043395660490912986
RAPESEED AND MUSTARD PRODUCTION (1000 tons),LINSEED PRODUCTION (1000 tons),-0.04334440332611787,0.04334440332611787
RAPESEED AND MUSTARD PRODUCTION (1000 tons),SUNFLOWER AREA (1000 ha),-0.0431982995485732,0.0431982995485732
KHARIF SORGHUM YIELD (Kg per ha),RAPESEED AND MUSTARD YIELD (Kg per ha),-0.04319617103590664,0.04319617103590664
PIGEONPEA YIELD (Kg per ha),SUNFLOWER PRODUCTION (1000 tons),-0.043124353428511106,0.043124353428511106
CHICKPEA YIELD (Kg per ha),SESAMUM PRODUCTION (1000 tons),0.043121730430675416,0.043121730430675416
MINOR PULSES PRODUCTION (1000 tons),COTTON PRODUCTION (1000 tons),0.04311446898143424,0.04311446898143424
SAFFLOWER AREA (1000 ha),FRUITS AREA (1000 ha),-0.043086621077566584,0.043086621077566584
PIGEONPEA AREA (1000 ha),MINOR PULSES YIELD (Kg per ha),-0.043053017088331584,0.043053017088331584
WHEAT AREA (1000 ha),SAFFLOWER PRODUCTION (1000 tons),-0.04303666107391305,0.04303666107391305
CASTOR AREA (1000 ha),SOYABEAN AREA (1000 ha),-0.04290825965671571,0.04290825965671571
SESAMUM YIELD (Kg per ha),LINSEED PRODUCTION (1000 tons),-0.04285876732025241,0.04285876732025241
CHICKPEA AREA (1000 ha),SESAMUM PRODUCTION (1000 tons),-0.04281559403987223,0.04281559403987223
GROUNDNUT PRODUCTION (1000 tons),VEGETABLES AREA (1000 ha),0.04280169246074687,0.04280169246074687
PEARL MILLET PRODUCTION (1000 tons),SUGARCANE YIELD (Kg per ha),0.04275900588851055,0.04275900588851055
WHEAT AREA (1000 ha),SESAMUM YIELD (Kg per ha),-0.042740981333220684,0.042740981333220684
KHARIF SORGHUM AREA (1000 ha),PIGEONPEA YIELD (Kg per ha),-0.04273902177555075,0.04273902177555075
SESAMUM YIELD (Kg per ha),COTTON AREA (1000 ha),0.04269722531465227,0.04269722531465227
MAIZE PRODUCTION (1000 tons),POTATOES AREA (1000 ha),0.042572145568196766,0.042572145568196766
WHEAT PRODUCTION (1000 tons),LINSEED PRODUCTION (1000 tons),-0.042569778724659744,0.042569778724659744
State Code,MINOR PULSES YIELD (Kg per ha),0.04255504454099082,0.04255504454099082
SUNFLOWER AREA (1000 ha),FRUITS AND VEGETABLES AREA (1000 ha),0.04248863085731918,0.04248863085731918
MAIZE AREA (1000 ha),SESAMUM YIELD (Kg per ha),0.042397989359771085,0.042397989359771085
MAIZE AREA (1000 ha),POTATOES AREA (1000 ha),0.04238314767239298,0.04238314767239298
PEARL MILLET AREA (1000 ha),GROUNDNUT YIELD (Kg per ha),0.042372820007502504,0.042372820007502504
GROUNDNUT AREA (1000 ha),SUGARCANE PRODUCTION (1000 tons),0.042299410751740596,0.042299410751740596
KHARIF SORGHUM AREA (1000 ha),COTTON YIELD (Kg per ha),0.04222965362644577,0.04222965362644577
MAIZE PRODUCTION (1000 tons),SESAMUM PRODUCTION (1000 tons),-0.04217814559366658,0.04217814559366658
CHICKPEA AREA (1000 ha),CASTOR PRODUCTION (1000 tons),-0.04211400555749705,0.04211400555749705
RABI SORGHUM AREA (1000 ha),MINOR PULSES PRODUCTION (1000 tons),0.04199208973250442,0.04199208973250442
WHEAT YIELD (Kg per ha),COTTON AREA (1000 ha),0.04197295215303534,0.04197295215303534
PIGEONPEA AREA (1000 ha),SUGARCANE PRODUCTION (1000 tons),0.04190548916852471,0.04190548916852471
FINGER MILLET PRODUCTION (1000 tons),OILSEEDS YIELD (Kg per ha),0.04188850267513972,0.04188850267513972
SUGARCANE AREA (1000 ha),COTTON PRODUCTION (1000 tons),-0.0417956838240625,0.0417956838240625
MINOR PULSES PRODUCTION (1000 tons),SUGARCANE AREA (1000 ha),-0.04165175278735677,0.04165175278735677
FINGER MILLET YIELD (Kg per ha),SUGARCANE AREA (1000 ha),0.04159110265089145,0.04159110265089145
CASTOR PRODUCTION (1000 tons),LINSEED AREA (1000 ha),-0.0414303850435818,0.0414303850435818
FINGER MILLET PRODUCTION (1000 tons),COTTON PRODUCTION (1000 tons),-0.041391624060972215,0.041391624060972215
WHEAT AREA (1000 ha),OILSEEDS PRODUCTION (1000 tons),0.041203621825860015,0.041203621825860015
Dist Code,BARLEY AREA (1000 ha),-0.04118388481225414,0.04118388481225414
SAFFLOWER AREA (1000 ha),LINSEED YIELD (Kg per ha),0.04118222215544406,0.04118222215544406
FINGER MILLET PRODUCTION (1000 tons),FODDER AREA (1000 ha),-0.041180207786560244,0.041180207786560244
PEARL MILLET PRODUCTION (1000 tons),MAIZE YIELD (Kg per ha),-0.04109115499810159,0.04109115499810159
PEARL MILLET AREA (1000 ha),GROUNDNUT PRODUCTION (1000 tons),0.04108373435536265,0.04108373435536265
FINGER MILLET YIELD (Kg per ha),MINOR PULSES AREA (1000 ha),0.04106427966335055,0.04106427966335055
MAIZE PRODUCTION (1000 tons),LINSEED PRODUCTION (1000 tons),-0.04102835450521232,0.04102835450521232
OILSEEDS YIELD (Kg per ha),ONION AREA (1000 ha),0.041018844122044165,0.041018844122044165
FINGER MILLET PRODUCTION (1000 tons),SESAMUM PRODUCTION (1000 tons),0.04078384480508231,0.04078384480508231
PEARL MILLET YIELD (Kg per ha),SUNFLOWER AREA (1000 ha),0.04072086100061712,0.04072086100061712
MINOR PULSES PRODUCTION (1000 tons),SUNFLOWER PRODUCTION (1000 tons),0.04069222344095755,0.04069222344095755
SUNFLOWER AREA (1000 ha),VEGETABLES AREA (1000 ha),0.04067380460488958,0.04067380460488958
WHEAT PRODUCTION (1000 tons),MAIZE YIELD (Kg per ha),0.04065006943474464,0.04065006943474464
PIGEONPEA AREA (1000 ha),SESAMUM PRODUCTION (1000 tons),0.040487697769082245,0.040487697769082245
SOYABEAN PRODUCTION (1000 tons),SUGARCANE YIELD (Kg per ha),-0.0404205442238658,0.0404205442238658
CASTOR YIELD (Kg per ha),FRUITS AND VEGETABLES AREA (1000 ha),0.040394842409974825,0.040394842409974825
SORGHUM YIELD (Kg per ha),MINOR PULSES YIELD (Kg per ha),0.04038511135772686,0.04038511135772686
GROUNDNUT AREA (1000 ha),SOYABEAN YIELD (Kg per ha),-0.040351495052232324,0.040351495052232324
CASTOR AREA (1000 ha),SOYABEAN PRODUCTION (1000 tons),-0.040252421510130004,0.040252421510130004
MINOR PULSES YIELD (Kg per ha),GROUNDNUT AREA (1000 ha),-0.040225686493928395,0.040225686493928395
CHICKPEA PRODUCTION (1000 tons),CASTOR AREA (1000 ha),-0.0402054039342267,0.0402054039342267
SAFFLOWER AREA (1000 ha),FRUITS AND VEGETABLES AREA (1000 ha),-0.0401880267705603,0.0401880267705603
MAIZE YIELD (Kg per ha),OILSEEDS AREA (1000 ha),0.04017933233213566,0.04017933233213566
SAFFLOWER YIELD (Kg per ha),LINSEED PRODUCTION (1000 tons),0.04014874685541051,0.04014874685541051
GROUNDNUT PRODUCTION (1000 tons),SUNFLOWER YIELD (Kg per ha),0.040148575384408844,0.040148575384408844
SESAMUM PRODUCTION (1000 tons),SUNFLOWER AREA (1000 ha),0.040133085539130385,0.040133085539130385
RAPESEED AND MUSTARD YIELD (Kg per ha),SUGARCANE YIELD (Kg per ha),-0.04007272380330124,0.04007272380330124
State Code,SUGARCANE PRODUCTION (1000 tons),-0.04003014975144529,0.04003014975144529
CHICKPEA YIELD (Kg per ha),SUGARCANE PRODUCTION (1000 tons),0.03990408253930004,0.03990408253930004
WHEAT YIELD (Kg per ha),MINOR PULSES PRODUCTION (1000 tons),0.039899856426989656,0.039899856426989656
KHARIF SORGHUM AREA (1000 ha),FINGER MILLET YIELD (Kg per ha),-0.03989293856584031,0.03989293856584031
RAPESEED AND MUSTARD AREA (1000 ha),VEGETABLES AREA (1000 ha),0.03973687747822616,0.03973687747822616
RABI SORGHUM AREA (1000 ha),CHICKPEA PRODUCTION (1000 tons),0.039583893539000575,0.039583893539000575
KHARIF SORGHUM PRODUCTION (1000 tons),CASTOR AREA (1000 ha),0.03955628078233241,0.03955628078233241
SUGARCANE AREA (1000 ha),COTTON YIELD (Kg per ha),0.0395197001679763,0.0395197001679763
WHEAT PRODUCTION (1000 tons),PIGEONPEA PRODUCTION (1000 tons),-0.03945665796564824,0.03945665796564824
BARLEY PRODUCTION (1000 tons),LINSEED AREA (1000 ha),-0.03940753104622392,0.03940753104622392
KHARIF SORGHUM PRODUCTION (1000 tons),FODDER AREA (1000 ha),-0.03938148275184353,0.03938148275184353
FINGER MILLET YIELD (Kg per ha),PIGEONPEA YIELD (Kg per ha),-0.039314099642088755,0.039314099642088755
RAPESEED AND MUSTARD PRODUCTION (1000 tons),SUNFLOWER YIELD (Kg per ha),-0.03922023431281539,0.03922023431281539
SESAMUM AREA (1000 ha),SUNFLOWER AREA (1000 ha),0.03920382767066517,0.03920382767066517
CHICKPEA PRODUCTION (1000 tons),COTTON YIELD (Kg per ha),0.0392015381441464,0.0392015381441464
MAIZE AREA (1000 ha),GROUNDNUT PRODUCTION (1000 tons),-0.039112657348046045,0.039112657348046045
State Code,BARLEY PRODUCTION (1000 tons),0.03904007318224946,0.03904007318224946
PEARL MILLET AREA (1000 ha),SUNFLOWER AREA (1000 ha),0.03903479868044706,0.03903479868044706
GROUNDNUT PRODUCTION (1000 tons),RAPESEED AND MUSTARD PRODUCTION (1000 tons),-0.0389667287525916,0.0389667287525916
SUNFLOWER AREA (1000 ha),COTTON PRODUCTION (1000 tons),0.038962323043650625,0.038962323043650625
KHARIF SORGHUM AREA (1000 ha),RAPESEED AND MUSTARD PRODUCTION (1000 tons),-0.038957331374325645,0.038957331374325645
SAFFLOWER AREA (1000 ha),COTTON YIELD (Kg per ha),0.038860704713911495,0.038860704713911495
State Code,RAPESEED AND MUSTARD PRODUCTION (1000 tons),-0.03881822033323416,0.03881822033323416
SESAMUM PRODUCTION (1000 tons),SUNFLOWER PRODUCTION (1000 tons),0.038721611708918406,0.038721611708918406
FINGER MILLET PRODUCTION (1000 tons),OILSEEDS PRODUCTION (1000 tons),0.0387198026084993,0.0387198026084993
PIGEONPEA PRODUCTION (1000 tons),VEGETABLES AREA (1000 ha),-0.03870768266046873,0.03870768266046873
PEARL MILLET YIELD (Kg per ha),FINGER MILLET AREA (1000 ha),-0.038682039465312436,0.038682039465312436
BARLEY PRODUCTION (1000 tons),CASTOR PRODUCTION (1000 tons),-0.03858177546416725,0.03858177546416725
MINOR PULSES AREA (1000 ha),SUNFLOWER YIELD (Kg per ha),0.03854894506558077,0.03854894506558077
FINGER MILLET PRODUCTION (1000 tons),POTATOES AREA (1000 ha),-0.03842474249692859,0.03842474249692859
LINSEED YIELD (Kg per ha),VEGETABLES AREA (1000 ha),0.03835598038268209,0.03835598038268209
RICE PRODUCTION (1000 tons),SUGARCANE AREA (1000 ha),0.038326171581769465,0.038326171581769465
MINOR PULSES AREA (1000 ha),GROUNDNUT AREA (1000 ha),0.038249351695746725,0.038249351695746725
PIGEONPEA YIELD (Kg per ha),CASTOR YIELD (Kg per ha),0.03824800968698637,0.03824800968698637
CHICKPEA YIELD (Kg per ha),SAFFLOWER YIELD (Kg per ha),0.03824215115813831,0.03824215115813831
RICE YIELD (Kg per ha),GROUNDNUT AREA (1000 ha),0.0380322596738773,0.0380322596738773
FINGER MILLET YIELD (Kg per ha),CASTOR PRODUCTION (1000 tons),-0.038023770098028944,0.038023770098028944
CASTOR YIELD (Kg per ha),LINSEED AREA (1000 ha),-0.03801722078795484,0.03801722078795484
FINGER MILLET AREA (1000 ha),SAFFLOWER YIELD (Kg per ha),0.037840039818462144,0.037840039818462144
RICE PRODUCTION (1000 tons),RAPESEED AND MUSTARD AREA (1000 ha),-0.037700619590809975,0.037700619590809975
MAIZE AREA (1000 ha),FRUITS AREA (1000 ha),-0.03768754791269045,0.03768754791269045
CASTOR YIELD (Kg per ha),SUGARCANE AREA (1000 ha),-0.0375558073472568,0.0375558073472568
SORGHUM AREA (1000 ha),MAIZE YIELD (Kg per ha),0.03747811528643858,0.03747811528643858
Year,GROUNDNUT PRODUCTION (1000 tons),0.03743464182072237,0.03743464182072237
CHICKPEA AREA (1000 ha),CASTOR YIELD (Kg per ha),-0.03741800259785241,0.03741800259785241
SOYABEAN AREA (1000 ha),SUGARCANE AREA (1000 ha),-0.037379946780754424,0.037379946780754424
PEARL MILLET PRODUCTION (1000 tons),SUNFLOWER YIELD (Kg per ha),-0.03736527327276224,0.03736527327276224
FINGER MILLET AREA (1000 ha),SUNFLOWER YIELD (Kg per ha),0.037282442926300535,0.037282442926300535
BARLEY PRODUCTION (1000 tons),ONION AREA (1000 ha),-0.03720728388500324,0.03720728388500324
PEARL MILLET PRODUCTION (1000 tons),SUNFLOWER AREA (1000 ha),0.03718542868339815,0.03718542868339815
RICE YIELD (Kg per ha),CASTOR PRODUCTION (1000 tons),-0.03707600705799002,0.03707600705799002
MAIZE YIELD (Kg per ha),SESAMUM AREA (1000 ha),-0.037008844200982695,0.037008844200982695
WHEAT AREA (1000 ha),OILSEEDS AREA (1000 ha),-0.03688864578767183,0.03688864578767183
FINGER MILLET AREA (1000 ha),MINOR PULSES YIELD (Kg per ha),-0.03679668602134801,0.03679668602134801
SORGHUM PRODUCTION (1000 tons),CASTOR AREA (1000 ha),0.03676569083125217,0.03676569083125217
PEARL MILLET YIELD (Kg per ha),VEGETABLES AREA (1000 ha),-0.03674383269975712,0.03674383269975712
MAIZE AREA (1000 ha),CHICKPEA PRODUCTION (1000 tons),0.03662075616999718,0.03662075616999718
RABI SORGHUM PRODUCTION (1000 tons),CHICKPEA YIELD (Kg per ha),-0.036549447425078554,0.036549447425078554
KHARIF SORGHUM AREA (1000 ha),MAIZE AREA (1000 ha),-0.0365325105040039,0.0365325105040039
KHARIF SORGHUM AREA (1000 ha),BARLEY AREA (1000 ha),-0.036391252301980745,0.036391252301980745
SAFFLOWER YIELD (Kg per ha),OILSEEDS YIELD (Kg per ha),0.03628661207489595,0.03628661207489595
GROUNDNUT PRODUCTION (1000 tons),SAFFLOWER AREA (1000 ha),0.036206229713503395,0.036206229713503395
MAIZE AREA (1000 ha),COTTON AREA (1000 ha),0.03618934455977456,0.03618934455977456
RICE YIELD (Kg per ha),MAIZE AREA (1000 ha),-0.03604827529111041,0.03604827529111041
RABI SORGHUM AREA (1000 ha),GROUNDNUT YIELD (Kg per ha),0.03604679758151769,0.03604679758151769
MINOR PULSES PRODUCTION (1000 tons),CASTOR AREA (1000 ha),0.035976532553611135,0.035976532553611135
MAIZE YIELD (Kg per ha),RAPESEED AND MUSTARD PRODUCTION (1000 tons),-0.03594332259311287,0.03594332259311287
SORGHUM YIELD (Kg per ha),CASTOR PRODUCTION (1000 tons),0.03594296037755022,0.03594296037755022
PIGEONPEA YIELD (Kg per ha),CASTOR AREA (1000 ha),-0.0359377141075525,0.0359377141075525
FINGER MILLET PRODUCTION (1000 tons),SUNFLOWER PRODUCTION (1000 tons),0.035870264381300115,0.035870264381300115
PEARL MILLET AREA (1000 ha),SUGARCANE AREA (1000 ha),-0.035788206207893074,0.035788206207893074
KHARIF SORGHUM PRODUCTION (1000 tons),CHICKPEA YIELD (Kg per ha),-0.03576419434012793,0.03576419434012793
State Code,BARLEY AREA (1000 ha),0.03571785826338349,0.03571785826338349
PEARL MILLET AREA (1000 ha),PIGEONPEA PRODUCTION (1000 tons),-0.03571434317465474,0.03571434317465474
State Code,RICE PRODUCTION (1000 tons),0.035622389261797845,0.035622389261797845
SUNFLOWER YIELD (Kg per ha),SOYABEAN AREA (1000 ha),-0.03556545501248524,0.03556545501248524
State Code,FRUITS AREA (1000 ha),-0.03548524853676821,0.03548524853676821
PIGEONPEA PRODUCTION (1000 tons),FRUITS AND VEGETABLES AREA (1000 ha),-0.03547208529954316,0.03547208529954316
MAIZE YIELD (Kg per ha),SESAMUM PRODUCTION (1000 tons),0.03541754046473176,0.03541754046473176
MINOR PULSES YIELD (Kg per ha),SAFFLOWER PRODUCTION (1000 tons),-0.03540758618894156,0.03540758618894156
SORGHUM AREA (1000 ha),SESAMUM YIELD (Kg per ha),-0.03537050666548502,0.03537050666548502
SORGHUM PRODUCTION (1000 tons),FODDER AREA (1000 ha),-0.03534904815372391,0.03534904815372391
MAIZE YIELD (Kg per ha),CASTOR AREA (1000 ha),0.0353092162035746,0.0353092162035746
FINGER MILLET YIELD (Kg per ha),SESAMUM AREA (1000 ha),-0.035305691953801004,0.035305691953801004
FINGER MILLET PRODUCTION (1000 tons),SUGARCANE PRODUCTION (1000 tons),0.035255878907246976,0.035255878907246976
SORGHUM YIELD (Kg per ha),PEARL MILLET PRODUCTION (1000 tons),0.03516455057314445,0.03516455057314445
LINSEED PRODUCTION (1000 tons),SUNFLOWER PRODUCTION (1000 tons),0.03513262639067166,0.03513262639067166
SOYABEAN YIELD (Kg per ha),SUGARCANE AREA (1000 ha),0.03511392231987837,0.03511392231987837
MAIZE AREA (1000 ha),MINOR PULSES YIELD (Kg per ha),-0.035094103641560806,0.035094103641560806
CHICKPEA PRODUCTION (1000 tons),CASTOR YIELD (Kg per ha),-0.03509306694456382,0.03509306694456382
BARLEY YIELD (Kg per ha),COTTON YIELD (Kg per ha),-0.03500342265513658,0.03500342265513658
RABI SORGHUM PRODUCTION (1000 tons),PEARL MILLET YIELD (Kg per ha),0.034945222617876526,0.034945222617876526
CHICKPEA PRODUCTION (1000 tons),CASTOR PRODUCTION (1000 tons),-0.034908672256238796,0.034908672256238796
SORGHUM AREA (1000 ha),GROUNDNUT YIELD (Kg per ha),0.03489485188898121,0.03489485188898121
MAIZE PRODUCTION (1000 tons),FINGER MILLET AREA (1000 ha),0.03464084545748571,0.03464084545748571
KHARIF SORGHUM AREA (1000 ha),BARLEY PRODUCTION (1000 tons),-0.03453359698171701,0.03453359698171701
Year,RABI SORGHUM AREA (1000 ha),-0.03437782053231065,0.03437782053231065
MAIZE AREA (1000 ha),LINSEED PRODUCTION (1000 tons),-0.03436891439150254,0.03436891439150254
PIGEONPEA AREA (1000 ha),FRUITS AND VEGETABLES AREA (1000 ha),-0.03431436492555351,0.03431436492555351
PIGEONPEA AREA (1000 ha),SUGARCANE AREA (1000 ha),0.03428910893975108,0.03428910893975108
SESAMUM AREA (1000 ha),FRUITS AREA (1000 ha),0.034273091500202774,0.034273091500202774
FINGER MILLET AREA (1000 ha),PIGEONPEA YIELD (Kg per ha),-0.03424905396175341,0.03424905396175341
LINSEED AREA (1000 ha),SUNFLOWER PRODUCTION (1000 tons),0.03394252266379369,0.03394252266379369
Year,GROUNDNUT AREA (1000 ha),-0.03376377169075483,0.03376377169075483
PIGEONPEA YIELD (Kg per ha),SAFFLOWER PRODUCTION (1000 tons),-0.03376141056076419,0.03376141056076419
KHARIF SORGHUM PRODUCTION (1000 tons),MAIZE YIELD (Kg per ha),0.033669943198487845,0.033669943198487845
SAFFLOWER YIELD (Kg per ha),SUGARCANE AREA (1000 ha),0.03363370350541405,0.03363370350541405
MAIZE AREA (1000 ha),SUGARCANE YIELD (Kg per ha),0.03360133740048978,0.03360133740048978
MINOR PULSES PRODUCTION (1000 tons),SUNFLOWER AREA (1000 ha),0.03351348420118377,0.03351348420118377
FINGER MILLET PRODUCTION (1000 tons),OILSEEDS AREA (1000 ha),0.03341914327856706,0.03341914327856706
RICE AREA (1000 ha),FINGER MILLET PRODUCTION (1000 tons),-0.033353190252918795,0.033353190252918795
MINOR PULSES YIELD (Kg per ha),GROUNDNUT YIELD (Kg per ha),0.03334325601222379,0.03334325601222379
SUNFLOWER PRODUCTION (1000 tons),POTATOES AREA (1000 ha),-0.03333633697802988,0.03333633697802988
MAIZE PRODUCTION (1000 tons),OILSEEDS PRODUCTION (1000 tons),0.033325553574610985,0.033325553574610985
COTTON PRODUCTION (1000 tons),FRUITS AREA (1000 ha),0.03324086006291998,0.03324086006291998
RABI SORGHUM YIELD (Kg per ha),CHICKPEA AREA (1000 ha),-0.033202222909036405,0.033202222909036405
MINOR PULSES YIELD (Kg per ha),LINSEED PRODUCTION (1000 tons),-0.03318255049256197,0.03318255049256197
RICE PRODUCTION (1000 tons),PEARL MILLET YIELD (Kg per ha),0.033150255718557606,0.033150255718557606
MINOR PULSES AREA (1000 ha),OILSEEDS YIELD (Kg per ha),0.033133146290482404,0.033133146290482404
GROUNDNUT PRODUCTION (1000 tons),SAFFLOWER PRODUCTION (1000 tons),0.03312933261075718,0.03312933261075718
FINGER MILLET AREA (1000 ha),PIGEONPEA PRODUCTION (1000 tons),-0.03299804946636127,0.03299804946636127
BARLEY YIELD (Kg per ha),OILSEEDS YIELD (Kg per ha),0.032981344959169524,0.032981344959169524
CASTOR PRODUCTION (1000 tons),SOYABEAN YIELD (Kg per ha),-0.032947620014256856,0.032947620014256856
SESAMUM AREA (1000 ha),SAFFLOWER YIELD (Kg per ha),0.03292245641998277,0.03292245641998277
KHARIF SORGHUM YIELD (Kg per ha),CASTOR PRODUCTION (1000 tons),0.03287489125178174,0.03287489125178174
MAIZE AREA (1000 ha),GROUNDNUT AREA (1000 ha),-0.03282102558650555,0.03282102558650555
SORGHUM AREA (1000 ha),SOYABEAN AREA (1000 ha),0.03279778531018717,0.03279778531018717
MAIZE AREA (1000 ha),CHICKPEA AREA (1000 ha),0.03276160413276547,0.03276160413276547
BARLEY PRODUCTION (1000 tons),SESAMUM PRODUCTION (1000 tons),-0.03273725397173432,0.03273725397173432
WHEAT PRODUCTION (1000 tons),GROUNDNUT YIELD (Kg per ha),-0.03273082961400362,0.03273082961400362
BARLEY YIELD (Kg per ha),COTTON PRODUCTION (1000 tons),-0.032718469197083384,0.032718469197083384
SORGHUM AREA (1000 ha),SOYABEAN PRODUCTION (1000 tons),0.03264299398887517,0.03264299398887517
SORGHUM PRODUCTION (1000 tons),SUNFLOWER YIELD (Kg per ha),0.032518505193290796,0.032518505193290796
SESAMUM YIELD (Kg per ha),SUGARCANE PRODUCTION (1000 tons),-0.03239279260861813,0.03239279260861813
RAPESEED AND MUSTARD YIELD (Kg per ha),LINSEED PRODUCTION (1000 tons),-0.03237954597351421,0.03237954597351421
CASTOR PRODUCTION (1000 tons),SOYABEAN AREA (1000 ha),-0.03230028040221183,0.03230028040221183
RICE AREA (1000 ha),CHICKPEA YIELD (Kg per ha),0.03219925190378443,0.03219925190378443
SAFFLOWER PRODUCTION (1000 tons),FRUITS AREA (1000 ha),-0.03215424027401579,0.03215424027401579
LINSEED YIELD (Kg per ha),SUGARCANE YIELD (Kg per ha),-0.03208354087424979,0.03208354087424979
CASTOR AREA (1000 ha),SUNFLOWER PRODUCTION (1000 tons),0.03202622366902248,0.03202622366902248
CHICKPEA AREA (1000 ha),COTTON YIELD (Kg per ha),0.03193927482376109,0.03193927482376109
LINSEED YIELD (Kg per ha),POTATOES AREA (1000 ha),0.031833319530188225,0.031833319530188225
FINGER MILLET AREA (1000 ha),SAFFLOWER PRODUCTION (1000 tons),-0.03179590593488803,0.03179590593488803
SESAMUM AREA (1000 ha),SUNFLOWER PRODUCTION (1000 tons),0.03174018300648405,0.03174018300648405
MINOR PULSES PRODUCTION (1000 tons),RAPESEED AND MUSTARD YIELD (Kg per ha),0.03166944059598557,0.03166944059598557
GROUNDNUT YIELD (Kg per ha),POTATOES AREA (1000 ha),0.03154909062565763,0.03154909062565763
SOYABEAN AREA (1000 ha),SUGARCANE PRODUCTION (1000 tons),-0.031475178846619566,0.031475178846619566
GROUNDNUT YIELD (Kg per ha),SUNFLOWER PRODUCTION (1000 tons),0.0314051993195524,0.0314051993195524
PIGEONPEA YIELD (Kg per ha),MINOR PULSES AREA (1000 ha),-0.03137268642211639,0.03137268642211639
MINOR PULSES YIELD (Kg per ha),SUNFLOWER AREA (1000 ha),-0.031317994947276245,0.031317994947276245
MAIZE YIELD (Kg per ha),SAFFLOWER AREA (1000 ha),0.0312919370851008,0.0312919370851008
CHICKPEA YIELD (Kg per ha),SAFFLOWER PRODUCTION (1000 tons),-0.031242022742249548,0.031242022742249548
FINGER MILLET AREA (1000 ha),CASTOR AREA (1000 ha),0.031160675580914617,0.031160675580914617
RICE PRODUCTION (1000 tons),SAFFLOWER YIELD (Kg per ha),0.03114690871574549,0.03114690871574549
SAFFLOWER PRODUCTION (1000 tons),FRUITS AND VEGETABLES AREA (1000 ha),-0.031143347217073434,0.031143347217073434
RABI SORGHUM PRODUCTION (1000 tons),SESAMUM AREA (1000 ha),0.031116039088070133,0.031116039088070133
MAIZE AREA (1000 ha),VEGETABLES AREA (1000 ha),0.031013895244250987,0.031013895244250987
SOYABEAN AREA (1000 ha),COTTON YIELD (Kg per ha),0.031013460780362996,0.031013460780362996
MINOR PULSES YIELD (Kg per ha),COTTON PRODUCTION (1000 tons),0.031001912192330377,0.031001912192330377
OILSEEDS PRODUCTION (1000 tons),FRUITS AND VEGETABLES AREA (1000 ha),0.030903833298572554,0.030903833298572554
BARLEY PRODUCTION (1000 tons),OILSEEDS PRODUCTION (1000 tons),0.03088698926666574,0.03088698926666574
BARLEY PRODUCTION (1000 tons),SUNFLOWER YIELD (Kg per ha),-0.030861669904161403,0.030861669904161403
RICE PRODUCTION (1000 tons),LINSEED YIELD (Kg per ha),-0.030759095077597956,0.030759095077597956
SUGARCANE PRODUCTION (1000 tons),COTTON PRODUCTION (1000 tons),-0.030656285182800537,0.030656285182800537
MAIZE AREA (1000 ha),OILSEEDS AREA (1000 ha),-0.030637764887463097,0.030637764887463097
KHARIF SORGHUM YIELD (Kg per ha),RAPESEED AND MUSTARD AREA (1000 ha),-0.030624439155362317,0.030624439155362317
MINOR PULSES PRODUCTION (1000 tons),RAPESEED AND MUSTARD AREA (1000 ha),0.03046537205020773,0.03046537205020773
GROUNDNUT YIELD (Kg per ha),LINSEED PRODUCTION (1000 tons),-0.03043806287418499,0.03043806287418499
PEARL MILLET AREA (1000 ha),LINSEED YIELD (Kg per ha),-0.03035389920487738,0.03035389920487738
FINGER MILLET AREA (1000 ha),OILSEEDS AREA (1000 ha),0.03025418995012029,0.03025418995012029
CASTOR PRODUCTION (1000 tons),SOYABEAN PRODUCTION (1000 tons),-0.03024354186951325,0.03024354186951325
SESAMUM AREA (1000 ha),RAPESEED AND MUSTARD YIELD (Kg per ha),0.030204710659896744,0.030204710659896744
PIGEONPEA PRODUCTION (1000 tons),SUGARCANE AREA (1000 ha),0.03018027739832723,0.03018027739832723
RABI SORGHUM AREA (1000 ha),FRUITS AREA (1000 ha),-0.03017113172062406,0.03017113172062406
LINSEED YIELD (Kg per ha),SUGARCANE AREA (1000 ha),-0.030121922619801074,0.030121922619801074
CASTOR YIELD (Kg per ha),VEGETABLES AREA (1000 ha),0.030104546907922233,0.030104546907922233
BARLEY AREA (1000 ha),PIGEONPEA AREA (1000 ha),-0.030094209498379574,0.030094209498379574
MINOR PULSES YIELD (Kg per ha),SESAMUM PRODUCTION (1000 tons),0.029882655191655772,0.029882655191655772
FINGER MILLET PRODUCTION (1000 tons),SAFFLOWER AREA (1000 ha),-0.029842043978193872,0.029842043978193872
CHICKPEA PRODUCTION (1000 tons),SESAMUM PRODUCTION (1000 tons),-0.029817753634533845,0.029817753634533845
BARLEY PRODUCTION (1000 tons),LINSEED PRODUCTION (1000 tons),-0.02967266830078655,0.02967266830078655
MINOR PULSES YIELD (Kg per ha),COTTON AREA (1000 ha),-0.029625799089999714,0.029625799089999714
PIGEONPEA AREA (1000 ha),LINSEED YIELD (Kg per ha),0.029527884093415085,0.029527884093415085
KHARIF SORGHUM PRODUCTION (1000 tons),FINGER MILLET PRODUCTION (1000 tons),0.029512484068444478,0.029512484068444478
PIGEONPEA YIELD (Kg per ha),CASTOR PRODUCTION (1000 tons),0.029430121829068404,0.029430121829068404
CHICKPEA YIELD (Kg per ha),CASTOR PRODUCTION (1000 tons),0.029384344443913836,0.029384344443913836
KHARIF SORGHUM PRODUCTION (1000 tons),SUGARCANE PRODUCTION (1000 tons),0.029241301688302176,0.029241301688302176
PIGEONPEA PRODUCTION (1000 tons),SUGARCANE PRODUCTION (1000 tons),0.029224884285675212,0.029224884285675212
OILSEEDS PRODUCTION (1000 tons),SUGARCANE AREA (1000 ha),-0.029193361347861112,0.029193361347861112
WHEAT YIELD (Kg per ha),SORGHUM YIELD (Kg per ha),0.0291822358478149,0.0291822358478149
FINGER MILLET AREA (1000 ha),SUNFLOWER PRODUCTION (1000 tons),0.029082541373599752,0.029082541373599752
BARLEY PRODUCTION (1000 tons),OILSEEDS YIELD (Kg per ha),-0.028731393563895424,0.028731393563895424
GROUNDNUT PRODUCTION (1000 tons),SOYABEAN YIELD (Kg per ha),-0.028729077035915505,0.028729077035915505
PEARL MILLET PRODUCTION (1000 tons),SUGARCANE AREA (1000 ha),-0.02870681728695322,0.02870681728695322
FINGER MILLET PRODUCTION (1000 tons),PIGEONPEA YIELD (Kg per ha),-0.028602347221023335,0.028602347221023335
LINSEED AREA (1000 ha),ONION AREA (1000 ha),-0.02855922760014838,0.02855922760014838
BARLEY AREA (1000 ha),PIGEONPEA PRODUCTION (1000 tons),0.02855476613709305,0.02855476613709305
FINGER MILLET AREA (1000 ha),SAFFLOWER AREA (1000 ha),-0.028464106410072895,0.028464106410072895
FINGER MILLET PRODUCTION (1000 tons),SAFFLOWER PRODUCTION (1000 tons),-0.028430803288674977,0.028430803288674977
PEARL MILLET PRODUCTION (1000 tons),SUNFLOWER PRODUCTION (1000 tons),0.028405714652435493,0.028405714652435493
KHARIF SORGHUM YIELD (Kg per ha),BARLEY YIELD (Kg per ha),-0.028321942919577223,0.028321942919577223
SESAMUM PRODUCTION (1000 tons),SAFFLOWER PRODUCTION (1000 tons),0.02827115454924764,0.02827115454924764
RAPESEED AND MUSTARD PRODUCTION (1000 tons),FRUITS AND VEGETABLES AREA (1000 ha),-0.0282478704109634,0.0282478704109634
RABI SORGHUM AREA (1000 ha),MAIZE AREA (1000 ha),0.028189388048406913,0.028189388048406913
FINGER MILLET YIELD (Kg per ha),OILSEEDS PRODUCTION (1000 tons),0.028146502152426853,0.028146502152426853
WHEAT AREA (1000 ha),MAIZE PRODUCTION (1000 tons),0.027980748170726603,0.027980748170726603
BARLEY PRODUCTION (1000 tons),SESAMUM AREA (1000 ha),0.02798073554838253,0.02798073554838253
CHICKPEA AREA (1000 ha),SESAMUM YIELD (Kg per ha),-0.027980536538109595,0.027980536538109595
CHICKPEA YIELD (Kg per ha),LINSEED AREA (1000 ha),-0.027916078918581486,0.027916078918581486
LINSEED PRODUCTION (1000 tons),ONION AREA (1000 ha),-0.027904814079048438,0.027904814079048438
WHEAT YIELD (Kg per ha),GROUNDNUT PRODUCTION (1000 tons),-0.027866208279887606,0.027866208279887606
KHARIF SORGHUM AREA (1000 ha),PEARL MILLET YIELD (Kg per ha),0.02783165084549931,0.02783165084549931
MAIZE PRODUCTION (1000 tons),MINOR PULSES YIELD (Kg per ha),0.02781102815655624,0.02781102815655624
RICE AREA (1000 ha),RAPESEED AND MUSTARD YIELD (Kg per ha),0.027779840150626556,0.027779840150626556
GROUNDNUT PRODUCTION (1000 tons),RAPESEED AND MUSTARD YIELD (Kg per ha),-0.027754372716582397,0.027754372716582397
SAFFLOWER AREA (1000 ha),SOYABEAN PRODUCTION (1000 tons),0.027706926288578487,0.027706926288578487
CHICKPEA YIELD (Kg per ha),OILSEEDS AREA (1000 ha),0.02767296515128219,0.02767296515128219
RABI SORGHUM YIELD (Kg per ha),CHICKPEA YIELD (Kg per ha),0.02766330718981963,0.02766330718981963
SOYABEAN PRODUCTION (1000 tons),ONION AREA (1000 ha),0.02754855995041967,0.02754855995041967
FINGER MILLET PRODUCTION (1000 tons),SAFFLOWER YIELD (Kg per ha),0.027540319437529368,0.027540319437529368
FINGER MILLET AREA (1000 ha),OILSEEDS YIELD (Kg per ha),0.027525870517707423,0.027525870517707423
SORGHUM PRODUCTION (1000 tons),PIGEONPEA YIELD (Kg per ha),-0.027355454614919117,0.027355454614919117
OILSEEDS AREA (1000 ha),SUGARCANE PRODUCTION (1000 tons),-0.027289880407070838,0.027289880407070838
CHICKPEA YIELD (Kg per ha),COTTON AREA (1000 ha),0.027279592470242354,0.027279592470242354
WHEAT PRODUCTION (1000 tons),MAIZE AREA (1000 ha),0.02719735351779134,0.02719735351779134
CHICKPEA YIELD (Kg per ha),PIGEONPEA AREA (1000 ha),0.027196456991427743,0.027196456991427743
FINGER MILLET PRODUCTION (1000 tons),PIGEONPEA PRODUCTION (1000 tons),-0.027140409977220014,0.027140409977220014
BARLEY AREA (1000 ha),POTATOES AREA (1000 ha),0.027078622528190606,0.027078622528190606
FINGER MILLET YIELD (Kg per ha),CASTOR AREA (1000 ha),0.0270603052518685,0.0270603052518685
MINOR PULSES AREA (1000 ha),SOYABEAN YIELD (Kg per ha),0.02698401162387062,0.02698401162387062
RABI SORGHUM PRODUCTION (1000 tons),SOYABEAN PRODUCTION (1000 tons),0.026964875379814946,0.026964875379814946
SAFFLOWER AREA (1000 ha),VEGETABLES AREA (1000 ha),-0.026904397893731002,0.026904397893731002
MINOR PULSES YIELD (Kg per ha),SUGARCANE PRODUCTION (1000 tons),0.02689628206200158,0.02689628206200158
SAFFLOWER YIELD (Kg per ha),FRUITS AREA (1000 ha),0.026896252912868623,0.026896252912868623
FINGER MILLET PRODUCTION (1000 tons),SOYABEAN YIELD (Kg per ha),-0.026808887176693368,0.026808887176693368
KHARIF SORGHUM PRODUCTION (1000 tons),FRUITS AREA (1000 ha),-0.02670542787635898,0.02670542787635898
PEARL MILLET AREA (1000 ha),OILSEEDS YIELD (Kg per ha),0.026587043130065525,0.026587043130065525
RICE PRODUCTION (1000 tons),CASTOR AREA (1000 ha),-0.02645701918727953,0.02645701918727953
RAPESEED AND MUSTARD PRODUCTION (1000 tons),SOYABEAN PRODUCTION (1000 tons),0.02644881033520165,0.02644881033520165
LINSEED PRODUCTION (1000 tons),COTTON AREA (1000 ha),-0.026405836627153862,0.026405836627153862
KHARIF SORGHUM PRODUCTION (1000 tons),FINGER MILLET AREA (1000 ha),0.026363802897963362,0.026363802897963362
KHARIF SORGHUM YIELD (Kg per ha),FRUITS AND VEGETABLES AREA (1000 ha),-0.026204028406301802,0.026204028406301802
SUNFLOWER PRODUCTION (1000 tons),OILSEEDS YIELD (Kg per ha),0.026195402273890937,0.026195402273890937
RAPESEED AND MUSTARD AREA (1000 ha),FRUITS AND VEGETABLES AREA (1000 ha),-0.026092041532789993,0.026092041532789993
MINOR PULSES PRODUCTION (1000 tons),RAPESEED AND MUSTARD PRODUCTION (1000 tons),0.026046310893440793,0.026046310893440793
SUNFLOWER AREA (1000 ha),FRUITS AREA (1000 ha),0.02604373549877813,0.02604373549877813
KHARIF SORGHUM PRODUCTION (1000 tons),OILSEEDS YIELD (Kg per ha),0.025985818521670742,0.025985818521670742
KHARIF SORGHUM YIELD (Kg per ha),BARLEY PRODUCTION (1000 tons),-0.02598029835315535,0.02598029835315535
PIGEONPEA PRODUCTION (1000 tons),SESAMUM AREA (1000 ha),0.025927232197382705,0.025927232197382705
RABI SORGHUM AREA (1000 ha),SORGHUM YIELD (Kg per ha),0.02586680275618607,0.02586680275618607
RICE PRODUCTION (1000 tons),LINSEED PRODUCTION (1000 tons),-0.025736199656691675,0.025736199656691675
CHICKPEA AREA (1000 ha),GROUNDNUT PRODUCTION (1000 tons),-0.025720810577408167,0.025720810577408167
RABI SORGHUM AREA (1000 ha),LINSEED YIELD (Kg per ha),0.025593890835248403,0.025593890835248403
SOYABEAN PRODUCTION (1000 tons),SUGARCANE AREA (1000 ha),-0.025517170879480855,0.025517170879480855
KHARIF SORGHUM YIELD (Kg per ha),PEARL MILLET AREA (1000 ha),-0.025445006668307256,0.025445006668307256
SORGHUM PRODUCTION (1000 tons),OILSEEDS YIELD (Kg per ha),0.025373329706936853,0.025373329706936853
RICE PRODUCTION (1000 tons),SESAMUM AREA (1000 ha),0.025261581272820993,0.025261581272820993
RAPESEED AND MUSTARD YIELD (Kg per ha),COTTON AREA (1000 ha),-0.02511210696267299,0.02511210696267299
CHICKPEA PRODUCTION (1000 tons),GROUNDNUT AREA (1000 ha),-0.02495559065644857,0.02495559065644857
BARLEY AREA (1000 ha),LINSEED YIELD (Kg per ha),0.024951132369058153,0.024951132369058153
PEARL MILLET AREA (1000 ha),SUNFLOWER PRODUCTION (1000 tons),0.024797717209663016,0.024797717209663016
RAPESEED AND MUSTARD YIELD (Kg per ha),ONION AREA (1000 ha),-0.02464439497510442,0.02464439497510442
RICE YIELD (Kg per ha),RAPESEED AND MUSTARD AREA (1000 ha),0.02456274528288446,0.02456274528288446
MAIZE PRODUCTION (1000 tons),CHICKPEA AREA (1000 ha),0.02455340934642164,0.02455340934642164
SUNFLOWER YIELD (Kg per ha),COTTON PRODUCTION (1000 tons),0.024503047379216814,0.024503047379216814
CHICKPEA AREA (1000 ha),GROUNDNUT AREA (1000 ha),-0.02449379014003612,0.02449379014003612
SORGHUM AREA (1000 ha),SESAMUM PRODUCTION (1000 tons),0.024457076228937998,0.024457076228937998
SOYABEAN AREA (1000 ha),ONION AREA (1000 ha),0.02437241979295314,0.02437241979295314
SORGHUM YIELD (Kg per ha),CASTOR AREA (1000 ha),0.024328443698134288,0.024328443698134288
RICE AREA (1000 ha),SAFFLOWER YIELD (Kg per ha),0.024138395010995677,0.024138395010995677
CASTOR AREA (1000 ha),SUNFLOWER YIELD (Kg per ha),-0.024070027475897888,0.024070027475897888
WHEAT AREA (1000 ha),LINSEED AREA (1000 ha),0.024005439476244884,0.024005439476244884
WHEAT AREA (1000 ha),COTTON YIELD (Kg per ha),0.023902451700584994,0.023902451700584994
FINGER MILLET AREA (1000 ha),OILSEEDS PRODUCTION (1000 tons),0.023810698293161955,0.023810698293161955
MINOR PULSES YIELD (Kg per ha),LINSEED YIELD (Kg per ha),0.02379721829062951,0.02379721829062951
MINOR PULSES YIELD (Kg per ha),SOYABEAN PRODUCTION (1000 tons),0.0237883624098455,0.0237883624098455
OILSEEDS AREA (1000 ha),FRUITS AND VEGETABLES AREA (1000 ha),0.023725846983302632,0.023725846983302632
RABI SORGHUM AREA (1000 ha),SESAMUM AREA (1000 ha),0.023644685191615746,0.023644685191615746
SOYABEAN AREA (1000 ha),FODDER AREA (1000 ha),-0.023598149218029954,0.023598149218029954
WHEAT PRODUCTION (1000 tons),MINOR PULSES PRODUCTION (1000 tons),-0.023535915889129636,0.023535915889129636
FINGER MILLET PRODUCTION (1000 tons),CASTOR AREA (1000 ha),0.023517879396582186,0.023517879396582186
State Code,SUGARCANE AREA (1000 ha),-0.02348366055372683,0.02348366055372683
FINGER MILLET PRODUCTION (1000 tons),SUNFLOWER AREA (1000 ha),0.023460379699910303,0.023460379699910303
PIGEONPEA YIELD (Kg per ha),FRUITS AND VEGETABLES AREA (1000 ha),0.02341735049673564,0.02341735049673564
SUNFLOWER YIELD (Kg per ha),SOYABEAN PRODUCTION (1000 tons),-0.023402708169188498,0.023402708169188498
RAPESEED AND MUSTARD PRODUCTION (1000 tons),VEGETABLES AREA (1000 ha),0.023395938158332318,0.023395938158332318
COTTON YIELD (Kg per ha),VEGETABLES AREA (1000 ha),0.02338817662263854,0.02338817662263854
KHARIF SORGHUM PRODUCTION (1000 tons),MAIZE AREA (1000 ha),-0.0233010095455561,0.0233010095455561
MAIZE YIELD (Kg per ha),RAPESEED AND MUSTARD YIELD (Kg per ha),0.023181157854789892,0.023181157854789892
Dist Code,LINSEED YIELD (Kg per ha),-0.02315566120554821,0.02315566120554821
KHARIF SORGHUM YIELD (Kg per ha),CASTOR AREA (1000 ha),0.02311559241308659,0.02311559241308659
SORGHUM YIELD (Kg per ha),RAPESEED AND MUSTARD AREA (1000 ha),-0.023109502260275302,0.023109502260275302
SESAMUM AREA (1000 ha),LINSEED YIELD (Kg per ha),0.023079034796227207,0.023079034796227207
KHARIF SORGHUM PRODUCTION (1000 tons),PIGEONPEA YIELD (Kg per ha),0.02304971982360754,0.02304971982360754
RABI SORGHUM YIELD (Kg per ha),PEARL MILLET PRODUCTION (1000 tons),0.023033360904650635,0.023033360904650635
SAFFLOWER AREA (1000 ha),SOYABEAN AREA (1000 ha),0.02302754294451145,0.02302754294451145
MINOR PULSES PRODUCTION (1000 tons),CASTOR PRODUCTION (1000 tons),0.022887553101977196,0.022887553101977196
Year,FINGER MILLET YIELD (Kg per ha),0.022799343242821943,0.022799343242821943
OILSEEDS YIELD (Kg per ha),POTATOES AREA (1000 ha),0.022702712893924407,0.022702712893924407
SOYABEAN PRODUCTION (1000 tons),FODDER AREA (1000 ha),-0.022606928251555684,0.022606928251555684
MINOR PULSES PRODUCTION (1000 tons),SUGARCANE PRODUCTION (1000 tons),-0.0224803617402457,0.0224803617402457
RICE YIELD (Kg per ha),BARLEY YIELD (Kg per ha),0.022384930083854417,0.022384930083854417
KHARIF SORGHUM AREA (1000 ha),OILSEEDS YIELD (Kg per ha),-0.022350714157758154,0.022350714157758154
LINSEED PRODUCTION (1000 tons),OILSEEDS PRODUCTION (1000 tons),-0.02227156811529485,0.02227156811529485
FINGER MILLET YIELD (Kg per ha),OILSEEDS AREA (1000 ha),0.022235747279516552,0.022235747279516552
RABI SORGHUM AREA (1000 ha),SUNFLOWER YIELD (Kg per ha),0.022163983581786374,0.022163983581786374
SORGHUM PRODUCTION (1000 tons),FRUITS AREA (1000 ha),-0.022154385500774077,0.022154385500774077
WHEAT AREA (1000 ha),CASTOR PRODUCTION (1000 tons),-0.022128616571970353,0.022128616571970353
RICE YIELD (Kg per ha),MINOR PULSES PRODUCTION (1000 tons),-0.02205952474029005,0.02205952474029005
SORGHUM AREA (1000 ha),MAIZE PRODUCTION (1000 tons),0.02185313399302526,0.02185313399302526
SAFFLOWER PRODUCTION (1000 tons),VEGETABLES AREA (1000 ha),-0.021833100931159366,0.021833100931159366
WHEAT PRODUCTION (1000 tons),OILSEEDS AREA (1000 ha),-0.021644891066397543,0.021644891066397543
GROUNDNUT PRODUCTION (1000 tons),SUGARCANE AREA (1000 ha),0.021613054482233676,0.021613054482233676
CASTOR PRODUCTION (1000 tons),FRUITS AREA (1000 ha),-0.021572983344430564,0.021572983344430564
RAPESEED AND MUSTARD AREA (1000 ha),SUGARCANE YIELD (Kg per ha),-0.021539227168325487,0.021539227168325487
CHICKPEA YIELD (Kg per ha),GROUNDNUT AREA (1000 ha),-0.021484386041718168,0.021484386041718168
BARLEY AREA (1000 ha),SESAMUM AREA (1000 ha),0.02148351085712043,0.02148351085712043
RABI SORGHUM AREA (1000 ha),FRUITS AND VEGETABLES AREA (1000 ha),-0.021403916872710895,0.021403916872710895
PEARL MILLET AREA (1000 ha),SAFFLOWER YIELD (Kg per ha),0.0213910775233017,0.0213910775233017
KHARIF SORGHUM PRODUCTION (1000 tons),PEARL MILLET PRODUCTION (1000 tons),0.021349860672652612,0.021349860672652612
RICE PRODUCTION (1000 tons),ONION AREA (1000 ha),-0.021260483486063266,0.021260483486063266
MAIZE YIELD (Kg per ha),MINOR PULSES AREA (1000 ha),0.02125799748231598,0.02125799748231598
SORGHUM AREA (1000 ha),FINGER MILLET YIELD (Kg per ha),0.02120666494520635,0.02120666494520635
PEARL MILLET PRODUCTION (1000 tons),PIGEONPEA YIELD (Kg per ha),-0.021200170650993454,0.021200170650993454
RAPESEED AND MUSTARD AREA (1000 ha),ONION AREA (1000 ha),-0.021193647065483955,0.021193647065483955
MINOR PULSES YIELD (Kg per ha),COTTON YIELD (Kg per ha),0.021127238863799587,0.021127238863799587
BARLEY PRODUCTION (1000 tons),SUGARCANE AREA (1000 ha),-0.020994242782742947,0.020994242782742947
MINOR PULSES YIELD (Kg per ha),SUGARCANE AREA (1000 ha),0.02099070910108494,0.02099070910108494
FINGER MILLET AREA (1000 ha),SUGARCANE PRODUCTION (1000 tons),0.020978077551682222,0.020978077551682222
SESAMUM PRODUCTION (1000 tons),SAFFLOWER AREA (1000 ha),0.02094052552726198,0.02094052552726198
RABI SORGHUM PRODUCTION (1000 tons),LINSEED YIELD (Kg per ha),0.020830836537495692,0.020830836537495692
SAFFLOWER AREA (1000 ha),OILSEEDS YIELD (Kg per ha),-0.020774035838933703,0.020774035838933703
MINOR PULSES YIELD (Kg per ha),SUNFLOWER PRODUCTION (1000 tons),-0.020761585984581398,0.020761585984581398
WHEAT AREA (1000 ha),MAIZE YIELD (Kg per ha),-0.020727243432429515,0.020727243432429515
FINGER MILLET PRODUCTION (1000 tons),MINOR PULSES YIELD (Kg per ha),-0.02070428986217268,0.02070428986217268
WHEAT AREA (1000 ha),SOYABEAN YIELD (Kg per ha),0.020703891305852557,0.020703891305852557
RICE YIELD (Kg per ha),COTTON AREA (1000 ha),-0.020700285340498753,0.020700285340498753
CHICKPEA PRODUCTION (1000 tons),SAFFLOWER AREA (1000 ha),0.020677492518787158,0.020677492518787158
PEARL MILLET YIELD (Kg per ha),MINOR PULSES AREA (1000 ha),-0.020571794644455042,0.020571794644455042
MINOR PULSES YIELD (Kg per ha),CASTOR AREA (1000 ha),-0.02051730218095462,0.02051730218095462
MAIZE AREA (1000 ha),SAFFLOWER AREA (1000 ha),-0.02045501888606037,0.02045501888606037
PIGEONPEA YIELD (Kg per ha),COTTON YIELD (Kg per ha),-0.02038701091657243,0.02038701091657243
SORGHUM PRODUCTION (1000 tons),MAIZE AREA (1000 ha),0.020330611121536987,0.020330611121536987
WHEAT PRODUCTION (1000 tons),PEARL MILLET AREA (1000 ha),0.020289930306162583,0.020289930306162583
CASTOR PRODUCTION (1000 tons),FRUITS AND VEGETABLES AREA (1000 ha),-0.02028722991008311,0.02028722991008311
CASTOR AREA (1000 ha),SUNFLOWER AREA (1000 ha),0.020226675162144218,0.020226675162144218
FINGER MILLET AREA (1000 ha),SUNFLOWER AREA (1000 ha),0.02022056440751069,0.02022056440751069
SAFFLOWER YIELD (Kg per ha),POTATOES AREA (1000 ha),-0.020091798274296094,0.020091798274296094
RICE AREA (1000 ha),ONION AREA (1000 ha),-0.020064715220941703,0.020064715220941703
RICE YIELD (Kg per ha),CASTOR YIELD (Kg per ha),-0.019912853915405756,0.019912853915405756
PEARL MILLET YIELD (Kg per ha),SAFFLOWER YIELD (Kg per ha),-0.01988483745992784,0.01988483745992784
SAFFLOWER AREA (1000 ha),CASTOR PRODUCTION (1000 tons),-0.019863045150493714,0.019863045150493714
WHEAT YIELD (Kg per ha),OILSEEDS AREA (1000 ha),0.01977723034500376,0.01977723034500376
BARLEY YIELD (Kg per ha),SESAMUM AREA (1000 ha),-0.019720344810753895,0.019720344810753895
RABI SORGHUM AREA (1000 ha),FINGER MILLET PRODUCTION (1000 tons),-0.019714510915711643,0.019714510915711643
CHICKPEA AREA (1000 ha),OILSEEDS YIELD (Kg per ha),-0.019615799546357424,0.019615799546357424
MAIZE AREA (1000 ha),MINOR PULSES AREA (1000 ha),-0.01957615035934315,0.01957615035934315
KHARIF SORGHUM PRODUCTION (1000 tons),PEARL MILLET AREA (1000 ha),0.019507986538433043,0.019507986538433043
Dist Code,RAPESEED AND MUSTARD AREA (1000 ha),-0.019277386145747148,0.019277386145747148
PIGEONPEA PRODUCTION (1000 tons),SESAMUM PRODUCTION (1000 tons),0.019262925831029915,0.019262925831029915
RABI SORGHUM AREA (1000 ha),CASTOR PRODUCTION (1000 tons),-0.01925994655015973,0.01925994655015973
MINOR PULSES AREA (1000 ha),CASTOR PRODUCTION (1000 tons),0.019087090908051996,0.019087090908051996
WHEAT PRODUCTION (1000 tons),VEGETABLES AREA (1000 ha),-0.019072213333120588,0.019072213333120588
RABI SORGHUM PRODUCTION (1000 tons),SOYABEAN AREA (1000 ha),0.019053265400625106,0.019053265400625106
SORGHUM YIELD (Kg per ha),BARLEY PRODUCTION (1000 tons),-0.019012957009311816,0.019012957009311816
SESAMUM PRODUCTION (1000 tons),LINSEED YIELD (Kg per ha),0.018912796901069177,0.018912796901069177
Dist Code,WHEAT YIELD (Kg per ha),0.01890316778543692,0.01890316778543692
GROUNDNUT YIELD (Kg per ha),SAFFLOWER PRODUCTION (1000 tons),0.01887340354899432,0.01887340354899432
CASTOR AREA (1000 ha),FRUITS AND VEGETABLES AREA (1000 ha),-0.018856506759595933,0.018856506759595933
LINSEED YIELD (Kg per ha),ONION AREA (1000 ha),0.018794592371372786,0.018794592371372786
Dist Code,FINGER MILLET YIELD (Kg per ha),0.018732705929971928,0.018732705929971928
RABI SORGHUM PRODUCTION (1000 tons),SESAMUM YIELD (Kg per ha),0.018601007366889206,0.018601007366889206
FRUITS AREA (1000 ha),POTATOES AREA (1000 ha),-0.018541843104931992,0.018541843104931992
SAFFLOWER AREA (1000 ha),SUNFLOWER YIELD (Kg per ha),0.01842805868203952,0.01842805868203952
MAIZE AREA (1000 ha),OILSEEDS PRODUCTION (1000 tons),-0.01836305226511526,0.01836305226511526
MINOR PULSES AREA (1000 ha),COTTON PRODUCTION (1000 tons),0.018352435649808967,0.018352435649808967
BARLEY PRODUCTION (1000 tons),GROUNDNUT YIELD (Kg per ha),-0.01833783329623092,0.01833783329623092
MAIZE AREA (1000 ha),OILSEEDS YIELD (Kg per ha),0.018173226165445668,0.018173226165445668
MINOR PULSES AREA (1000 ha),SESAMUM YIELD (Kg per ha),0.018125106062110215,0.018125106062110215
RABI SORGHUM PRODUCTION (1000 tons),CASTOR PRODUCTION (1000 tons),-0.01808864471201532,0.01808864471201532
BARLEY AREA (1000 ha),MINOR PULSES AREA (1000 ha),-0.01803614037555527,0.01803614037555527
Year,SESAMUM AREA (1000 ha),0.017959866107507414,0.017959866107507414
State Code,FRUITS AND VEGETABLES AREA (1000 ha),0.017880500581451887,0.017880500581451887
MINOR PULSES YIELD (Kg per ha),SAFFLOWER YIELD (Kg per ha),-0.01765826586114508,0.01765826586114508
MAIZE PRODUCTION (1000 tons),SAFFLOWER PRODUCTION (1000 tons),0.017657175239414104,0.017657175239414104
CHICKPEA YIELD (Kg per ha),FODDER AREA (1000 ha),0.017545365495690173,0.017545365495690173
CHICKPEA YIELD (Kg per ha),MINOR PULSES AREA (1000 ha),0.017509736829859523,0.017509736829859523
PEARL MILLET AREA (1000 ha),SUGARCANE PRODUCTION (1000 tons),-0.017490593396082554,0.017490593396082554
WHEAT AREA (1000 ha),PEARL MILLET AREA (1000 ha),0.01739936854005566,0.01739936854005566
FINGER MILLET AREA (1000 ha),SESAMUM AREA (1000 ha),0.01739346063426033,0.01739346063426033
FINGER MILLET YIELD (Kg per ha),SAFFLOWER PRODUCTION (1000 tons),-0.017352168720026897,0.017352168720026897
RICE PRODUCTION (1000 tons),SUNFLOWER AREA (1000 ha),-0.017301751064497824,0.017301751064497824
MINOR PULSES YIELD (Kg per ha),SOYABEAN AREA (1000 ha),0.017126553142225758,0.017126553142225758
BARLEY YIELD (Kg per ha),MINOR PULSES PRODUCTION (1000 tons),0.017113073627592353,0.017113073627592353
KHARIF SORGHUM AREA (1000 ha),SUGARCANE PRODUCTION (1000 tons),-0.016992827908267102,0.016992827908267102
Year,CHICKPEA AREA (1000 ha),0.016962205610628247,0.016962205610628247
CASTOR AREA (1000 ha),VEGETABLES AREA (1000 ha),-0.016918531518242245,0.016918531518242245
SAFFLOWER PRODUCTION (1000 tons),CASTOR PRODUCTION (1000 tons),-0.016857628748340594,0.016857628748340594
WHEAT AREA (1000 ha),MINOR PULSES PRODUCTION (1000 tons),-0.016845938725247627,0.016845938725247627
WHEAT YIELD (Kg per ha),PIGEONPEA PRODUCTION (1000 tons),-0.016824534549260514,0.016824534549260514
COTTON PRODUCTION (1000 tons),FRUITS AND VEGETABLES AREA (1000 ha),-0.016794403499668053,0.016794403499668053
PEARL MILLET YIELD (Kg per ha),SAFFLOWER AREA (1000 ha),-0.016761689987772797,0.016761689987772797
RABI SORGHUM AREA (1000 ha),FINGER MILLET AREA (1000 ha),-0.01671294164100049,0.01671294164100049
RAPESEED AND MUSTARD YIELD (Kg per ha),OILSEEDS AREA (1000 ha),0.01661016903798487,0.01661016903798487
RAPESEED AND MUSTARD PRODUCTION (1000 tons),SOYABEAN AREA (1000 ha),0.016589979006668667,0.016589979006668667
WHEAT YIELD (Kg per ha),ONION AREA (1000 ha),-0.016448947831258536,0.016448947831258536
MINOR PULSES YIELD (Kg per ha),OILSEEDS AREA (1000 ha),-0.01628137517600629,0.01628137517600629
WHEAT PRODUCTION (1000 tons),SORGHUM YIELD (Kg per ha),0.016235151180374083,0.016235151180374083
CHICKPEA YIELD (Kg per ha),ONION AREA (1000 ha),0.01596397367505381,0.01596397367505381
SESAMUM YIELD (Kg per ha),CASTOR AREA (1000 ha),0.01593270099292291,0.01593270099292291
RICE AREA (1000 ha),SUGARCANE PRODUCTION (1000 tons),-0.015921735436771535,0.015921735436771535
WHEAT YIELD (Kg per ha),KHARIF SORGHUM YIELD (Kg per ha),0.015860946223341544,0.015860946223341544
Dist Code,MAIZE PRODUCTION (1000 tons),-0.0158105503479831,0.0158105503479831
SORGHUM PRODUCTION (1000 tons),CASTOR PRODUCTION (1000 tons),-0.01565177833778154,0.01565177833778154
SOYABEAN PRODUCTION (1000 tons),SUGARCANE PRODUCTION (1000 tons),-0.015623045728075682,0.015623045728075682
GROUNDNUT AREA (1000 ha),FODDER AREA (1000 ha),0.015622089412243391,0.015622089412243391
RABI SORGHUM PRODUCTION (1000 tons),FODDER AREA (1000 ha),-0.0154934546882431,0.0154934546882431
FINGER MILLET AREA (1000 ha),PIGEONPEA AREA (1000 ha),-0.015392769422125464,0.015392769422125464
RICE PRODUCTION (1000 tons),FINGER MILLET AREA (1000 ha),-0.015384267786011471,0.015384267786011471
RICE YIELD (Kg per ha),SAFFLOWER YIELD (Kg per ha),0.015311286648656648,0.015311286648656648
SORGHUM AREA (1000 ha),OILSEEDS YIELD (Kg per ha),-0.015307434758068455,0.015307434758068455
RABI SORGHUM PRODUCTION (1000 tons),CASTOR AREA (1000 ha),0.015303189449049074,0.015303189449049074
KHARIF SORGHUM YIELD (Kg per ha),FRUITS AREA (1000 ha),0.015282330912608864,0.015282330912608864
RICE YIELD (Kg per ha),ONION AREA (1000 ha),0.015163782476833705,0.015163782476833705
RABI SORGHUM YIELD (Kg per ha),MINOR PULSES YIELD (Kg per ha),-0.015081650003554341,0.015081650003554341
CASTOR AREA (1000 ha),SUGARCANE YIELD (Kg per ha),-0.01499743908496813,0.01499743908496813
CHICKPEA YIELD (Kg per ha),LINSEED PRODUCTION (1000 tons),0.014863863959920669,0.014863863959920669
RABI SORGHUM AREA (1000 ha),CASTOR AREA (1000 ha),0.01482587693973644,0.01482587693973644
PIGEONPEA PRODUCTION (1000 tons),FRUITS AREA (1000 ha),-0.014732943030377985,0.014732943030377985
SAFFLOWER AREA (1000 ha),FODDER AREA (1000 ha),-0.014698969457311417,0.014698969457311417
MAIZE PRODUCTION (1000 tons),BARLEY AREA (1000 ha),-0.014403355368591279,0.014403355368591279
SUGARCANE AREA (1000 ha),POTATOES AREA (1000 ha),0.014292583728639797,0.014292583728639797
PIGEONPEA PRODUCTION (1000 tons),SESAMUM YIELD (Kg per ha),0.014197691839000454,0.014197691839000454
SAFFLOWER PRODUCTION (1000 tons),FODDER AREA (1000 ha),-0.014190640487662288,0.014190640487662288
RICE AREA (1000 ha),COTTON YIELD (Kg per ha),-0.014126121375771194,0.014126121375771194
PIGEONPEA PRODUCTION (1000 tons),CASTOR AREA (1000 ha),0.014083088315840056,0.014083088315840056
SUGARCANE PRODUCTION (1000 tons),VEGETABLES AREA (1000 ha),0.013949529018792768,0.013949529018792768
RICE YIELD (Kg per ha),SESAMUM PRODUCTION (1000 tons),0.013940060584885944,0.013940060584885944
BARLEY PRODUCTION (1000 tons),MINOR PULSES YIELD (Kg per ha),-0.013918546244958072,0.013918546244958072
SORGHUM AREA (1000 ha),FINGER MILLET PRODUCTION (1000 tons),-0.013894188429965306,0.013894188429965306
FINGER MILLET PRODUCTION (1000 tons),PIGEONPEA AREA (1000 ha),-0.013664634242282522,0.013664634242282522
FINGER MILLET AREA (1000 ha),SUGARCANE AREA (1000 ha),-0.013586145299573096,0.013586145299573096
SORGHUM PRODUCTION (1000 tons),FINGER MILLET PRODUCTION (1000 tons),0.01358556859880597,0.01358556859880597
State Code,RAPESEED AND MUSTARD AREA (1000 ha),-0.013567234822780093,0.013567234822780093
RAPESEED AND MUSTARD PRODUCTION (1000 tons),ONION AREA (1000 ha),-0.013538290299724313,0.013538290299724313
KHARIF SORGHUM PRODUCTION (1000 tons),SESAMUM YIELD (Kg per ha),-0.013499803665691153,0.013499803665691153
SORGHUM AREA (1000 ha),SUNFLOWER YIELD (Kg per ha),-0.013458182466436507,0.013458182466436507
RICE AREA (1000 ha),WHEAT AREA (1000 ha),0.013339184885079609,0.013339184885079609
RICE PRODUCTION (1000 tons),LINSEED AREA (1000 ha),-0.013167891324807498,0.013167891324807498
CHICKPEA YIELD (Kg per ha),SUNFLOWER AREA (1000 ha),-0.013116255221383018,0.013116255221383018
RICE PRODUCTION (1000 tons),FINGER MILLET PRODUCTION (1000 tons),-0.013109900649052207,0.013109900649052207
RABI SORGHUM AREA (1000 ha),SOYABEAN PRODUCTION (1000 tons),0.013055135527202067,0.013055135527202067
KHARIF SORGHUM AREA (1000 ha),GROUNDNUT YIELD (Kg per ha),0.013023003932197035,0.013023003932197035
BARLEY AREA (1000 ha),SUGARCANE AREA (1000 ha),-0.012955556095504467,0.012955556095504467
SOYABEAN YIELD (Kg per ha),SUGARCANE YIELD (Kg per ha),0.012948250211490724,0.012948250211490724
CASTOR AREA (1000 ha),ONION AREA (1000 ha),0.012837197065169437,0.012837197065169437
FINGER MILLET YIELD (Kg per ha),PIGEONPEA AREA (1000 ha),-0.012730337312550372,0.012730337312550372
WHEAT PRODUCTION (1000 tons),MAIZE PRODUCTION (1000 tons),0.012730188970073579,0.012730188970073579
SAFFLOWER PRODUCTION (1000 tons),CASTOR AREA (1000 ha),-0.012615031695050268,0.012615031695050268
RICE AREA (1000 ha),WHEAT YIELD (Kg per ha),-0.012562940705932571,0.012562940705932571
CASTOR AREA (1000 ha),FRUITS AREA (1000 ha),-0.012559526041060422,0.012559526041060422
RICE AREA (1000 ha),RABI SORGHUM YIELD (Kg per ha),-0.012542395101520614,0.012542395101520614
RABI SORGHUM PRODUCTION (1000 tons),FINGER MILLET AREA (1000 ha),-0.012427606519718776,0.012427606519718776
RABI SORGHUM PRODUCTION (1000 tons),OILSEEDS YIELD (Kg per ha),0.012398224068000318,0.012398224068000318
CHICKPEA YIELD (Kg per ha),GROUNDNUT PRODUCTION (1000 tons),0.012317927175528553,0.012317927175528553
PEARL MILLET PRODUCTION (1000 tons),SOYABEAN YIELD (Kg per ha),-0.012314429233686211,0.012314429233686211
Dist Code,SUNFLOWER YIELD (Kg per ha),-0.012300503358904126,0.012300503358904126
PEARL MILLET PRODUCTION (1000 tons),VEGETABLES AREA (1000 ha),-0.012207146431381696,0.012207146431381696
RABI SORGHUM PRODUCTION (1000 tons),SESAMUM PRODUCTION (1000 tons),0.011885247383548595,0.011885247383548595
MAIZE AREA (1000 ha),FINGER MILLET AREA (1000 ha),-0.01185714939938503,0.01185714939938503
PEARL MILLET PRODUCTION (1000 tons),PIGEONPEA PRODUCTION (1000 tons),-0.011825301025399835,0.011825301025399835
PIGEONPEA PRODUCTION (1000 tons),GROUNDNUT AREA (1000 ha),0.0117289789413455,0.0117289789413455
PEARL MILLET YIELD (Kg per ha),FINGER MILLET PRODUCTION (1000 tons),-0.011642870135984529,0.011642870135984529
MAIZE YIELD (Kg per ha),CASTOR PRODUCTION (1000 tons),0.011574801676811623,0.011574801676811623
MAIZE PRODUCTION (1000 tons),GROUNDNUT PRODUCTION (1000 tons),0.011551240209714075,0.011551240209714075
CASTOR PRODUCTION (1000 tons),VEGETABLES AREA (1000 ha),-0.011531470531541516,0.011531470531541516
SUNFLOWER YIELD (Kg per ha),OILSEEDS PRODUCTION (1000 tons),0.01143069489324714,0.01143069489324714
PEARL MILLET AREA (1000 ha),PIGEONPEA AREA (1000 ha),-0.011405161054177841,0.011405161054177841
CHICKPEA PRODUCTION (1000 tons),SESAMUM AREA (1000 ha),-0.011184452006065857,0.011184452006065857
BARLEY PRODUCTION (1000 tons),PIGEONPEA PRODUCTION (1000 tons),0.01101335256764555,0.01101335256764555
LINSEED AREA (1000 ha),SOYABEAN AREA (1000 ha),0.010974585760037323,0.010974585760037323
MINOR PULSES PRODUCTION (1000 tons),GROUNDNUT AREA (1000 ha),0.010918921221058281,0.010918921221058281
CHICKPEA YIELD (Kg per ha),SESAMUM AREA (1000 ha),0.010907142749835057,0.010907142749835057
PEARL MILLET PRODUCTION (1000 tons),SAFFLOWER YIELD (Kg per ha),0.010800763037876903,0.010800763037876903
KHARIF SORGHUM AREA (1000 ha),FODDER AREA (1000 ha),-0.010756690254689567,0.010756690254689567
SORGHUM AREA (1000 ha),FINGER MILLET AREA (1000 ha),-0.010716451713396578,0.010716451713396578
Year,MINOR PULSES AREA (1000 ha),-0.010653630417951789,0.010653630417951789
SORGHUM AREA (1000 ha),PEARL MILLET YIELD (Kg per ha),0.010605339043472474,0.010605339043472474
RABI SORGHUM PRODUCTION (1000 tons),FINGER MILLET PRODUCTION (1000 tons),-0.01053402912606978,0.01053402912606978
CASTOR YIELD (Kg per ha),SOYABEAN YIELD (Kg per ha),-0.010528710294374006,0.010528710294374006
State Code,SUNFLOWER YIELD (Kg per ha),-0.010307075418143593,0.010307075418143593
FINGER MILLET AREA (1000 ha),CASTOR PRODUCTION (1000 tons),-0.010301304643195128,0.010301304643195128
CHICKPEA PRODUCTION (1000 tons),GROUNDNUT PRODUCTION (1000 tons),-0.010261694782088132,0.010261694782088132
PEARL MILLET PRODUCTION (1000 tons),SUGARCANE PRODUCTION (1000 tons),-0.010232932034607326,0.010232932034607326
SORGHUM PRODUCTION (1000 tons),FINGER MILLET AREA (1000 ha),0.010216220517289371,0.010216220517289371
FINGER MILLET YIELD (Kg per ha),SESAMUM PRODUCTION (1000 tons),0.01021555428033373,0.01021555428033373
MAIZE AREA (1000 ha),FINGER MILLET PRODUCTION (1000 tons),-0.010165855121969785,0.010165855121969785
OILSEEDS PRODUCTION (1000 tons),VEGETABLES AREA (1000 ha),0.010121735514267727,0.010121735514267727
LINSEED YIELD (Kg per ha),SUNFLOWER PRODUCTION (1000 tons),0.010104392668121706,0.010104392668121706
RABI SORGHUM AREA (1000 ha),VEGETABLES AREA (1000 ha),-0.010016446118401615,0.010016446118401615
SESAMUM YIELD (Kg per ha),SAFFLOWER AREA (1000 ha),-0.010010101367164001,0.010010101367164001
OILSEEDS PRODUCTION (1000 tons),SUGARCANE PRODUCTION (1000 tons),0.009905921694573765,0.009905921694573765
GROUNDNUT AREA (1000 ha),SUNFLOWER YIELD (Kg per ha),0.009892876006344368,0.009892876006344368
MAIZE AREA (1000 ha),CASTOR PRODUCTION (1000 tons),-0.009867303439854232,0.009867303439854232
SORGHUM YIELD (Kg per ha),FRUITS AND VEGETABLES AREA (1000 ha),-0.009787074191927076,0.009787074191927076
SAFFLOWER AREA (1000 ha),CASTOR AREA (1000 ha),-0.009724353774692104,0.009724353774692104
PEARL MILLET YIELD (Kg per ha),SOYABEAN AREA (1000 ha),-0.009595631764502498,0.009595631764502498
Year,FODDER AREA (1000 ha),-0.009554273840719479,0.009554273840719479
CHICKPEA PRODUCTION (1000 tons),OILSEEDS YIELD (Kg per ha),0.009496163846614256,0.009496163846614256
SORGHUM AREA (1000 ha),CASTOR PRODUCTION (1000 tons),-0.009410408321620546,0.009410408321620546
GROUNDNUT YIELD (Kg per ha),SUNFLOWER AREA (1000 ha),0.009392932925200199,0.009392932925200199
State Code,CASTOR AREA (1000 ha),-0.009376739594828936,0.009376739594828936
BARLEY PRODUCTION (1000 tons),COTTON YIELD (Kg per ha),0.009357472827012485,0.009357472827012485
RICE AREA (1000 ha),SUGARCANE AREA (1000 ha),-0.009259409990067972,0.009259409990067972
RICE AREA (1000 ha),SESAMUM AREA (1000 ha),0.009244367695896127,0.009244367695896127
RAPESEED AND MUSTARD YIELD (Kg per ha),SUGARCANE PRODUCTION (1000 tons),0.00921635156975537,0.00921635156975537
COTTON AREA (1000 ha),FRUITS AREA (1000 ha),0.00919182304128331,0.00919182304128331
MINOR PULSES YIELD (Kg per ha),ONION AREA (1000 ha),0.009182622885649045,0.009182622885649045
LINSEED YIELD (Kg per ha),SUNFLOWER AREA (1000 ha),0.009132333960448814,0.009132333960448814
PIGEONPEA PRODUCTION (1000 tons),MINOR PULSES YIELD (Kg per ha),-0.008958086228505052,0.008958086228505052
SESAMUM PRODUCTION (1000 tons),LINSEED AREA (1000 ha),-0.00874649949599693,0.00874649949599693
KHARIF SORGHUM PRODUCTION (1000 tons),CASTOR PRODUCTION (1000 tons),-0.008589685908387601,0.008589685908387601
RABI SORGHUM AREA (1000 ha),SOYABEAN AREA (1000 ha),0.008530906994974911,0.008530906994974911
WHEAT PRODUCTION (1000 tons),CASTOR PRODUCTION (1000 tons),-0.008486525879753827,0.008486525879753827
MINOR PULSES YIELD (Kg per ha),GROUNDNUT PRODUCTION (1000 tons),-0.00847755094733613,0.00847755094733613
SESAMUM AREA (1000 ha),POTATOES AREA (1000 ha),-0.008461385416795997,0.008461385416795997
KHARIF SORGHUM AREA (1000 ha),CASTOR PRODUCTION (1000 tons),0.008409490080877734,0.008409490080877734
RABI SORGHUM YIELD (Kg per ha),CHICKPEA PRODUCTION (1000 tons),-0.008294542692470796,0.008294542692470796
PIGEONPEA YIELD (Kg per ha),SAFFLOWER YIELD (Kg per ha),0.008290415767362011,0.008290415767362011
MINOR PULSES AREA (1000 ha),RAPESEED AND MUSTARD AREA (1000 ha),0.00814504464477833,0.00814504464477833
MAIZE AREA (1000 ha),MINOR PULSES PRODUCTION (1000 tons),-0.00808153787250505,0.00808153787250505
WHEAT YIELD (Kg per ha),SESAMUM AREA (1000 ha),-0.007947134565403094,0.007947134565403094
ONION AREA (1000 ha),FODDER AREA (1000 ha),0.007927750986824227,0.007927750986824227
MAIZE PRODUCTION (1000 tons),GROUNDNUT AREA (1000 ha),0.007830415441503574,0.007830415441503574
PIGEONPEA YIELD (Kg per ha),COTTON AREA (1000 ha),0.007675112309004238,0.007675112309004238
CASTOR AREA (1000 ha),POTATOES AREA (1000 ha),0.007637325396151706,0.007637325396151706
KHARIF SORGHUM YIELD (Kg per ha),MINOR PULSES YIELD (Kg per ha),0.007631474909196642,0.007631474909196642
Dist Code,MAIZE AREA (1000 ha),-0.007525457763654209,0.007525457763654209
RICE AREA (1000 ha),LINSEED YIELD (Kg per ha),-0.007501961875172302,0.007501961875172302
RICE AREA (1000 ha),MAIZE PRODUCTION (1000 tons),-0.007391204947077978,0.007391204947077978
RABI SORGHUM PRODUCTION (1000 tons),FRUITS AREA (1000 ha),-0.007375584234179512,0.007375584234179512
Dist Code,RICE YIELD (Kg per ha),-0.007322344583007734,0.007322344583007734
PIGEONPEA PRODUCTION (1000 tons),OILSEEDS YIELD (Kg per ha),0.00722911722337551,0.00722911722337551
Year,RABI SORGHUM PRODUCTION (1000 tons),0.0071939043052773105,0.0071939043052773105
FINGER MILLET PRODUCTION (1000 tons),CASTOR PRODUCTION (1000 tons),-0.007160763890413419,0.007160763890413419
BARLEY AREA (1000 ha),COTTON PRODUCTION (1000 tons),-0.007153446201608508,0.007153446201608508
PEARL MILLET YIELD (Kg per ha),SAFFLOWER PRODUCTION (1000 tons),0.007059104674757397,0.007059104674757397
BARLEY PRODUCTION (1000 tons),COTTON AREA (1000 ha),0.007053609262124372,0.007053609262124372
Dist Code,MINOR PULSES PRODUCTION (1000 tons),0.007020243518448966,0.007020243518448966
MAIZE AREA (1000 ha),CASTOR AREA (1000 ha),-0.0070152997458923895,0.0070152997458923895
BARLEY AREA (1000 ha),LINSEED AREA (1000 ha),-0.0069601912182178155,0.0069601912182178155
RICE AREA (1000 ha),FINGER MILLET AREA (1000 ha),-0.006753574248859336,0.006753574248859336
SESAMUM PRODUCTION (1000 tons),SOYABEAN YIELD (Kg per ha),0.006724982545139671,0.006724982545139671
RICE PRODUCTION (1000 tons),SUNFLOWER PRODUCTION (1000 tons),0.00671073322804883,0.00671073322804883
SESAMUM PRODUCTION (1000 tons),FODDER AREA (1000 ha),0.006703490344526751,0.006703490344526751
SORGHUM YIELD (Kg per ha),RAPESEED AND MUSTARD YIELD (Kg per ha),-0.006665049750026346,0.006665049750026346
MAIZE PRODUCTION (1000 tons),BARLEY YIELD (Kg per ha),0.006653699309299143,0.006653699309299143
RABI SORGHUM AREA (1000 ha),OILSEEDS YIELD (Kg per ha),-0.006539739647329605,0.006539739647329605
SAFFLOWER YIELD (Kg per ha),CASTOR PRODUCTION (1000 tons),-0.006435332599097303,0.006435332599097303
MINOR PULSES YIELD (Kg per ha),CASTOR PRODUCTION (1000 tons),0.0062610006958318054,0.0062610006958318054
Year,FINGER MILLET PRODUCTION (1000 tons),-0.00624410483252184,0.00624410483252184
RAPESEED AND MUSTARD AREA (1000 ha),SOYABEAN PRODUCTION (1000 tons),0.006231438367006842,0.006231438367006842
CHICKPEA YIELD (Kg per ha),SUNFLOWER PRODUCTION (1000 tons),0.006206259409854874,0.006206259409854874
RICE YIELD (Kg per ha),CASTOR AREA (1000 ha),0.006127923422506272,0.006127923422506272
CHICKPEA PRODUCTION (1000 tons),SESAMUM YIELD (Kg per ha),0.006090601068115193,0.006090601068115193
SESAMUM AREA (1000 ha),SOYABEAN YIELD (Kg per ha),-0.00596610895615892,0.00596610895615892
WHEAT PRODUCTION (1000 tons),KHARIF SORGHUM YIELD (Kg per ha),-0.0058996886418331935,0.0058996886418331935
LINSEED AREA (1000 ha),COTTON AREA (1000 ha),-0.005804042188739328,0.005804042188739328
WHEAT YIELD (Kg per ha),CASTOR AREA (1000 ha),0.0057173015496960805,0.0057173015496960805
KHARIF SORGHUM AREA (1000 ha),FINGER MILLET AREA (1000 ha),0.0056345959643460865,0.0056345959643460865
CHICKPEA AREA (1000 ha),SESAMUM AREA (1000 ha),-0.0055486192531647265,0.0055486192531647265
RABI SORGHUM AREA (1000 ha),PEARL MILLET YIELD (Kg per ha),-0.005524279139347208,0.005524279139347208
BARLEY YIELD (Kg per ha),LINSEED PRODUCTION (1000 tons),0.0054318888961675214,0.0054318888961675214
CASTOR PRODUCTION (1000 tons),SUNFLOWER AREA (1000 ha),-0.0054072669937291545,0.0054072669937291545
RICE PRODUCTION (1000 tons),GROUNDNUT PRODUCTION (1000 tons),-0.005286568149482006,0.005286568149482006
CHICKPEA YIELD (Kg per ha),CASTOR AREA (1000 ha),0.005262140314408101,0.005262140314408101
MAIZE PRODUCTION (1000 tons),CASTOR PRODUCTION (1000 tons),-0.005248006938597881,0.005248006938597881
PIGEONPEA YIELD (Kg per ha),ONION AREA (1000 ha),-0.005229588692332012,0.005229588692332012
RAPESEED AND MUSTARD PRODUCTION (1000 tons),SUGARCANE YIELD (Kg per ha),0.005129126270433174,0.005129126270433174
SORGHUM YIELD (Kg per ha),RAPESEED AND MUSTARD PRODUCTION (1000 tons),0.005085635388992475,0.005085635388992475
CHICKPEA YIELD (Kg per ha),FRUITS AND VEGETABLES AREA (1000 ha),0.005028829442215082,0.005028829442215082
MINOR PULSES AREA (1000 ha),SOYABEAN PRODUCTION (1000 tons),-0.005027527869298423,0.005027527869298423
WHEAT PRODUCTION (1000 tons),SOYABEAN YIELD (Kg per ha),-0.004997711962592666,0.004997711962592666
MAIZE AREA (1000 ha),SAFFLOWER PRODUCTION (1000 tons),-0.0049832917667597685,0.0049832917667597685
OILSEEDS AREA (1000 ha),VEGETABLES AREA (1000 ha),-0.004947405607108713,0.004947405607108713
MAIZE PRODUCTION (1000 tons),CASTOR AREA (1000 ha),0.00494506292434483,0.00494506292434483
POTATOES AREA (1000 ha),ONION AREA (1000 ha),-0.004891680179754271,0.004891680179754271
PIGEONPEA AREA (1000 ha),CASTOR PRODUCTION (1000 tons),0.004890811386268066,0.004890811386268066
GROUNDNUT AREA (1000 ha),VEGETABLES AREA (1000 ha),0.004802454906209048,0.004802454906209048
KHARIF SORGHUM PRODUCTION (1000 tons),SUNFLOWER YIELD (Kg per ha),0.004615874758446287,0.004615874758446287
MAIZE PRODUCTION (1000 tons),OILSEEDS AREA (1000 ha),-0.004440983286495224,0.004440983286495224
SESAMUM AREA (1000 ha),SUNFLOWER YIELD (Kg per ha),-0.004392663260237221,0.004392663260237221
BARLEY YIELD (Kg per ha),OILSEEDS PRODUCTION (1000 tons),0.004351394066895804,0.004351394066895804
SUGARCANE PRODUCTION (1000 tons),POTATOES AREA (1000 ha),-0.004269718635606527,0.004269718635606527
FINGER MILLET PRODUCTION (1000 tons),SESAMUM AREA (1000 ha),0.004246176788232232,0.004246176788232232
GROUNDNUT AREA (1000 ha),SUGARCANE AREA (1000 ha),0.004230487781870639,0.004230487781870639
KHARIF SORGHUM PRODUCTION (1000 tons),FINGER MILLET YIELD (Kg per ha),0.004214572056641233,0.004214572056641233
PEARL MILLET AREA (1000 ha),CHICKPEA YIELD (Kg per ha),0.004086311243501095,0.004086311243501095
SORGHUM AREA (1000 ha),MAIZE AREA (1000 ha),0.0040769888190004345,0.0040769888190004345
MAIZE PRODUCTION (1000 tons),SAFFLOWER AREA (1000 ha),-0.004069292316819023,0.004069292316819023
PIGEONPEA AREA (1000 ha),OILSEEDS YIELD (Kg per ha),0.00405143861375701,0.00405143861375701
KHARIF SORGHUM AREA (1000 ha),FINGER MILLET PRODUCTION (1000 tons),0.003850744737854429,0.003850744737854429
RICE YIELD (Kg per ha),RABI SORGHUM PRODUCTION (1000 tons),-0.003825039172032573,0.003825039172032573
PIGEONPEA YIELD (Kg per ha),SESAMUM PRODUCTION (1000 tons),-0.0038108893722251297,0.0038108893722251297
SUNFLOWER PRODUCTION (1000 tons),SOYABEAN PRODUCTION (1000 tons),0.0037905701098408726,0.0037905701098408726
CASTOR PRODUCTION (1000 tons),SUNFLOWER PRODUCTION (1000 tons),-0.0035520326836512434,0.0035520326836512434
PEARL MILLET PRODUCTION (1000 tons),LINSEED YIELD (Kg per ha),-0.0034325604309369618,0.0034325604309369618
PIGEONPEA PRODUCTION (1000 tons),CASTOR PRODUCTION (1000 tons),0.0034036873619667342,0.0034036873619667342
RABI SORGHUM PRODUCTION (1000 tons),FRUITS AND VEGETABLES AREA (1000 ha),-0.0033608917986243723,0.0033608917986243723
CASTOR PRODUCTION (1000 tons),ONION AREA (1000 ha),-0.0033587132604293137,0.0033587132604293137
Year,SAFFLOWER PRODUCTION (1000 tons),0.0033290502893724085,0.0033290502893724085
MINOR PULSES AREA (1000 ha),SOYABEAN AREA (1000 ha),-0.0032917242005750195,0.0032917242005750195
SAFFLOWER PRODUCTION (1000 tons),OILSEEDS YIELD (Kg per ha),0.0032069154236424803,0.0032069154236424803
FINGER MILLET PRODUCTION (1000 tons),SUGARCANE AREA (1000 ha),-0.003199445066660337,0.003199445066660337
FINGER MILLET YIELD (Kg per ha),SAFFLOWER AREA (1000 ha),-0.0030376388908711564,0.0030376388908711564
MAIZE AREA (1000 ha),FINGER MILLET YIELD (Kg per ha),0.00295815278383562,0.00295815278383562
PEARL MILLET YIELD (Kg per ha),SOYABEAN PRODUCTION (1000 tons),0.002866316579856406,0.002866316579856406
KHARIF SORGHUM YIELD (Kg per ha),RAPESEED AND MUSTARD PRODUCTION (1000 tons),-0.0028383564050465005,0.0028383564050465005
BARLEY PRODUCTION (1000 tons),MINOR PULSES PRODUCTION (1000 tons),-0.002820065957477102,0.002820065957477102
BARLEY AREA (1000 ha),LINSEED PRODUCTION (1000 tons),-0.002789164346876259,0.002789164346876259
SORGHUM AREA (1000 ha),FODDER AREA (1000 ha),-0.002709206669181335,0.002709206669181335
KHARIF SORGHUM PRODUCTION (1000 tons),SUGARCANE AREA (1000 ha),-0.0026870721810301717,0.0026870721810301717
LINSEED YIELD (Kg per ha),FODDER AREA (1000 ha),0.002667622028236427,0.002667622028236427
SESAMUM AREA (1000 ha),OILSEEDS YIELD (Kg per ha),-0.002547122992281897,0.002547122992281897
Dist Code,PIGEONPEA YIELD (Kg per ha),-0.0025351669487444495,0.0025351669487444495
LINSEED YIELD (Kg per ha),OILSEEDS YIELD (Kg per ha),-0.0024932468182486994,0.0024932468182486994
RAPESEED AND MUSTARD AREA (1000 ha),SOYABEAN AREA (1000 ha),-0.002485859447084433,0.002485859447084433
RABI SORGHUM AREA (1000 ha),FODDER AREA (1000 ha),0.002408748616396632,0.002408748616396632
MAIZE PRODUCTION (1000 tons),MINOR PULSES AREA (1000 ha),-0.0024085151010526606,0.0024085151010526606
WHEAT AREA (1000 ha),SUGARCANE YIELD (Kg per ha),-0.002340963549609047,0.002340963549609047
SORGHUM PRODUCTION (1000 tons),SESAMUM YIELD (Kg per ha),0.0022705632959467126,0.0022705632959467126
LINSEED AREA (1000 ha),SOYABEAN PRODUCTION (1000 tons),0.002120021372355441,0.002120021372355441
PEARL MILLET PRODUCTION (1000 tons),PIGEONPEA AREA (1000 ha),-0.001973133630411947,0.001973133630411947
CASTOR YIELD (Kg per ha),SUGARCANE PRODUCTION (1000 tons),-0.0019720173022187365,0.0019720173022187365
MAIZE YIELD (Kg per ha),CHICKPEA PRODUCTION (1000 tons),-0.001968034101352869,0.001968034101352869
KHARIF SORGHUM PRODUCTION (1000 tons),MAIZE PRODUCTION (1000 tons),-0.0019078117491249252,0.0019078117491249252
MAIZE AREA (1000 ha),FRUITS AND VEGETABLES AREA (1000 ha),0.001867229290651448,0.001867229290651448
RICE YIELD (Kg per ha),OILSEEDS PRODUCTION (1000 tons),0.0018666974328399866,0.0018666974328399866
GROUNDNUT YIELD (Kg per ha),SAFFLOWER AREA (1000 ha),0.0018587227810713742,0.0018587227810713742
SUNFLOWER YIELD (Kg per ha),COTTON AREA (1000 ha),0.0018106982803085243,0.0018106982803085243
PIGEONPEA YIELD (Kg per ha),OILSEEDS PRODUCTION (1000 tons),-0.001785254981417847,0.001785254981417847
SESAMUM PRODUCTION (1000 tons),LINSEED PRODUCTION (1000 tons),-0.0016913100374853398,0.0016913100374853398
RABI SORGHUM AREA (1000 ha),SESAMUM PRODUCTION (1000 tons),-0.0015809397644417575,0.0015809397644417575
BARLEY PRODUCTION (1000 tons),MINOR PULSES AREA (1000 ha),-0.0015644829463892158,0.0015644829463892158
WHEAT PRODUCTION (1000 tons),SESAMUM YIELD (Kg per ha),0.0015056234729365692,0.0015056234729365692
SESAMUM YIELD (Kg per ha),SAFFLOWER PRODUCTION (1000 tons),-0.0014551391041881581,0.0014551391041881581
WHEAT AREA (1000 ha),PIGEONPEA PRODUCTION (1000 tons),0.0014420836243182707,0.0014420836243182707
RABI SORGHUM PRODUCTION (1000 tons),VEGETABLES AREA (1000 ha),-0.0013238668894400662,0.0013238668894400662
SUNFLOWER AREA (1000 ha),OILSEEDS YIELD (Kg per ha),0.0013220177942131007,0.0013220177942131007
RABI SORGHUM YIELD (Kg per ha),PEARL MILLET AREA (1000 ha),-0.0012431680362568304,0.0012431680362568304
RABI SORGHUM AREA (1000 ha),SESAMUM YIELD (Kg per ha),-0.0012135446055578758,0.0012135446055578758
SUNFLOWER PRODUCTION (1000 tons),SOYABEAN AREA (1000 ha),0.0011493824575036613,0.0011493824575036613
PIGEONPEA PRODUCTION (1000 tons),GROUNDNUT PRODUCTION (1000 tons),0.0011404874564723863,0.0011404874564723863
PIGEONPEA AREA (1000 ha),FRUITS AREA (1000 ha),0.000897408330798003,0.000897408330798003
SORGHUM YIELD (Kg per ha),BARLEY YIELD (Kg per ha),-0.0008616440102827013,0.0008616440102827013
SUGARCANE AREA (1000 ha),VEGETABLES AREA (1000 ha),0.0008109206312284838,0.0008109206312284838
CHICKPEA PRODUCTION (1000 tons),MINOR PULSES YIELD (Kg per ha),0.0007972236473839374,0.0007972236473839374
PIGEONPEA AREA (1000 ha),SESAMUM YIELD (Kg per ha),0.0007612328885764921,0.0007612328885764921
BARLEY PRODUCTION (1000 tons),OILSEEDS AREA (1000 ha),-0.0007446507368149559,0.0007446507368149559
CASTOR YIELD (Kg per ha),SUNFLOWER YIELD (Kg per ha),0.0007352469154031841,0.0007352469154031841
Year,State Code,0.0007138102798731095,0.0007138102798731095
MAIZE PRODUCTION (1000 tons),BARLEY PRODUCTION (1000 tons),0.0007133256058875359,0.0007133256058875359
MINOR PULSES YIELD (Kg per ha),CASTOR YIELD (Kg per ha),0.0005539764438676358,0.0005539764438676358
SUNFLOWER AREA (1000 ha),SOYABEAN AREA (1000 ha),0.0005139788472327296,0.0005139788472327296
SUNFLOWER AREA (1000 ha),SOYABEAN PRODUCTION (1000 tons),0.00042220646442700684,0.00042220646442700684
PEARL MILLET YIELD (Kg per ha),FRUITS AND VEGETABLES AREA (1000 ha),-0.0002927434695239147,0.0002927434695239147
Dist Code,Year,0.0002844076589815826,0.0002844076589815826
MINOR PULSES AREA (1000 ha),RAPESEED AND MUSTARD PRODUCTION (1000 tons),0.00018873942007669318,0.00018873942007669318
RICE PRODUCTION (1000 tons),SORGHUM YIELD (Kg per ha),0.00011472475963106676,0.00011472475963106676
