,Dist Code,Year,State Code,RICE AREA (1000 ha),RICE PRODUCTION (1000 tons),RICE YIELD (Kg per ha),WHEAT AREA (1000 ha),WHEAT PRODUCTION (1000 tons),WHEAT YIELD (Kg per ha),KHARIF SORGHUM AREA (1000 ha),KHARIF SORGHUM PRODUCTION (1000 tons),KHARIF SORGHUM YIELD (Kg per ha),RABI SORGHUM AREA (1000 ha),RABI SORGHUM PRODUCTION (1000 tons),RABI SORGHUM YIELD (Kg per ha),SORGHUM AREA (1000 ha),SORGHUM PRODUCTION (1000 tons),SORGHUM YIELD (Kg per ha),PEARL MILLET AREA (1000 ha),PEARL MILLET PRODUCTION (1000 tons),PEARL MILLET YIELD (Kg per ha),MAIZE AREA (1000 ha),MAIZE PRODUCTION (1000 tons),MAIZE YIELD (Kg per ha),FINGER MILLET AREA (1000 ha),FINGER MILLET PRODUCTION (1000 tons),FINGER MILLET YIELD (Kg per ha),BARLEY AREA (1000 ha),BARLEY PRODUCTION (1000 tons),BARLEY YIELD (Kg per ha),CHICKPEA AREA (1000 ha),CHICKPEA PRODUCTION (1000 tons),CHICKPEA YIELD (Kg per ha),PIGEONPEA AREA (1000 ha),PIGEONPEA PRODUCTION (1000 tons),PIGEONPEA YIELD (Kg per ha),MINOR PULSES AREA (1000 ha),MINOR PULSES PRODUCTION (1000 tons),MINOR PULSES YIELD (Kg per ha),GROUNDNUT AREA (1000 ha),GROUNDNUT PRODUCTION (1000 tons),GROUNDNUT YIELD (Kg per ha),SESAMUM AREA (1000 ha),SESAMUM PRODUCTION (1000 tons),SESAMUM YIELD (Kg per ha),RAPESEED AND MUSTARD AREA (1000 ha),RAPESEED AND MUSTARD PRODUCTION (1000 tons),RAPESEED AND MUSTARD YIELD (Kg per ha),SAFFLOWER AREA (1000 ha),SAFFLOWER PRODUCTION (1000 tons),SAFFLOWER YIELD (Kg per ha),CASTOR AREA (1000 ha),CASTOR PRODUCTION (1000 tons),CASTOR YIELD (Kg per ha),LINSEED AREA (1000 ha),LINSEED PRODUCTION (1000 tons),LINSEED YIELD (Kg per ha),SUNFLOWER AREA (1000 ha),SUNFLOWER PRODUCTION (1000 tons),SUNFLOWER YIELD (Kg per ha),SOYABEAN AREA (1000 ha),SOYABEAN PRODUCTION (1000 tons),SOYABEAN YIELD (Kg per ha),OILSEEDS AREA (1000 ha),OILSEEDS PRODUCTION (1000 tons),OILSEEDS YIELD (Kg per ha),SUGARCANE AREA (1000 ha),SUGARCANE PRODUCTION (1000 tons),SUGARCANE YIELD (Kg per ha),COTTON AREA (1000 ha),COTTON PRODUCTION (1000 tons),COTTON YIELD (Kg per ha),FRUITS AREA (1000 ha),VEGETABLES AREA (1000 ha),FRUITS AND VEGETABLES AREA (1000 ha),POTATOES AREA (1000 ha),ONION AREA (1000 ha),FODDER AREA (1000 ha)
Dist Code,1.0,0.0002844076589815826,0.32473012099622733,0.37866795052763674,0.2306983212990377,-0.007322344583007734,-0.10957983764797327,-0.09033307797996316,0.01890316778543692,-0.30243429050192167,-0.2560166612590101,-0.43306910255555736,-0.15258756871578685,-0.16487594326263091,-0.27669016545330455,-0.2679186067411743,-0.27103593169702705,-0.435157349342655,-0.17238000732318595,-0.17024120362771017,-0.3048739386562201,-0.007525457763654209,-0.0158105503479831,-0.08421858061965652,-0.07728958947254029,-0.10134903411461785,0.018732705929971928,-0.04118388481225414,-0.07902419650128353,-0.07208790254376811,-0.2504138084214774,-0.239278908555383,-0.04707546139170889,-0.1960918454369922,-0.15472414674960738,-0.0025351669487444495,-0.07258907869055453,0.007020243518448966,0.11419700668053463,-0.19626737838447753,-0.15971949191782064,-0.2350166219647412,-0.07609196533556348,0.05863008128265402,0.21360407066472992,-0.019277386145747148,-0.04630246348983872,0.07771367171322337,-0.11504911386340516,-0.12020689559498685,-0.053217315946000474,-0.10586509005281151,-0.0688973327610021,-0.125215953170407,-0.183248599454197,-0.15681420116852948,-0.02315566120554821,-0.10142009244984619,-0.10786842246566528,-0.012300503358904126,-0.18819095666300797,-0.17418181202486813,-0.2361786333431167,-0.2727668503772534,-0.23805515940680627,-0.14753875340543576,-0.10735150558265762,-0.12878512345805304,-0.17934921215904065,-0.213191034940282,-0.15046750230441938,-0.18477613659585737,0.10376700229627381,0.40257768186012427,0.3265277377567465,0.2688908065187231,-0.06364294174297529,-0.16963959074928778
Year,0.0002844076589815826,1.0,0.0007138102798731095,0.046188629701693684,0.23240014941917173,0.3882494189623007,0.14204224021292136,0.2423947235253226,0.3754234199293079,-0.22403192168446198,-0.10819696855571778,0.1412846905377933,-0.03437782053231065,0.0071939043052773105,0.07845135280035322,-0.1356458971954728,-0.06776713432353342,0.1768280536299398,-0.05162888437234086,0.08517126846273057,0.23511482050305768,0.0932985673291303,0.23958811002595748,0.3938660653066719,-0.060060233087026356,-0.00624410483252184,0.022799343242821943,-0.22189001801239436,-0.071135423674955,0.20132587039767338,0.016962205610628247,0.09390730546831964,0.20048915903458733,0.06492538140739489,0.08519614921205997,0.13703525214121592,-0.010653630417951789,0.1643794460977781,0.2925293304366121,-0.03376377169075483,0.03743464182072237,0.29473712367651167,0.017959866107507414,0.12621862360610944,0.26395241200548153,0.15371392313854895,0.17956036256625996,0.34651562857117124,-0.058498656273689636,0.0033290502893724085,0.11606648934061424,0.05413563806545724,0.098197729683036,0.1508383038552145,-0.13788741575732838,-0.07630074355165545,0.18459362515785827,0.07670798248125678,0.10101915633480471,0.3819471259963648,0.23572130064206603,0.22688585076979162,0.3689162480011828,0.1081592605646074,0.2154683154059669,0.2639980429004111,0.09521118087171311,0.13017554709862986,0.09954772726596771,0.05265073658388859,0.1592707141945156,0.16065505591952411,0.17562065907841382,0.18000108479168658,0.20746923687212188,0.1458511836795379,0.10671953907114573,-0.009554273840719479
State Code,0.32473012099622733,0.0007138102798731095,1.0,0.06348121148749487,0.035622389261797845,0.058224168512153014,-0.13408580527125874,-0.09098183699839107,-0.1128441043208049,-0.1696138554210058,-0.1614249792307231,-0.31625125475592614,-0.11161138556290083,-0.13020569753375,-0.22521499133170003,-0.17144140697140473,-0.18672974399048756,-0.31211637623134575,-0.10347520106080368,-0.13276775408866517,-0.22666727184550578,-0.061728062152878745,-0.06632842282047148,-0.16714067107002115,-0.15271323398121492,-0.14174120452061761,-0.11758390249577721,0.03571785826338349,0.03904007318224946,0.07923643298932125,-0.17187783577865837,-0.1694130668165532,-0.1194375994923314,-0.16154807686173106,-0.14119460962145525,-0.1218343754617587,-0.1452787788350134,-0.13101827781045897,0.04255504454099082,-0.26615814880551847,-0.21307630606585218,-0.22480675788002435,-0.1111809236139414,-0.10222667401866713,-0.13789986256976686,-0.013567234822780093,-0.03881822033323416,-0.08145902577280495,-0.10060332032525325,-0.08934918264255681,-0.06652252756015603,-0.009376739594828936,-0.11497392895452037,-0.2812297850889105,-0.0715936926129172,-0.12419767567680685,-0.09213284224678152,-0.12355094539116333,-0.13200359950810428,-0.010307075418143593,-0.14036638097291315,-0.12702652211651996,-0.056072460727323754,-0.2721153084507752,-0.26808070647629395,-0.1988759425091883,-0.02348366055372683,-0.04003014975144529,-0.28522303821805856,-0.21078610799600486,-0.16442992464447426,-0.18209613187404272,-0.03548524853676821,0.050549452324451113,0.017880500581451887,0.09017133225423295,-0.12609535987940557,-0.1077711968485808
RICE AREA (1000 ha),0.37866795052763674,0.046188629701693684,0.06348121148749487,1.0,0.8325153171810175,0.22006627001284998,0.013339184885079609,0.06700015400832027,-0.012562940705932571,-0.2683720155939498,-0.22028519976533043,-0.1103337954513522,-0.12255582182114383,-0.12099944995049526,-0.012542395101520614,-0.22784499981848144,-0.22071502855479883,-0.04940005722515121,-0.23014043515443852,-0.20538278690448777,-0.0982040375319685,-0.06542796108850983,-0.007391204947077978,0.11646757308518496,-0.006753574248859336,-0.033353190252918795,0.11356257918932806,-0.10334184268660289,-0.13014457808237934,-0.13662556843916954,-0.19953784513522307,-0.18627369116598563,0.03219925190378443,-0.1037864204562288,-0.08773893052144992,0.13080547114799276,0.15850856598796628,0.20464002151978086,0.08827174725591656,-0.10161701755795816,-0.059693896063528325,0.10384552271854222,0.009244367695896127,0.15799977249619568,0.20560859849342505,-0.06013613684456994,-0.08651845958623039,0.027779840150626556,-0.11893129111403515,-0.11500717950522368,0.024138395010995677,-0.052777358261325326,-0.0769196324795085,-0.089405581804561,0.14199360287803298,0.08721723177920217,-0.007501961875172302,-0.05462900854297086,-0.045353049732119656,0.15445517044193513,-0.16332484120180274,-0.1534373224379262,-0.13642201890668745,-0.1881537498440128,-0.1456217983159234,0.04567629771451509,-0.009259409990067972,-0.015921735436771535,0.12999167230021139,-0.1544844494996405,-0.06823978767222105,-0.014126121375771194,0.1829957313629049,0.4132300264917001,0.37677801963891083,0.2646695393424954,-0.020064715220941703,-0.16938486668617414
RICE PRODUCTION (1000 tons),0.2306983212990377,0.23240014941917173,0.035622389261797845,0.8325153171810175,1.0,0.5297650987533032,0.1384333508740328,0.26587287059324716,0.10756617652056782,-0.23302729913138287,-0.18669281791109268,-0.0825402581982474,-0.10580555072342737,-0.09265037039940112,0.11802555201119944,-0.19729522331030175,-0.180995124904545,0.00011472475963106676,-0.19025048698227373,-0.1565390892953867,0.033150255718557606,-0.08333848124618937,0.050791251114807194,0.2951584259884141,-0.015384267786011471,-0.013109900649052207,0.14403184884667852,-0.14498934077637712,-0.11751299218118823,-0.05402598771618142,-0.19715880676660116,-0.1672709448889622,0.06270082873942419,-0.09868452116085147,-0.09150550200481651,0.11247875355101293,0.06135971319806365,0.162372041579758,0.1657130655691874,-0.05595288552983414,-0.005286568149482006,0.22344802915569834,0.025261581272820993,0.20963224052584778,0.25526962092072014,-0.037700619590809975,-0.045104691807842684,0.09106694098358975,-0.10650202577430441,-0.09367843033200414,0.03114690871574549,-0.02645701918727953,-0.059876622753557054,-0.06602323372146744,-0.013167891324807498,-0.025736199656691675,-0.030759095077597956,-0.017301751064497824,0.00671073322804883,0.30258157733751,-0.14508428090416084,-0.13368562188576005,-0.1163557876018054,-0.15068017787815316,-0.07034580896752986,0.18908216404856348,0.038326171581769465,0.05404955559226249,0.26238773339856847,-0.06639211555335504,0.04399355295418299,0.1310485700084367,0.26358187460916904,0.3981579782662787,0.4087240395438138,0.29144167028478724,-0.021260483486063266,-0.09844463754949175
RICE YIELD (Kg per ha),-0.007322344583007734,0.3882494189623007,0.058224168512153014,0.22006627001284998,0.5297650987533032,1.0,0.18128273723986385,0.332174521572608,0.1510189798159506,-0.1931816375490508,-0.12227457771541872,0.06408820304563957,-0.04436200143448971,-0.003825039172032573,0.23198213582484728,-0.12887885846859112,-0.0839278254507399,0.10545883307186983,-0.2255312714102216,-0.08809262215232866,0.224018377289039,-0.03604827529111041,0.15184806976478823,0.433161972832639,0.1461320385637663,0.18762634944798742,0.3064426711580051,-0.1721156894133013,-0.08193409129313861,0.022384930083854417,-0.16479033862832884,-0.11971361837625459,0.048525405033792934,-0.06568285228405005,-0.07146663587384061,0.0820475671544446,-0.18539144514079062,-0.02205952474029005,0.19501953284013715,0.0380322596738773,0.058310013610010265,0.2312191637991197,-0.12634084495577758,0.013940060584885944,0.2106425711404927,0.02456274528288446,0.05929101172291326,0.07294712265016749,-0.08117715802593842,-0.0593777681516978,0.015311286648656648,0.006127923422506272,-0.03707600705799002,-0.019912853915405756,-0.18270956569150454,-0.1791816434271154,-0.08031554171136242,0.08528701846229074,0.12653899208108157,0.39595271758335043,-0.15508044669839124,-0.13066757879285834,-0.05418315377624595,-0.0732360661084929,0.0018666974328399866,0.2373571270585654,0.18190753464506598,0.21886166459900425,0.38939201885569713,-0.020700285340498753,0.08334628622842903,0.1636038425591696,0.3188332777278523,0.18559762162323626,0.2942747169056375,0.14674565895112804,0.015163782476833705,-0.06151194976182226
WHEAT AREA (1000 ha),-0.10957983764797327,0.14204224021292136,-0.13408580527125874,0.013339184885079609,0.1384333508740328,0.18128273723986385,1.0,0.9106426278224172,0.6173605530187498,-0.09399602727525608,-0.09135719808295165,0.05147834924705983,-0.07941680348303531,-0.09121296911315194,-0.21641896086760115,-0.10818267225471859,-0.1155461335625118,0.06450103574535307,0.01739936854005566,0.1460270622232418,0.3243526154683854,0.09413181559498092,0.027980748170726603,-0.020727243432429515,-0.19014853575438784,-0.17041970036228238,-0.2849165438542145,0.265555490188291,0.34410422607169266,0.5835555946874741,0.2612357846328961,0.27627607695921536,0.219226467655643,-0.06396732379342575,0.0014420836243182707,0.30790952175575875,-0.11535679731682201,-0.016845938725247627,0.13371269249291554,-0.15619535974216178,-0.13099035226835107,-0.06046543677455438,-0.10999504441015549,-0.11821815770131558,-0.042740981333220684,0.268671327206669,0.2762114473097267,0.46771690234798674,-0.051152758617285715,-0.04303666107391305,-0.14271446680585503,-0.07262338976425119,-0.022128616571970353,-0.15141143987045536,0.024005439476244884,0.0870600866587067,0.23065290633865285,-0.06387020048035928,-0.06221073845027287,0.16292860911554513,0.0979685925555738,0.09446250857566174,0.020703891305852557,-0.03688864578767183,0.041203621825860015,0.060025681716813974,0.2048596919944903,0.13622816963000262,-0.002340963549609047,0.10215465884321354,0.2121315744308114,0.023902451700584994,-0.1829810976033405,-0.053933156437886424,-0.1291240638442593,0.14646672610125794,-0.0463025207928165,0.1891795625828667
WHEAT PRODUCTION (1000 tons),-0.09033307797996316,0.2423947235253226,-0.09098183699839107,0.06700015400832027,0.26587287059324716,0.332174521572608,0.9106426278224172,1.0,0.686861674335998,-0.13497735804202438,-0.11812083182677163,-0.0058996886418331935,-0.09433928629535507,-0.10038926882853179,-0.1610277293892182,-0.13971112557220003,-0.1388401712240879,0.016235151180374083,0.020289930306162583,0.16878898332037842,0.31929345527633873,0.02719735351779134,0.012730188970073579,0.04065006943474464,-0.13780981789679347,-0.12126400739265579,-0.2292474315354751,0.15667154860280286,0.29991319223231233,0.5622206386552159,0.11966737902865435,0.15942568497212725,0.19240908015468614,-0.09053613530051517,-0.03945665796564824,0.23043675350183385,-0.13320188402654862,-0.023535915889129636,0.19776381930209874,-0.11616410412942803,-0.0845229737005679,-0.03273082961400362,-0.09906393983852076,-0.08315711136569996,0.0015056234729365692,0.29697088647641184,0.3279214553011778,0.4883942143889224,-0.07479002434240341,-0.06013406551870603,-0.1229794640997656,-0.04627677140962114,-0.008486525879753827,-0.10561091407763289,-0.07672287319356025,-0.042569778724659744,0.12596238510548924,-0.059530164408166865,-0.048152713958373485,0.1963103656801351,0.06679709837045561,0.07077826098517861,-0.004997711962592666,-0.021644891066397543,0.0801075558616944,0.13131486584922641,0.16698847564928473,0.1263456077840532,0.06528848735421146,0.14177286744187736,0.288687904086804,0.12387509628091509,-0.10988652990701074,-0.019072213333120588,-0.0680210367114331,0.13363134261899187,-0.050841976461905275,0.20038161492765816
WHEAT YIELD (Kg per ha),0.01890316778543692,0.3754234199293079,-0.1128441043208049,-0.012562940705932571,0.10756617652056782,0.1510189798159506,0.6173605530187498,0.686861674335998,1.0,-0.16184389347259398,-0.12400702723034823,0.015860946223341544,-0.13246502656750594,-0.13253035486274856,-0.23306944661192053,-0.18189338785085848,-0.16133517851057624,0.0291822358478149,0.09877870990226517,0.2433099327471948,0.31621461747196333,0.09655291371547865,0.05479676470787029,0.05217900216989287,-0.18848055296420957,-0.18313394258480026,-0.3698661416718834,0.10353841511600448,0.23181186447932156,0.5985009832403578,0.08808871646205339,0.15679125381237238,0.2984065105013131,-0.10103509498482416,-0.016824534549260514,0.2793963865930582,-0.09301391095900477,0.039899856426989656,0.2621233454609185,-0.07668041734197627,-0.027866208279887606,0.05162648145827741,-0.007947134565403094,0.06508765614277953,0.0810415018104546,0.34603130762486106,0.35385315365119807,0.7057121494749695,-0.10854606061522129,-0.07757521339564882,-0.0904118941138304,0.0057173015496960805,0.09751041730721258,0.050925824738716485,-0.1515084236503622,-0.10039686914243502,0.2206671304576423,-0.09717053193045326,-0.08766775133835909,0.1830093708881337,0.1309945299893417,0.14129369341078724,0.14239833278353745,0.01977723034500376,0.1613977256187196,0.1748334438613571,0.16061188243599325,0.12084018040907114,0.050306116013886494,0.04197295215303534,0.15748811108104932,0.08857328350955733,-0.276486982642088,0.07657425602833624,-0.09363960240116084,0.23506821070086006,-0.016448947831258536,0.17518550961348744
KHARIF SORGHUM AREA (1000 ha),-0.30243429050192167,-0.22403192168446198,-0.1696138554210058,-0.2683720155939498,-0.23302729913138287,-0.1931816375490508,-0.09399602727525608,-0.13497735804202438,-0.16184389347259398,1.0,0.8571784323298016,0.20224682073212336,0.19171376232599102,0.20990441034709828,0.1651694007940247,0.6380993768481589,0.7025344312489419,0.1580477582745755,0.07857459466908516,0.05429926715546356,0.02783165084549931,-0.0365325105040039,-0.05086355551561278,-0.04719645994803609,0.0056345959643460865,0.003850744737854429,-0.03989293856584031,-0.036391252301980745,-0.03453359698171701,-0.1499095819860972,0.11055899928516018,0.05424435245797095,-0.061250203944006334,0.33065592337075916,0.2562394770752385,-0.04273902177555075,0.1830957851741581,0.06518289063824499,-0.11463019366583418,0.17689539277408245,0.09850004072970107,0.013023003932197035,0.15718995209840356,0.05036638791114568,-0.07114554043904034,-0.05139601274035676,-0.038957331374325645,-0.20844485293879958,0.3502222516163432,0.31770018027034197,0.23429447883236454,0.11235686196220683,0.008409490080877734,0.058552469825886334,0.1635335182201003,0.1762114289302497,0.06124015180819789,0.12929327285966782,0.1336024157504067,-0.06289116954969476,0.05420039682704418,0.04656855609084085,0.05096394656341797,0.24879128656813485,0.11304238688459406,-0.022350714157758154,-0.04446641232155359,-0.016992827908267102,0.186104072761771,0.41115575784421104,0.0971334431996971,0.04222965362644577,-0.08556109517797479,-0.15178508904291474,-0.14759226821347077,-0.15478793557420437,0.048277422296839935,-0.010756690254689567
KHARIF SORGHUM PRODUCTION (1000 tons),-0.2560166612590101,-0.10819696855571778,-0.1614249792307231,-0.22028519976533043,-0.18669281791109268,-0.12227457771541872,-0.09135719808295165,-0.11812083182677163,-0.12400702723034823,0.8571784323298016,1.0,0.3614844255091849,0.19759468518441192,0.24258750093275303,0.20193749954713153,0.5730729233994509,0.8184962671753492,0.29711818641163323,0.019507986538433043,0.021349860672652612,0.05409102429559172,-0.0233010095455561,-0.0019078117491249252,0.033669943198487845,0.026363802897963362,0.029512484068444478,0.004214572056641233,-0.08525390695559676,-0.07479587719362887,-0.1661954561282165,0.09760969366466841,0.05953814103267023,-0.03576419434012793,0.3686726282932358,0.31760315180673804,0.02304971982360754,0.18201355692908916,0.12242240042328022,-0.06242242312996048,0.12692971693563534,0.08436271319148991,0.057929277200981684,0.09746599645593618,0.054387019935976236,-0.013499803665691153,-0.0788632716510163,-0.0580397091098236,-0.1949407345478715,0.39301747525891534,0.39698279064108727,0.32745522139029515,0.03955628078233241,-0.008589685908387601,0.05525178463920775,0.12337852468488189,0.14002756848082373,0.06548728149729237,0.17592821542859186,0.19592438291781178,0.004615874758446287,0.09451092952296711,0.09712414880844035,0.1518367292731244,0.21281652628339115,0.1312190117189147,0.025985818521670742,-0.0026870721810301717,0.029241301688302176,0.21833678082549215,0.4347430745730004,0.1414823401836138,0.04953043775737691,-0.02670542787635898,-0.10545602622860521,-0.08516817044933216,-0.12146215925692849,0.08350282730132992,-0.03938148275184353
KHARIF SORGHUM YIELD (Kg per ha),-0.43306910255555736,0.1412846905377933,-0.31625125475592614,-0.1103337954513522,-0.0825402581982474,0.06408820304563957,0.05147834924705983,-0.0058996886418331935,0.015860946223341544,0.20224682073212336,0.3614844255091849,1.0,0.16215366352811214,0.21903832047525817,0.3394436539968718,0.22484346247752326,0.37258902174786296,0.8906134373020261,-0.025445006668307256,0.058609673574820914,0.35847875732484197,0.10578257189793898,0.1782424581896829,0.23899710138120406,0.11497954511865265,0.11182586419586517,0.15139828627674118,-0.05099036334430052,-0.02598029835315535,-0.028321942919577223,0.19554857668661962,0.2436837025251375,0.1545840495376284,0.2786299364190101,0.27764566511451033,0.21057328684765694,0.12348779950075121,0.1755781391310901,0.007631474909196642,0.13315342023386462,0.1412861435285528,0.3172818500906092,0.04375970388258357,0.052518281003625655,0.0649560959878055,-0.030624439155362317,-0.0028383564050465005,-0.04319617103590664,0.1475822587639018,0.16819325844488814,0.2152090540025265,0.02311559241308659,0.03287489125178174,0.1340945757435227,0.11370946380468783,0.14720784458201952,0.17296283745287339,0.18195902946884002,0.20952209344261882,0.16433815825235948,0.2361924205429394,0.2467951906265794,0.31402918416282183,0.22870048418829453,0.25041502065079635,0.17678309120098043,0.10292260169595277,0.1346636183612484,0.28773320566125143,0.16789029287164828,0.11968002744150455,0.13730706495624476,0.015282330912608864,-0.05292525003610117,-0.026204028406301802,-0.07575948538220675,0.18181759463026556,-0.05522217077343597
RABI SORGHUM AREA (1000 ha),-0.15258756871578685,-0.03437782053231065,-0.11161138556290083,-0.12255582182114383,-0.10580555072342737,-0.04436200143448971,-0.07941680348303531,-0.09433928629535507,-0.13246502656750594,0.19171376232599102,0.19759468518441192,0.16215366352811214,1.0,0.917530479894497,0.15261380783948345,0.8775629072029277,0.675699992181053,0.02586680275618607,0.17098572274542312,0.1055818181177636,-0.005524279139347208,0.028189388048406913,0.05983761960304617,0.07691188900135702,-0.01671294164100049,-0.019714510915711643,0.05251515363232616,-0.09738564257879259,-0.08796955904700117,-0.18093123387593335,0.09775500986132289,0.039583893539000575,-0.05547667496834362,0.3618289932166736,0.20558162978573383,-0.08345204904229467,0.13154771282348965,0.04199208973250442,-0.06413980159204677,0.12452519492338142,0.07427280728970378,0.03604679758151769,0.023644685191615746,-0.0015809397644417575,-0.0012135446055578758,-0.08672509131014877,-0.06806821769635035,-0.19575218684497817,0.6968511280242645,0.589139819800776,0.34024414831287775,0.01482587693973644,-0.01925994655015973,0.07549010488863307,0.12451270546965035,0.09861005540485764,0.025593890835248403,0.40237916750801855,0.3759374034566424,0.022163983581786374,0.008530906994974911,0.013055135527202067,0.11460911902019634,0.21697282121652847,0.08216770705913867,-0.006539739647329605,0.15563378996967472,0.21850427089069438,0.23496293862618967,0.14688727612658073,0.05685716684814386,0.09994401997203753,-0.03017113172062406,-0.010016446118401615,-0.021403916872710895,-0.07161085219535963,0.2507673539238476,0.002408748616396632
RABI SORGHUM PRODUCTION (1000 tons),-0.16487594326263091,0.0071939043052773105,-0.13020569753375,-0.12099944995049526,-0.09265037039940112,-0.003825039172032573,-0.09121296911315194,-0.10038926882853179,-0.13253035486274856,0.20990441034709828,0.24258750093275303,0.21903832047525817,0.917530479894497,1.0,0.23866432800646087,0.8217542850847367,0.7548703484376167,0.09966808751489403,0.15373022429019553,0.1145971258976992,0.034945222617876526,0.06129443755466086,0.1226371605882441,0.1290098304677297,-0.012427606519718776,-0.01053402912606978,0.0788523564852295,-0.10399095880221602,-0.09394266334306822,-0.1936043168932709,0.14040026822835505,0.09360099897054967,-0.036549447425078554,0.4592600280423322,0.3110134490751057,-0.07271609806666038,0.14233472939555075,0.06540869802448723,-0.053344402349217536,0.15578681516202364,0.10618494034259952,0.058486162080124686,0.031116039088070133,0.011885247383548595,0.018601007366889206,-0.09229475498502585,-0.07249161631409472,-0.1982019483039138,0.6438904767564779,0.5974197763266286,0.3950015511116059,0.015303189449049074,-0.01808864471201532,0.09461882302924829,0.112024399393991,0.09149044974542543,0.020830836537495692,0.5075389097398875,0.49827550364578377,0.048700594600986816,0.019053265400625106,0.026964875379814946,0.15577388401268535,0.2508293757719261,0.11697312622924819,0.012398224068000318,0.16810981273594253,0.2375175208406924,0.2530062885543326,0.19081531721794845,0.1112217550442367,0.13307642586863774,-0.007375584234179512,-0.0013238668894400662,-0.0033608917986243723,-0.07899470722782465,0.27445276549106423,-0.0154934546882431
RABI SORGHUM YIELD (Kg per ha),-0.27669016545330455,0.07845135280035322,-0.22521499133170003,-0.012542395101520614,0.11802555201119944,0.23198213582484728,-0.21641896086760115,-0.1610277293892182,-0.23306944661192053,0.1651694007940247,0.20193749954713153,0.3394436539968718,0.15261380783948345,0.23866432800646087,1.0,0.20000265834486836,0.27771415604258415,0.43380784068596967,-0.0012431680362568304,0.023033360904650635,0.2009547664580021,0.04792630437169228,0.1985160593754694,0.3601477528611099,0.19966484448517935,0.1977202729293382,0.3514005005879492,-0.16515086964090656,-0.14932717050436933,-0.2957733919344675,-0.033202222909036405,-0.008294542692470796,0.02766330718981963,0.1921387068146182,0.14328314776401402,-0.0482012168999402,0.0934150399342182,0.1001149921822256,-0.015081650003554341,0.2632384404520159,0.26758837054290185,0.2930877585428814,0.04496642793406024,0.05236469506362939,0.10158774035123821,-0.13740612920153325,-0.10562964730257542,-0.21823720704789046,0.10660146936943013,0.1116947538601157,0.16775802450708852,0.08319038822877205,0.0444374985884319,0.23494845975203268,-0.05219219178627543,-0.06930680639243544,-0.1409141506111518,0.15368260000974263,0.18746272714961082,0.1615574737252084,0.06302865603199583,0.07240311084852233,0.09686399831066747,0.21008916928216453,0.23056578465265812,0.2854333676591457,0.07780481564094704,0.14163208844002823,0.36985311432887,0.2117847989589873,0.18917197017790094,0.2843498206693173,0.24384660893957422,-0.05089063654528329,0.09419998238732583,-0.12964951313212414,0.12731579536480353,-0.04885585120290222
SORGHUM AREA (1000 ha),-0.2679186067411743,-0.1356458971954728,-0.17144140697140473,-0.22784499981848144,-0.19729522331030175,-0.12887885846859112,-0.10818267225471859,-0.13971112557220003,-0.18189338785085848,0.6380993768481589,0.5730729233994509,0.22484346247752326,0.8775629072029277,0.8217542850847367,0.20000265834486836,1.0,0.873048925028872,0.09769918434007605,0.1731052891557351,0.11057816291607005,0.010605339043472474,0.0040769888190004345,0.02185313399302526,0.03747811528643858,-0.010716451713396578,-0.013894188429965306,0.02120666494520635,-0.0943254994860067,-0.08591501362503907,-0.2151384632330893,0.1304405753672154,0.05735287958561809,-0.07320122575165848,0.44596478459639455,0.2866591640837651,-0.08653615724260028,0.19240864166309365,0.06478091685465621,-0.10544626114228028,0.18450418972726376,0.10671314032510605,0.03489485188898121,0.09648418790227209,0.024457076228937998,-0.03537050666548502,-0.09249282215036639,-0.07165150915075405,-0.25440883683964827,0.7172814383311855,0.6169700977409874,0.3808021869437578,0.06837726795301197,-0.009410408321620546,0.08955391989401933,0.17718098506626212,0.16309163533858537,0.049608196836670185,0.37851784864826166,0.35985624755074597,-0.013458182466436507,0.03279778531018717,0.03264299398887517,0.11421565459431558,0.29229385677470476,0.12051989046022174,-0.015307434758068455,0.10079986561966071,0.16367089027109283,0.275472781269936,0.3168039203939202,0.09254151961585265,0.09938873384621345,-0.0655341537403398,-0.08191978435153184,-0.08886911102762342,-0.13183564109830684,0.220768304580944,-0.002709206669181335
SORGHUM PRODUCTION (1000 tons),-0.27103593169702705,-0.06776713432353342,-0.18672974399048756,-0.22071502855479883,-0.180995124904545,-0.0839278254507399,-0.1155461335625118,-0.1388401712240879,-0.16133517851057624,0.7025344312489419,0.8184962671753492,0.37258902174786296,0.675699992181053,0.7548703484376167,0.27771415604258415,0.873048925028872,1.0,0.2614913961322206,0.10419859994354141,0.08274140800578511,0.05901137267103405,0.020330611121536987,0.07160894407322624,0.10008144045738522,0.010216220517289371,0.01358556859880597,0.04990141475754128,-0.11934574751843582,-0.10622438344900655,-0.22696291772254187,0.14851405856639838,0.09534598336779954,-0.04528756170995552,0.521420685385703,0.3989894991495709,-0.027355454614919117,0.20689993235226237,0.12151933895328534,-0.0729252143738479,0.17808159394167267,0.120167470987547,0.07457436479115423,0.08462190828517037,0.04420607831304601,0.0022705632959467126,-0.10779394793203227,-0.08185180809131117,-0.2485120592420398,0.6461055202618297,0.6213997106564191,0.4541375508498548,0.03676569083125217,-0.01565177833778154,0.09476215186165704,0.149152513666437,0.14832570534397757,0.05638537579300617,0.41726896403309244,0.4260933878264552,0.032518505193290796,0.07476739943510895,0.08132533342691495,0.1943967340881428,0.2917638908625902,0.15791711718701282,0.025373329706936853,0.09871506203541641,0.16168507257594794,0.29783439539234263,0.4069328433631453,0.16199815786391028,0.11291202704410971,-0.022154385500774077,-0.07166835522111005,-0.05914528707442326,-0.12884152020961637,0.2190420910681477,-0.03534904815372391
SORGHUM YIELD (Kg per ha),-0.435157349342655,0.1768280536299398,-0.31211637623134575,-0.04940005722515121,0.00011472475963106676,0.10545883307186983,0.06450103574535307,0.016235151180374083,0.0291822358478149,0.1580477582745755,0.29711818641163323,0.8906134373020261,0.02586680275618607,0.09966808751489403,0.43380784068596967,0.09769918434007605,0.2614913961322206,1.0,-0.0664884224229823,0.03516455057314445,0.3973649168501603,0.09388512367734546,0.19655186933872534,0.2891187619628638,0.10523167437988201,0.10692612890528456,0.14322880212650432,-0.046904109722273164,-0.019012957009311816,-0.0008616440102827013,0.16632579279294357,0.23346035518727887,0.19036261834529997,0.22742506647931846,0.2480216283951289,0.23002476700365937,0.12760809867097325,0.2198009503379551,0.04038511135772686,0.10705051540350055,0.1393178454751361,0.3701733285501667,0.04737278914173785,0.05870172195175637,0.06178982763170325,-0.023109502260275302,0.005085635388992475,-0.006665049750026346,0.046254313263760775,0.07069878439420288,0.13236108676496253,0.024328443698134288,0.03594296037755022,0.12464667635079452,0.09227848643554809,0.12878378744156507,0.15900831460714504,0.08911666975057125,0.11684875027457489,0.19452469167953707,0.22750544426066063,0.2348762468541922,0.2880518885148424,0.17949320200634128,0.2458381560838679,0.2787286056378602,0.08127960086469997,0.10089513691992268,0.264619931097322,0.1624791294118923,0.14589942450739193,0.15444826714590787,0.062002932157343184,-0.06208340444479695,-0.009787074191927076,-0.06570786467249953,0.09892637387778662,-0.06519956625831286
PEARL MILLET AREA (1000 ha),-0.17238000732318595,-0.05162888437234086,-0.10347520106080368,-0.23014043515443852,-0.19025048698227373,-0.2255312714102216,0.01739936854005566,0.020289930306162583,0.09877870990226517,0.07857459466908516,0.019507986538433043,-0.025445006668307256,0.17098572274542312,0.15373022429019553,-0.0012431680362568304,0.1731052891557351,0.10419859994354141,-0.0664884224229823,1.0,0.6916657926261218,0.09247524489741098,-0.09829269331610647,-0.07821844515171529,-0.11516226291376314,-0.049364864850708755,-0.050353673617816265,-0.10353692509130376,0.13590451067594642,0.1972808889111996,0.16539078555789175,0.14914619558161102,0.10186563578006415,0.004086311243501095,-0.011405161054177841,-0.03571434317465474,-0.14986411584029827,0.35550575952021773,0.1253251643241702,-0.07248826037854786,0.0561698315300212,0.04108373435536265,0.042372820007502504,0.22640844623233514,0.08702159633234478,-0.05493017571221505,0.28654828797909404,0.2663864405539171,0.13033405589017863,0.14031839733207693,0.11761280378585749,0.0213910775233017,0.13670880482251355,0.13167844900777056,0.13407380445956396,-0.05775848573535669,-0.06748840057898983,-0.03035389920487738,0.03903479868044706,0.024797717209663016,-0.08739276676190293,-0.07689710807576591,-0.06924271905533608,-0.06327903773841692,0.16577481403973168,0.12746574348191034,0.026587043130065525,-0.035788206207893074,-0.017490593396082554,-0.05813221756609755,0.06575803934798317,0.05051579458192156,0.1392834897943715,-0.11388051482012307,-0.07177637880072368,-0.10772817905400688,-0.05100837837718135,0.12353698776572226,0.519080741190172
PEARL MILLET PRODUCTION (1000 tons),-0.17024120362771017,0.08517126846273057,-0.13276775408866517,-0.20538278690448777,-0.1565390892953867,-0.08809262215232866,0.1460270622232418,0.16878898332037842,0.2433099327471948,0.05429926715546356,0.021349860672652612,0.058609673574820914,0.1055818181177636,0.1145971258976992,0.023033360904650635,0.11057816291607005,0.08274140800578511,0.03516455057314445,0.6916657926261218,1.0,0.34616844436539823,-0.06854109620553694,-0.04344203736136598,-0.04109115499810159,-0.053640510709719785,-0.05031591050289689,-0.09804901306178039,0.18548295553200447,0.3304355840108777,0.2471208434194448,0.13998472122438463,0.13169830622142054,0.08094985855073832,-0.001973133630411947,-0.011825301025399835,-0.021200170650993454,0.17316978205389424,0.12887314244731338,0.04829628822068913,0.0842440745398297,0.09544294067973733,0.14377667938480962,0.16098265631457523,0.1407166753650966,0.043611603586094824,0.4945490560230412,0.5189008723485458,0.26524641027761386,0.0784987759165078,0.08138809333618621,0.010800763037876903,0.17840748327784584,0.22654195325548349,0.19808398965276125,-0.07316548109649709,-0.07731448447444711,-0.0034325604309369618,0.03718542868339815,0.028405714652435493,-0.03736527327276224,-0.07434987707923375,-0.0653927741243864,-0.012314429233686211,0.23347540667731884,0.26969549477412974,0.12575501265889813,-0.02870681728695322,-0.010232932034607326,0.04275900588851055,0.10840424500621645,0.12774711806035988,0.2014580423375209,-0.08065431965687689,-0.012207146431381696,-0.04914171141761766,0.05404032498114352,0.1488830010414635,0.3157758628445084
PEARL MILLET YIELD (Kg per ha),-0.3048739386562201,0.23511482050305768,-0.22666727184550578,-0.0982040375319685,0.033150255718557606,0.224018377289039,0.3243526154683854,0.31929345527633873,0.31621461747196333,0.02783165084549931,0.05409102429559172,0.35847875732484197,-0.005524279139347208,0.034945222617876526,0.2009547664580021,0.010605339043472474,0.05901137267103405,0.3973649168501603,0.09247524489741098,0.34616844436539823,1.0,0.08480771602866725,0.11732675116016512,0.1833899285764459,-0.038682039465312436,-0.011642870135984529,0.08499047257550107,0.09809915562883517,0.17491360229498604,0.2711995769665326,0.07201020513837406,0.11021419458928325,0.20551231389289448,0.09878748811809007,0.12405069438618298,0.1978782750566111,-0.020571794644455042,0.06969169649663969,0.1385771889553528,0.1932390799621751,0.2534735124916963,0.2992309029639274,0.06371386007009451,0.09619335888161025,0.06279795209343389,0.18766032561487692,0.2238409523979808,0.284031194959861,-0.016761689987772797,0.007059104674757397,-0.01988483745992784,0.10985548445257218,0.15473903210677356,0.20706717027998853,-0.10591369353493761,-0.0778144496680838,0.06476987171778804,0.04072086100061712,0.06237520577734099,0.2474259430307001,-0.009595631764502498,0.002866316579856406,0.07413781906969262,0.1702254392942085,0.2594630497176794,0.2086867053678959,0.16241538480007536,0.16483106213158386,0.27567048092375224,0.15162744919175494,0.22262723498796813,0.26954045998072523,0.044465660762603096,-0.03674383269975712,-0.0002927434695239147,0.06218389798276818,0.08902601937965245,0.052093533992193054
MAIZE AREA (1000 ha),-0.007525457763654209,0.0932985673291303,-0.061728062152878745,-0.06542796108850983,-0.08333848124618937,-0.03604827529111041,0.09413181559498092,0.02719735351779134,0.09655291371547865,-0.0365325105040039,-0.0233010095455561,0.10578257189793898,0.028189388048406913,0.06129443755466086,0.04792630437169228,0.0040769888190004345,0.020330611121536987,0.09388512367734546,-0.09829269331610647,-0.06854109620553694,0.08480771602866725,1.0,0.8020030872352768,0.18576467297313362,-0.01185714939938503,-0.010165855121969785,0.00295815278383562,0.11968733160284084,0.09984589368364728,0.09683531629867802,0.03276160413276547,0.03662075616999718,0.11257345890692798,0.047225840399039425,0.057655284448890454,0.10097677672521851,-0.01957615035934315,-0.00808153787250505,-0.035094103641560806,-0.03282102558650555,-0.039112657348046045,0.04943343064404549,-0.05378248244629642,-0.0693561724911481,0.042397989359771085,-0.0627965953990193,-0.056067006099187564,0.09033208965034664,-0.02045501888606037,-0.0049832917667597685,0.07511159232817052,-0.0070152997458923895,-0.009867303439854232,0.08297079190443866,-0.05773042225407688,-0.03436891439150254,0.1467930730131565,0.08177925396843473,0.09381312483059491,0.08962915485926819,0.07013083253088412,0.0711920906991676,0.16161994927981937,-0.030637764887463097,-0.01836305226511526,0.018173226165445668,0.06842061681686602,0.05651264505017954,0.03360133740048978,0.03618934455977456,0.049440407150090356,0.09853302146700792,-0.03768754791269045,0.031013895244250987,0.001867229290651448,0.04238314767239298,0.18609893366172803,-0.07143333090818876
MAIZE PRODUCTION (1000 tons),-0.0158105503479831,0.23958811002595748,-0.06632842282047148,-0.007391204947077978,0.050791251114807194,0.15184806976478823,0.027980748170726603,0.012730188970073579,0.05479676470787029,-0.05086355551561278,-0.0019078117491249252,0.1782424581896829,0.05983761960304617,0.1226371605882441,0.1985160593754694,0.02185313399302526,0.07160894407322624,0.19655186933872534,-0.07821844515171529,-0.04344203736136598,0.11732675116016512,0.8020030872352768,1.0,0.4605463887872743,0.03464084545748571,0.05372715025403136,0.11887725376522,-0.014403355368591279,0.0007133256058875359,0.006653699309299143,0.02455340934642164,0.04643371588569407,0.1237134548226401,0.06583820328805573,0.07212959381716912,0.09174558000223323,-0.0024085151010526606,0.0454566299237522,0.02781102815655624,0.007830415441503574,0.011551240209714075,0.14394129071815434,-0.06044019432634888,-0.04217814559366658,0.1426429428918756,-0.0625636483447661,-0.04679814759159198,0.049454644568495604,-0.004069292316819023,0.017657175239414104,0.1636819595253658,0.00494506292434483,-0.005248006938597881,0.10393976407755513,-0.06514510557861193,-0.04102835450521232,0.11898561882276233,0.13379405658730686,0.16398631395858973,0.22484318467958728,0.06456190572240872,0.07737792786056599,0.1975203835583746,-0.004440983286495224,0.033325553574610985,0.12025310486934584,0.07927310111414194,0.09605275318228601,0.11722637138725323,0.10419982227323724,0.14724915474134045,0.1711021901467824,0.08384309379722228,0.10186038379594821,0.11344053589130469,0.042572145568196766,0.25768136178599704,-0.0697266076244087
MAIZE YIELD (Kg per ha),-0.08421858061965652,0.3938660653066719,-0.16714067107002115,0.11646757308518496,0.2951584259884141,0.433161972832639,-0.020727243432429515,0.04065006943474464,0.05217900216989287,-0.04719645994803609,0.033669943198487845,0.23899710138120406,0.07691188900135702,0.1290098304677297,0.3601477528611099,0.03747811528643858,0.10008144045738522,0.2891187619628638,-0.11516226291376314,-0.04109115499810159,0.1833899285764459,0.18576467297313362,0.4605463887872743,1.0,0.16884265584278382,0.1966735750884987,0.3113406586880196,-0.15113497518637428,-0.10560281582538089,-0.05141851679785678,-0.053589072164173336,-0.001968034101352869,0.14148483627460426,0.08760034043370539,0.06553240658963848,0.09717125584993572,0.02125799748231598,0.12867398820305806,0.13250617479913276,0.09513548314658364,0.09878177530313124,0.3235837498280536,-0.037008844200982695,0.03541754046473176,0.20437650881141786,-0.06413657338393791,-0.03594332259311287,0.023181157854789892,0.0312919370851008,0.047782994677010825,0.16319632867707715,0.0353092162035746,0.011574801676811623,0.1114502431562824,-0.07281697815518426,-0.05162517265758377,0.05149492045452744,0.1485210398324215,0.19062554333956305,0.3809117738891909,0.048594836715783934,0.06407168676460821,0.16302199862934943,0.04017933233213566,0.10620574665694212,0.29182981733943003,0.08153706786596819,0.12027877735235681,0.3010802069519022,0.055882497617599544,0.09085006475320691,0.21093561660258547,0.21682663835152396,0.13820821731509905,0.20697047832471568,0.07625301438504392,0.10961149334421234,-0.11059394457351046
FINGER MILLET AREA (1000 ha),-0.07728958947254029,-0.060060233087026356,-0.15271323398121492,-0.006753574248859336,-0.015384267786011471,0.1461320385637663,-0.19014853575438784,-0.13780981789679347,-0.18848055296420957,0.0056345959643460865,0.026363802897963362,0.11497954511865265,-0.01671294164100049,-0.012427606519718776,0.19966484448517935,-0.010716451713396578,0.010216220517289371,0.10523167437988201,-0.049364864850708755,-0.053640510709719785,-0.038682039465312436,-0.01185714939938503,0.03464084545748571,0.16884265584278382,1.0,0.9258308859360679,0.38720529253340313,-0.09666009632623629,-0.0935309770943678,-0.1841967098372807,-0.12147845142216848,-0.11962315644394601,-0.07359105739714619,-0.015392769422125464,-0.03299804946636127,-0.03424905396175341,0.08534036602566213,0.06713854057793306,-0.03679668602134801,0.13109597880077062,0.1151967145162296,0.0753424053343862,0.01739346063426033,0.05216028389344778,0.1170587888455304,-0.08998181873079512,-0.07574671213769875,-0.1661121830886052,-0.028464106410072895,-0.03179590593488803,0.037840039818462144,0.031160675580914617,-0.010301304643195128,0.162909923461636,-0.08085366029726682,-0.08899350464487356,-0.1295466851545068,0.02022056440751069,0.029082541373599752,0.037282442926300535,-0.06717664429589451,-0.06060811412196714,-0.04598736733037257,0.03025418995012029,0.023810698293161955,0.027525870517707423,-0.013586145299573096,0.020978077551682222,0.25394212703954727,-0.06654187327755524,-0.05130281106740225,0.06555038187620413,0.1361274847660535,0.0818082934126897,0.1266721324142057,-0.04524604838643045,0.07667990885752986,-0.04725685319797463
FINGER MILLET PRODUCTION (1000 tons),-0.10134903411461785,-0.00624410483252184,-0.14174120452061761,-0.033353190252918795,-0.013109900649052207,0.18762634944798742,-0.17041970036228238,-0.12126400739265579,-0.18313394258480026,0.003850744737854429,0.029512484068444478,0.11182586419586517,-0.019714510915711643,-0.01053402912606978,0.1977202729293382,-0.013894188429965306,0.01358556859880597,0.10692612890528456,-0.050353673617816265,-0.05031591050289689,-0.011642870135984529,-0.010165855121969785,0.05372715025403136,0.1966735750884987,0.9258308859360679,1.0,0.4240296289232546,-0.08777469432808031,-0.08330231192481544,-0.17094502764775932,-0.10834507016476982,-0.10562191572131865,-0.06280849966470245,-0.013664634242282522,-0.027140409977220014,-0.028602347221023335,0.06651209011106025,0.061323976367619076,-0.02070428986217268,0.13615702373495933,0.1313626778310666,0.08278352304472962,0.004246176788232232,0.04078384480508231,0.12809563402146487,-0.08063950180775119,-0.06657109253465364,-0.1484705614847521,-0.029842043978193872,-0.028430803288674977,0.027540319437529368,0.023517879396582186,-0.007160763890413419,0.1818397739511134,-0.07437938045662616,-0.08212122340499046,-0.1267601169017791,0.023460379699910303,0.035870264381300115,0.07001219545450027,-0.05816237045570653,-0.052247459334865215,-0.026808887176693368,0.03341914327856706,0.0387198026084993,0.04188850267513972,-0.003199445066660337,0.035255878907246976,0.2519544659946372,-0.055275831291667826,-0.041391624060972215,0.07086841688841175,0.14597532364338853,0.0695626149705311,0.124288960583871,-0.03842474249692859,0.06320810464229448,-0.041180207786560244
FINGER MILLET YIELD (Kg per ha),0.018732705929971928,0.022799343242821943,-0.11758390249577721,0.11356257918932806,0.14403184884667852,0.3064426711580051,-0.2849165438542145,-0.2292474315354751,-0.3698661416718834,-0.03989293856584031,0.004214572056641233,0.15139828627674118,0.05251515363232616,0.0788523564852295,0.3514005005879492,0.02120666494520635,0.04990141475754128,0.14322880212650432,-0.10353692509130376,-0.09804901306178039,0.08499047257550107,0.00295815278383562,0.11887725376522,0.3113406586880196,0.38720529253340313,0.4240296289232546,1.0,-0.11215212938154205,-0.1433182902164459,-0.3053660104240637,-0.18315967884447762,-0.16720447481452416,-0.08146160834679776,-0.012730337312550372,-0.052680620317108504,-0.039314099642088755,0.04106427966335055,0.05362511085880727,-0.04358467078321786,0.21957541961413243,0.22023817127760154,0.21914282838631044,-0.035305691953801004,0.01021555428033373,0.1328442453386115,-0.1864173887385743,-0.15525611146549756,-0.30517665195796334,-0.0030376388908711564,-0.017352168720026897,0.07074443987205595,0.0270603052518685,-0.038023770098028944,0.07689078448466993,-0.11370744648183176,-0.12085509966407625,-0.1794234294781052,0.0592039261358275,0.09600019644527379,0.14938592794579564,-0.1271275338995146,-0.11015511989618922,-0.04812995716206427,0.022235747279516552,0.028146502152426853,0.04835807502883058,0.04159110265089145,0.10812583967435156,0.3190588797815836,-0.08197456816292602,-0.05865420616199611,0.1203626452429275,0.3060722720528809,0.11076243665548378,0.23595661387686642,-0.08701521682361388,0.12754776638577067,-0.11144171507457099
BARLEY AREA (1000 ha),-0.04118388481225414,-0.22189001801239436,0.03571785826338349,-0.10334184268660289,-0.14498934077637712,-0.1721156894133013,0.265555490188291,0.15667154860280286,0.10353841511600448,-0.036391252301980745,-0.08525390695559676,-0.05099036334430052,-0.09738564257879259,-0.10399095880221602,-0.16515086964090656,-0.0943254994860067,-0.11934574751843582,-0.046904109722273164,0.13590451067594642,0.18548295553200447,0.09809915562883517,0.11968733160284084,-0.014403355368591279,-0.15113497518637428,-0.09666009632623629,-0.08777469432808031,-0.11215212938154205,1.0,0.8684694613274457,0.28900146448626896,0.24844532549323398,0.2323133712743709,0.08461838091676349,-0.030094209498379574,0.02855476613709305,0.1234630066398628,-0.01803614037555527,-0.05995819952896836,-0.09339039810052305,-0.09779908755630766,-0.08968872281583799,-0.08397500034276954,0.02148351085712043,-0.05667002836973743,-0.15054977446875248,0.20069856275740758,0.16469206861101804,0.10678505080570229,-0.07740929048529877,-0.06982347002134061,-0.1390555676755825,-0.06524730860270414,-0.044632246088987235,-0.10490132724061946,-0.0069601912182178155,-0.002789164346876259,0.024951132369058153,-0.06333178654652052,-0.07176254514220588,-0.09137380779616794,-0.08764510068246961,-0.08240342682259184,-0.09044486623292751,-0.06934675583397976,-0.062174888105425694,-0.12129491011627908,-0.012955556095504467,-0.05961376617629293,-0.11185111578735916,-0.04860686681068835,-0.007153446201608508,-0.06117926406790739,-0.14230913869310557,-0.07839919369082061,-0.1261313286499634,0.027078622528190606,-0.05864265599683267,0.1332528936116447
BARLEY PRODUCTION (1000 tons),-0.07902419650128353,-0.071135423674955,0.03904007318224946,-0.13014457808237934,-0.11751299218118823,-0.08193409129313861,0.34410422607169266,0.29991319223231233,0.23181186447932156,-0.03453359698171701,-0.07479587719362887,-0.02598029835315535,-0.08796955904700117,-0.09394266334306822,-0.14932717050436933,-0.08591501362503907,-0.10622438344900655,-0.019012957009311816,0.1972808889111996,0.3304355840108777,0.17491360229498604,0.09984589368364728,0.0007133256058875359,-0.10560281582538089,-0.0935309770943678,-0.08330231192481544,-0.1433182902164459,0.8684694613274457,1.0,0.41833474740391585,0.22777466187247683,0.2404079974698001,0.117866180240831,-0.04374671495421538,0.01101335256764555,0.12043658023876488,-0.0015644829463892158,-0.002820065957477102,-0.013918546244958072,-0.08152938416588673,-0.06817608017806598,-0.01833783329623092,0.02798073554838253,-0.03273725397173432,-0.1077923719991808,0.3571026664819865,0.34404441146682807,0.20401353313303014,-0.0699714860459034,-0.06028341345605378,-0.12207120505717714,-0.05730006905209314,-0.03858177546416725,-0.04537674969964586,-0.03940753104622392,-0.02967266830078655,0.05797905806949069,-0.056192583565803755,-0.06180218097754739,-0.030861669904161403,-0.07151563493899912,-0.06628890220580745,-0.05338914094758025,-0.0007446507368149559,0.03088698926666574,-0.028731393563895424,-0.020994242782742947,-0.05165134954973712,-0.0505059209940646,0.007053609262124372,0.0587174325130471,0.009357472827012485,-0.12309906271655405,-0.0513026254257399,-0.09767805100454811,0.046306572941287295,-0.03720728388500324,0.23262782242004001
BARLEY YIELD (Kg per ha),-0.07208790254376811,0.20132587039767338,0.07923643298932125,-0.13662556843916954,-0.05402598771618142,0.022384930083854417,0.5835555946874741,0.5622206386552159,0.5985009832403578,-0.1499095819860972,-0.1661954561282165,-0.028321942919577223,-0.18093123387593335,-0.1936043168932709,-0.2957733919344675,-0.2151384632330893,-0.22696291772254187,-0.0008616440102827013,0.16539078555789175,0.2471208434194448,0.2711995769665326,0.09683531629867802,0.006653699309299143,-0.05141851679785678,-0.1841967098372807,-0.17094502764775932,-0.3053660104240637,0.28900146448626896,0.41833474740391585,1.0,0.14998499527339273,0.18843751236685857,0.2335792597866562,-0.1642248125246877,-0.09432789834093627,0.1572016272369217,-0.049842339168619944,0.017113073627592353,0.15908048349032367,-0.21531846952536934,-0.18471664209681898,-0.04641819400194674,-0.019720344810753895,-0.07046443162812407,-0.12464535642519323,0.369952244238213,0.37141193901502995,0.5057820948332049,-0.14366193090942994,-0.12316274247607308,-0.2082247000573807,-0.0806741254958168,-0.04440762769711757,-0.17656383358076239,-0.04897338099632433,0.0054318888961675214,0.2481829784404055,-0.11284919475168152,-0.12047141672245808,0.09718178880658185,0.04839721884240242,0.048834916994208825,0.07899154757367778,-0.0857312112208857,0.004351394066895804,0.032981344959169524,0.13158727211158774,0.08009509950793042,-0.14914794375137008,-0.1295816575287656,-0.032718469197083384,-0.03500342265513658,-0.24555870478075212,-0.10096417888127743,-0.19407521206085004,0.12821822624724885,-0.09943595481034653,0.2175242700448624
CHICKPEA AREA (1000 ha),-0.2504138084214774,0.016962205610628247,-0.17187783577865837,-0.19953784513522307,-0.19715880676660116,-0.16479033862832884,0.2612357846328961,0.11966737902865435,0.08808871646205339,0.11055899928516018,0.09760969366466841,0.19554857668661962,0.09775500986132289,0.14040026822835505,-0.033202222909036405,0.1304405753672154,0.14851405856639838,0.16632579279294357,0.14914619558161102,0.13998472122438463,0.07201020513837406,0.03276160413276547,0.02455340934642164,-0.053589072164173336,-0.12147845142216848,-0.10834507016476982,-0.18315967884447762,0.24844532549323398,0.22777466187247683,0.14998499527339273,1.0,0.9119971581254444,0.09831168509115472,0.22758138370569184,0.23903404287449115,0.08053444271771336,0.17074750143467324,0.14860921871283705,-0.04613899114344599,-0.02449379014003612,-0.025720810577408167,0.07515438910884763,-0.0055486192531647265,-0.04281559403987223,-0.027980536538109595,0.2209828248974612,0.172428750962812,0.0680929172783122,0.08027424400285675,0.09391459192526724,0.07787654870418202,-0.05068275481301876,-0.04211400555749705,-0.03741800259785241,0.17136948420946038,0.22941361177434144,0.19951291120513776,0.1287155255203911,0.13202306016881818,-0.08013096997104598,0.316766847633279,0.29484404763734856,0.2316885949624052,0.23536715477080836,0.1873152304688227,-0.019615799546357424,-0.043683266458357524,-0.04623512246755961,-0.08942115867437703,0.17862037678041948,0.179870055824264,0.03193927482376109,-0.1653980742656897,-0.12083510236879061,-0.16805248780120238,-0.1135097679687459,0.0959709458434457,0.30171094263305764
CHICKPEA PRODUCTION (1000 tons),-0.239278908555383,0.09390730546831964,-0.1694130668165532,-0.18627369116598563,-0.1672709448889622,-0.11971361837625459,0.27627607695921536,0.15942568497212725,0.15679125381237238,0.05424435245797095,0.05953814103267023,0.2436837025251375,0.039583893539000575,0.09360099897054967,-0.008294542692470796,0.05735287958561809,0.09534598336779954,0.23346035518727887,0.10186563578006415,0.13169830622142054,0.11021419458928325,0.03662075616999718,0.04643371588569407,-0.001968034101352869,-0.11962315644394601,-0.10562191572131865,-0.16720447481452416,0.2323133712743709,0.2404079974698001,0.18843751236685857,0.9119971581254444,1.0,0.18991850482434355,0.19963152613044716,0.2505069280193968,0.12978766865266084,0.12523871810001708,0.17886911791496415,0.0007972236473839374,-0.02495559065644857,-0.010261694782088132,0.10802527364786413,-0.011184452006065857,-0.029817753634533845,0.006090601068115193,0.21775252271490647,0.1788674071612965,0.12155996542344953,0.020677492518787158,0.04544905293218861,0.07106511507617475,-0.0402054039342267,-0.034908672256238796,-0.03509306694456382,0.1066983796835768,0.18314577704530632,0.23467184165929153,0.09117676022784411,0.11592317865193767,-0.050965324654888615,0.3965161215790973,0.383041213729101,0.2941411805355775,0.23096804692925885,0.2210686447732003,0.009496163846614256,-0.05420028709235008,-0.05925329471697262,-0.0902622748212992,0.14570262810644136,0.17468824898177207,0.0392015381441464,-0.15332483849700093,-0.10491825685560863,-0.1508490071242304,-0.09305567486014961,0.07294802899340212,0.2363535600988832
CHICKPEA YIELD (Kg per ha),-0.04707546139170889,0.20048915903458733,-0.1194375994923314,0.03219925190378443,0.06270082873942419,0.048525405033792934,0.219226467655643,0.19240908015468614,0.2984065105013131,-0.061250203944006334,-0.03576419434012793,0.1545840495376284,-0.05547667496834362,-0.036549447425078554,0.02766330718981963,-0.07320122575165848,-0.04528756170995552,0.19036261834529997,0.004086311243501095,0.08094985855073832,0.20551231389289448,0.11257345890692798,0.1237134548226401,0.14148483627460426,-0.07359105739714619,-0.06280849966470245,-0.08146160834679776,0.08461838091676349,0.117866180240831,0.2335792597866562,0.09831168509115472,0.18991850482434355,1.0,0.027196456991427743,0.07387318981860441,0.2309843312501936,0.017509736829859523,0.10161550363757964,0.10248469007697009,-0.021484386041718168,0.012317927175528553,0.13632784945693155,0.010907142749835057,0.043121730430675416,0.07544881584150978,0.11765131932694517,0.12043385478835454,0.2610513400944062,-0.052233785019205656,-0.031242022742249548,0.03824215115813831,0.005262140314408101,0.029384344443913836,0.043395660490912986,-0.027916078918581486,0.014863863959920669,0.17302303321048754,-0.013116255221383018,0.006206259409854874,0.1568016686589891,0.10577188946171152,0.11085676017456046,0.14873913161659227,0.02767296515128219,0.10210735364397726,0.13290897251378433,0.060772291410458354,0.03990408253930004,0.0487275687076323,0.027279592470242354,0.09333871235107288,0.06842840070541871,-0.048292129341481374,0.04497666075604008,0.005028829442215082,0.10218945234140914,0.01596397367505381,0.017545365495690173
PIGEONPEA AREA (1000 ha),-0.1960918454369922,0.06492538140739489,-0.16154807686173106,-0.1037864204562288,-0.09868452116085147,-0.06568285228405005,-0.06396732379342575,-0.09053613530051517,-0.10103509498482416,0.33065592337075916,0.3686726282932358,0.2786299364190101,0.3618289932166736,0.4592600280423322,0.1921387068146182,0.44596478459639455,0.521420685385703,0.22742506647931846,-0.011405161054177841,-0.001973133630411947,0.09878748811809007,0.047225840399039425,0.06583820328805573,0.08760034043370539,-0.015392769422125464,-0.013664634242282522,-0.012730337312550372,-0.030094209498379574,-0.04374671495421538,-0.1642248125246877,0.22758138370569184,0.19963152613044716,0.027196456991427743,1.0,0.8615005699012301,0.08177686613105067,0.17648091368152052,0.13010680722134318,-0.043053017088331584,0.09625769331595176,0.05314116818161867,0.06479884149343049,0.06834828342357008,0.040487697769082245,0.0007612328885764921,-0.10291533939693766,-0.08602345887994817,-0.13848247890141627,0.4037796045487424,0.3988495441833549,0.3557359713182475,0.06299303157711483,0.004890811386268066,0.12435268693408942,0.15533679424032995,0.14117465011792288,0.029527884093415085,0.33421689841391544,0.3366188480383152,0.06644241399866417,0.1781001400827695,0.16427533360041285,0.17916091128586079,0.23043695607194736,0.12384219727523696,0.00405143861375701,0.03428910893975108,0.04190548916852471,0.15757397067390333,0.3373030802124315,0.19999513599256236,0.11920349099978177,0.000897408330798003,-0.049853584097477144,-0.03431436492555351,-0.09163387672626062,0.08001385538734315,-0.09114412274269408
PIGEONPEA PRODUCTION (1000 tons),-0.15472414674960738,0.08519614921205997,-0.14119460962145525,-0.08773893052144992,-0.09150550200481651,-0.07146663587384061,0.0014420836243182707,-0.03945665796564824,-0.016824534549260514,0.2562394770752385,0.31760315180673804,0.27764566511451033,0.20558162978573383,0.3110134490751057,0.14328314776401402,0.2866591640837651,0.3989894991495709,0.2480216283951289,-0.03571434317465474,-0.011825301025399835,0.12405069438618298,0.057655284448890454,0.07212959381716912,0.06553240658963848,-0.03299804946636127,-0.027140409977220014,-0.052680620317108504,0.02855476613709305,0.01101335256764555,-0.09432789834093627,0.23903404287449115,0.2505069280193968,0.07387318981860441,0.8615005699012301,1.0,0.2723930037726929,0.13229603658781533,0.13436742963843554,-0.008958086228505052,0.0117289789413455,0.0011404874564723863,0.07001098270396938,0.025927232197382705,0.019262925831029915,0.014197691839000454,-0.08023296756998635,-0.06733449457872796,-0.052209587572096566,0.24603189232165779,0.278694957069136,0.2889962028578772,0.014083088315840056,0.0034036873619667342,0.10255657411449118,0.1189462359105848,0.12727496776946037,0.05821839743685124,0.19398822441271973,0.20929293023367337,0.07396654771298047,0.212908268271422,0.21692722578784462,0.2030137366282699,0.11892635273321803,0.08761943628975634,0.00722911722337551,0.03018027739832723,0.029224884285675212,0.11191157666807332,0.29456915268999057,0.2070362230067009,0.10653151502806192,-0.014732943030377985,-0.03870768266046873,-0.03547208529954316,-0.05067328047881161,0.045989288287031825,-0.08824496469290274
PIGEONPEA YIELD (Kg per ha),-0.0025351669487444495,0.13703525214121592,-0.1218343754617587,0.13080547114799276,0.11247875355101293,0.0820475671544446,0.30790952175575875,0.23043675350183385,0.2793963865930582,-0.04273902177555075,0.02304971982360754,0.21057328684765694,-0.08345204904229467,-0.07271609806666038,-0.0482012168999402,-0.08653615724260028,-0.027355454614919117,0.23002476700365937,-0.14986411584029827,-0.021200170650993454,0.1978782750566111,0.10097677672521851,0.09174558000223323,0.09717125584993572,-0.03424905396175341,-0.028602347221023335,-0.039314099642088755,0.1234630066398628,0.12043658023876488,0.1572016272369217,0.08053444271771336,0.12978766865266084,0.2309843312501936,0.08177686613105067,0.2723930037726929,1.0,-0.03137268642211639,0.07037535649178016,0.05425876659730044,-0.1031090281108861,-0.0582419449949955,0.08334959078537325,-0.08226671481267137,-0.0038108893722251297,0.10242861345663701,0.06805309316331826,0.06664027169985068,0.2876292389427896,-0.053035091906881576,-0.03376141056076419,0.008290415767362011,-0.0359377141075525,0.029430121829068404,0.03824800968698637,0.06745066312601805,0.1107585324947435,0.1985387960860323,-0.053922406441264226,-0.043124353428511106,0.18750673270291268,0.059437065159777376,0.06677880850706763,0.07781150170998936,-0.08832608760349074,-0.001785254981417847,0.05293939096169508,0.1076000202708404,0.07122796303266868,0.10225403052646473,0.007675112309004238,0.04990651727502586,-0.02038701091657243,-0.07565228270158116,0.09533909745287288,0.02341735049673564,0.15802174161195667,-0.005229588692332012,-0.09900499394096238
MINOR PULSES AREA (1000 ha),-0.07258907869055453,-0.010653630417951789,-0.1452787788350134,0.15850856598796628,0.06135971319806365,-0.18539144514079062,-0.11535679731682201,-0.13320188402654862,-0.09301391095900477,0.1830957851741581,0.18201355692908916,0.12348779950075121,0.13154771282348965,0.14233472939555075,0.0934150399342182,0.19240864166309365,0.20689993235226237,0.12760809867097325,0.35550575952021773,0.17316978205389424,-0.020571794644455042,-0.01957615035934315,-0.0024085151010526606,0.02125799748231598,0.08534036602566213,0.06651209011106025,0.04106427966335055,-0.01803614037555527,-0.0015644829463892158,-0.049842339168619944,0.17074750143467324,0.12523871810001708,0.017509736829859523,0.17648091368152052,0.13229603658781533,-0.03137268642211639,1.0,0.7568891963613371,-0.07150857297723899,0.038249351695746725,0.05708472614710904,0.1941889383792152,0.3210754863869383,0.22141775716603948,0.018125106062110215,0.00814504464477833,0.00018873942007669318,-0.05662508780537868,0.19943276935711146,0.1601122468268376,0.1346651400946161,0.055663302395740834,0.019087090908051996,0.08917569185070875,0.23509224364231615,0.19914239230829964,0.10209988522238268,0.0715745819109514,0.06695496403602337,0.03854894506558077,-0.0032917242005750195,-0.005027527869298423,0.02698401162387062,0.13050484867444592,0.06180715546956862,0.033133146290482404,-0.06665949128460412,-0.046437815727498194,0.06783681959820508,0.08852862700164228,0.018352435649808967,0.08786101097678252,0.05214835169391861,0.11727615193816648,0.10072915382574497,-0.12417012036479697,0.12079892040949934,0.2600486475590922
MINOR PULSES PRODUCTION (1000 tons),0.007020243518448966,0.1643794460977781,-0.13101827781045897,0.20464002151978086,0.162372041579758,-0.02205952474029005,-0.016845938725247627,-0.023535915889129636,0.039899856426989656,0.06518289063824499,0.12242240042328022,0.1755781391310901,0.04199208973250442,0.06540869802448723,0.1001149921822256,0.06478091685465621,0.12151933895328534,0.2198009503379551,0.1253251643241702,0.12887314244731338,0.06969169649663969,-0.00808153787250505,0.0454566299237522,0.12867398820305806,0.06713854057793306,0.061323976367619076,0.05362511085880727,-0.05995819952896836,-0.002820065957477102,0.017113073627592353,0.14860921871283705,0.17886911791496415,0.10161550363757964,0.13010680722134318,0.13436742963843554,0.07037535649178016,0.7568891963613371,1.0,0.19127525890712366,0.010918921221058281,0.05148136447185268,0.23985499057868484,0.2630923826551744,0.25021563032238997,0.1074334867178972,0.03046537205020773,0.026046310893440793,0.03166944059598557,0.09942454869876031,0.10393527876042825,0.12204858227182849,0.035976532553611135,0.022887553101977196,0.07419164932594853,0.13254716409971157,0.16208344492187124,0.15539854800665515,0.03351348420118377,0.04069222344095755,0.1544440112656284,0.04768308118773125,0.05139120908518481,0.11908869385316097,0.07712480634062484,0.08476170186107526,0.12911547325835618,-0.04165175278735677,-0.0224803617402457,0.10704285452918777,0.05485429266584033,0.04311446898143424,0.08479605862992698,0.10104985440932629,0.17921166535961294,0.16912741736505085,-0.062074222632066064,0.10135471487707627,0.08375531619999661
MINOR PULSES YIELD (Kg per ha),0.11419700668053463,0.2925293304366121,0.04255504454099082,0.08827174725591656,0.1657130655691874,0.19501953284013715,0.13371269249291554,0.19776381930209874,0.2621233454609185,-0.11463019366583418,-0.06242242312996048,0.007631474909196642,-0.06413980159204677,-0.053344402349217536,-0.015081650003554341,-0.10544626114228028,-0.0729252143738479,0.04038511135772686,-0.07248826037854786,0.04829628822068913,0.1385771889553528,-0.035094103641560806,0.02781102815655624,0.13250617479913276,-0.03679668602134801,-0.02070428986217268,-0.04358467078321786,-0.09339039810052305,-0.013918546244958072,0.15908048349032367,-0.04613899114344599,0.0007972236473839374,0.10248469007697009,-0.043053017088331584,-0.008958086228505052,0.05425876659730044,-0.07150857297723899,0.19127525890712366,1.0,-0.040225686493928395,-0.00847755094733613,0.03334325601222379,-0.04562056394514057,0.029882655191655772,0.09049162999437854,0.08841301479233317,0.11124273516031673,0.2353931380160445,-0.054556503176106635,-0.03540758618894156,-0.01765826586114508,-0.02051730218095462,0.0062610006958318054,0.0005539764438676358,-0.0645360220729329,-0.03318255049256197,0.02379721829062951,-0.031317994947276245,-0.020761585984581398,0.15085944557057984,0.017126553142225758,0.0237883624098455,0.07497804430459558,-0.01628137517600629,0.05448427112012165,0.1684104041580234,0.02099070910108494,0.02689628206200158,0.04651024525514005,-0.029625799089999714,0.031001912192330377,0.021127238863799587,0.045285311267434854,0.0921827866041724,0.08768629462878086,0.12009727489189963,0.009182622885649045,-0.06351132207151526
GROUNDNUT AREA (1000 ha),-0.19626737838447753,-0.03376377169075483,-0.26615814880551847,-0.10161701755795816,-0.05595288552983414,0.0380322596738773,-0.15619535974216178,-0.11616410412942803,-0.07668041734197627,0.17689539277408245,0.12692971693563534,0.13315342023386462,0.12452519492338142,0.15578681516202364,0.2632384404520159,0.18450418972726376,0.17808159394167267,0.10705051540350055,0.0561698315300212,0.0842440745398297,0.1932390799621751,-0.03282102558650555,0.007830415441503574,0.09513548314658364,0.13109597880077062,0.13615702373495933,0.21957541961413243,-0.09779908755630766,-0.08152938416588673,-0.21531846952536934,-0.02449379014003612,-0.02495559065644857,-0.021484386041718168,0.09625769331595176,0.0117289789413455,-0.1031090281108861,0.038249351695746725,0.010918921221058281,-0.040225686493928395,1.0,0.8329914884588425,0.12398729166055993,0.1171376081657664,0.13780127899190445,0.04786861365862051,-0.08012428134962535,-0.06170861911363572,-0.0955284868858609,0.08222841331051296,0.06356837215618971,0.11055481360499855,0.1257102744159816,0.07446102546119035,0.3392686616375177,-0.054646324245438485,-0.06655803069599246,-0.10945821289560204,0.19433167017553316,0.21757050243773288,0.009892876006344368,-0.06212091634736367,-0.05726333956032428,-0.040351495052232324,0.655231397407332,0.5068695090857197,0.09623592040808432,0.004230487781870639,0.042299410751740596,0.27227148108540594,0.14601587841993438,0.1532625973710335,0.22207069975922106,0.0984112725707307,0.004802454906209048,0.05458200732224389,-0.10234297889829679,0.18158747795287777,0.015622089412243391
GROUNDNUT PRODUCTION (1000 tons),-0.15971949191782064,0.03743464182072237,-0.21307630606585218,-0.059693896063528325,-0.005286568149482006,0.058310013610010265,-0.13099035226835107,-0.0845229737005679,-0.027866208279887606,0.09850004072970107,0.08436271319148991,0.1412861435285528,0.07427280728970378,0.10618494034259952,0.26758837054290185,0.10671314032510605,0.120167470987547,0.1393178454751361,0.04108373435536265,0.09544294067973733,0.2534735124916963,-0.039112657348046045,0.011551240209714075,0.09878177530313124,0.1151967145162296,0.1313626778310666,0.22023817127760154,-0.08968872281583799,-0.06817608017806598,-0.18471664209681898,-0.025720810577408167,-0.010261694782088132,0.012317927175528553,0.05314116818161867,0.0011404874564723863,-0.0582419449949955,0.05708472614710904,0.05148136447185268,-0.00847755094733613,0.8329914884588425,1.0,0.2643458304524403,0.12164654954892956,0.18522882526978596,0.10923157809613629,-0.05612386411901164,-0.0389667287525916,-0.027754372716582397,0.036206229713503395,0.03312933261075718,0.06561125469434019,0.12406161015318377,0.10984306315267679,0.3790554797696456,-0.06607862320092757,-0.07510980544466414,-0.10290483273515821,0.12036292789805754,0.14709640586662287,0.040148575384408844,-0.05211499932676913,-0.04593155566374372,-0.028729077035915505,0.5237745356653408,0.6037922786188386,0.17781127672976374,0.021613054482233676,0.07017239185340647,0.2671993047706393,0.12740158441791152,0.21308233712584254,0.273040463460577,0.12015353140706615,0.04280169246074687,0.0911452527222599,-0.07669868887135026,0.17149410569719514,0.04893001834344891
GROUNDNUT YIELD (Kg per ha),-0.2350166219647412,0.29473712367651167,-0.22480675788002435,0.10384552271854222,0.22344802915569834,0.2312191637991197,-0.06046543677455438,-0.03273082961400362,0.05162648145827741,0.013023003932197035,0.057929277200981684,0.3172818500906092,0.03604679758151769,0.058486162080124686,0.2930877585428814,0.03489485188898121,0.07457436479115423,0.3701733285501667,0.042372820007502504,0.14377667938480962,0.2992309029639274,0.04943343064404549,0.14394129071815434,0.3235837498280536,0.0753424053343862,0.08278352304472962,0.21914282838631044,-0.08397500034276954,-0.01833783329623092,-0.04641819400194674,0.07515438910884763,0.10802527364786413,0.13632784945693155,0.06479884149343049,0.07001098270396938,0.08334959078537325,0.1941889383792152,0.23985499057868484,0.03334325601222379,0.12398729166055993,0.2643458304524403,1.0,0.15066875233059254,0.2551766500030479,0.23234823184211237,0.09336877111167731,0.11698381382144113,0.06168913240765975,0.0018587227810713742,0.01887340354899432,0.0929003682266603,0.11936424967732905,0.14165540010465272,0.23653537072395786,-0.04650091298946701,-0.03043806287418499,0.05629980699190847,0.009392932925200199,0.0314051993195524,0.22423869940641605,0.12268014705617684,0.13577797323868931,0.16663826139775914,0.1700421312376288,0.30890051899849813,0.3611627835513237,0.05834299792561125,0.10077272208811966,0.3485676188901553,0.1171331341215128,0.18175248658128138,0.30371609612369965,0.19917820968622627,0.1825722304790458,0.22422770733084624,0.03154909062565763,0.09666044439981422,0.0982952928080314
SESAMUM AREA (1000 ha),-0.07609196533556348,0.017959866107507414,-0.1111809236139414,0.009244367695896127,0.025261581272820993,-0.12634084495577758,-0.10999504441015549,-0.09906393983852076,-0.007947134565403094,0.15718995209840356,0.09746599645593618,0.04375970388258357,0.023644685191615746,0.031116039088070133,0.04496642793406024,0.09648418790227209,0.08462190828517037,0.04737278914173785,0.22640844623233514,0.16098265631457523,0.06371386007009451,-0.05378248244629642,-0.06044019432634888,-0.037008844200982695,0.01739346063426033,0.004246176788232232,-0.035305691953801004,0.02148351085712043,0.02798073554838253,-0.019720344810753895,-0.0055486192531647265,-0.011184452006065857,0.010907142749835057,0.06834828342357008,0.025927232197382705,-0.08226671481267137,0.3210754863869383,0.2630923826551744,-0.04562056394514057,0.1171376081657664,0.12164654954892956,0.15066875233059254,1.0,0.7783032611787248,0.09043540521719493,0.11186966889968403,0.09006255037208874,0.030204710659896744,0.043699529992914474,0.05024019926507484,0.03292245641998277,0.06673157115480527,0.08556825439587673,0.1888459693374623,0.06968988973097975,0.06831784549831216,0.023079034796227207,0.03920382767066517,0.03174018300648405,-0.004392663260237221,-0.06258786445515815,-0.05887043923714361,-0.00596610895615892,0.23172842153296647,0.14217686499229884,-0.002547122992281897,-0.09597793552359164,-0.07533151405843973,0.05858949041148063,0.08500029051834468,0.0705688062002636,0.13316842605925627,0.034273091500202774,0.1103768674420623,0.09103144315587271,-0.008461385416795997,0.05017399925453537,0.08270768987881326
SESAMUM PRODUCTION (1000 tons),0.05863008128265402,0.12621862360610944,-0.10222667401866713,0.15799977249619568,0.20963224052584778,0.013940060584885944,-0.11821815770131558,-0.08315711136569996,0.06508765614277953,0.05036638791114568,0.054387019935976236,0.052518281003625655,-0.0015809397644417575,0.011885247383548595,0.05236469506362939,0.024457076228937998,0.04420607831304601,0.05870172195175637,0.08702159633234478,0.1407166753650966,0.09619335888161025,-0.0693561724911481,-0.04217814559366658,0.03541754046473176,0.05216028389344778,0.04078384480508231,0.01021555428033373,-0.05667002836973743,-0.03273725397173432,-0.07046443162812407,-0.04281559403987223,-0.029817753634533845,0.043121730430675416,0.040487697769082245,0.019262925831029915,-0.0038108893722251297,0.22141775716603948,0.25021563032238997,0.029882655191655772,0.13780127899190445,0.18522882526978596,0.2551766500030479,0.7783032611787248,1.0,0.33491320275178915,0.12229428360951036,0.11149483242334834,0.09939817783776624,0.02094052552726198,0.02827115454924764,0.06423519650081815,0.07500771849884917,0.11551421923677815,0.2350656635881279,-0.00874649949599693,-0.0016913100374853398,0.018912796901069177,0.040133085539130385,0.038721611708918406,0.053322819135817615,-0.04949273197183307,-0.04434274412037136,0.006724982545139671,0.20684864968705777,0.19825823172774126,0.06832938870038469,-0.07814175978775575,-0.05164509615775791,0.16469030091262954,0.08192427557262395,0.10098604020953851,0.1451710884357765,0.0945243070740355,0.32806778066527126,0.27269217874100293,0.19042295221486535,0.08176758321948163,0.006703490344526751
SESAMUM YIELD (Kg per ha),0.21360407066472992,0.26395241200548153,-0.13789986256976686,0.20560859849342505,0.25526962092072014,0.2106425711404927,-0.042740981333220684,0.0015056234729365692,0.0810415018104546,-0.07114554043904034,-0.013499803665691153,0.0649560959878055,-0.0012135446055578758,0.018601007366889206,0.10158774035123821,-0.03537050666548502,0.0022705632959467126,0.06178982763170325,-0.05493017571221505,0.043611603586094824,0.06279795209343389,0.042397989359771085,0.1426429428918756,0.20437650881141786,0.1170587888455304,0.12809563402146487,0.1328442453386115,-0.15054977446875248,-0.1077923719991808,-0.12464535642519323,-0.027980536538109595,0.006090601068115193,0.07544881584150978,0.0007612328885764921,0.014197691839000454,0.10242861345663701,0.018125106062110215,0.1074334867178972,0.09049162999437854,0.04786861365862051,0.10923157809613629,0.23234823184211237,0.09043540521719493,0.33491320275178915,1.0,0.11270465166947029,0.1057577246015037,0.14758068029775603,-0.010010101367164001,-0.0014551391041881581,0.13574344916139006,0.01593270099292291,0.061828266511873106,0.19942524073322798,-0.08094480938183772,-0.04285876732025241,0.15314988702294868,0.051413944641676514,0.06626453464190293,0.11059633549136108,0.04512979583382685,0.05740225135317417,0.07154033908588646,0.08578582404672117,0.14607041465807608,0.11303321503787529,-0.06726959534410928,-0.03239279260861813,0.1760321953393173,0.04269722531465227,0.08932988710817386,0.1318005190444063,0.14108500856628922,0.3259015772670594,0.29671865305390277,0.15912996652442024,0.11094421908563953,-0.04919270189835556
RAPESEED AND MUSTARD AREA (1000 ha),-0.019277386145747148,0.15371392313854895,-0.013567234822780093,-0.06013613684456994,-0.037700619590809975,0.02456274528288446,0.268671327206669,0.29697088647641184,0.34603130762486106,-0.05139601274035676,-0.0788632716510163,-0.030624439155362317,-0.08672509131014877,-0.09229475498502585,-0.13740612920153325,-0.09249282215036639,-0.10779394793203227,-0.023109502260275302,0.28654828797909404,0.4945490560230412,0.18766032561487692,-0.0627965953990193,-0.0625636483447661,-0.06413657338393791,-0.08998181873079512,-0.08063950180775119,-0.1864173887385743,0.20069856275740758,0.3571026664819865,0.369952244238213,0.2209828248974612,0.21775252271490647,0.11765131932694517,-0.10291533939693766,-0.08023296756998635,0.06805309316331826,0.00814504464477833,0.03046537205020773,0.08841301479233317,-0.08012428134962535,-0.05612386411901164,0.09336877111167731,0.11186966889968403,0.12229428360951036,0.11270465166947029,1.0,0.9503662072406484,0.36570216081391,-0.06715247705025831,-0.05735755255775245,-0.07568720100664919,0.08367096032177403,0.13391382840757077,0.0926868778763946,-0.06362065132313575,-0.043631204715438215,0.14432552423623565,-0.05475062133949147,-0.06020208177716154,-0.048649555557910104,-0.002485859447084433,0.006231438367006842,0.05564251718309543,0.29975043418021496,0.3670056492804593,0.1257984772215413,-0.06933406011211649,-0.07664088706882913,-0.021539227168325487,0.07282600236717905,0.1301750352291673,0.09767688142799305,-0.10211771393120044,0.03973687747822616,-0.026092041532789993,0.060136088432782786,-0.021193647065483955,0.2749608557709384
RAPESEED AND MUSTARD PRODUCTION (1000 tons),-0.04630246348983872,0.17956036256625996,-0.03881822033323416,-0.08651845958623039,-0.045104691807842684,0.05929101172291326,0.2762114473097267,0.3279214553011778,0.35385315365119807,-0.038957331374325645,-0.0580397091098236,-0.0028383564050465005,-0.06806821769635035,-0.07249161631409472,-0.10562964730257542,-0.07165150915075405,-0.08185180809131117,0.005085635388992475,0.2663864405539171,0.5189008723485458,0.2238409523979808,-0.056067006099187564,-0.04679814759159198,-0.03594332259311287,-0.07574671213769875,-0.06657109253465364,-0.15525611146549756,0.16469206861101804,0.34404441146682807,0.37141193901502995,0.172428750962812,0.1788674071612965,0.12043385478835454,-0.08602345887994817,-0.06733449457872796,0.06664027169985068,0.00018873942007669318,0.026046310893440793,0.11124273516031673,-0.06170861911363572,-0.0389667287525916,0.11698381382144113,0.09006255037208874,0.11149483242334834,0.1057577246015037,0.9503662072406484,1.0,0.3909489040232664,-0.05369821471956297,-0.04518605108675148,-0.06865779163634703,0.10603776851659469,0.1621786572566656,0.11079855914838502,-0.061769301192012536,-0.04334440332611787,0.13273584224616597,-0.0431982995485732,-0.047339875800076474,-0.03922023431281539,0.016589979006668667,0.02644881033520165,0.05949719528059139,0.29440032036773633,0.39778017327682935,0.15008361467653134,-0.06130376823936406,-0.06405712042283661,0.005129126270433174,0.09521297688286307,0.15198940840757175,0.11535347101926523,-0.08603561130976492,0.023395938158332318,-0.0282478704109634,0.05898130482187674,-0.013538290299724313,0.2743928038344931
RAPESEED AND MUSTARD YIELD (Kg per ha),0.07771367171322337,0.34651562857117124,-0.08145902577280495,0.027779840150626556,0.09106694098358975,0.07294712265016749,0.46771690234798674,0.4883942143889224,0.7057121494749695,-0.20844485293879958,-0.1949407345478715,-0.04319617103590664,-0.19575218684497817,-0.1982019483039138,-0.21823720704789046,-0.25440883683964827,-0.2485120592420398,-0.006665049750026346,0.13033405589017863,0.26524641027761386,0.284031194959861,0.09033208965034664,0.049454644568495604,0.023181157854789892,-0.1661121830886052,-0.1484705614847521,-0.30517665195796334,0.10678505080570229,0.20401353313303014,0.5057820948332049,0.0680929172783122,0.12155996542344953,0.2610513400944062,-0.13848247890141627,-0.052209587572096566,0.2876292389427896,-0.05662508780537868,0.03166944059598557,0.2353931380160445,-0.0955284868858609,-0.027754372716582397,0.06168913240765975,0.030204710659896744,0.09939817783776624,0.14758068029775603,0.36570216081391,0.3909489040232664,1.0,-0.14331607804338806,-0.120293677383242,-0.14186546021056615,0.08968760593811052,0.1954960617903664,0.14654338636695705,-0.0837582925374027,-0.03237954597351421,0.21414171604459806,-0.11083264685348733,-0.10357235797533448,0.11255226947391751,0.07307549609130065,0.08082447162891544,0.07964978410493734,0.01661016903798487,0.16956005020956974,0.2104944525122183,0.04945184253579881,0.00921635156975537,-0.04007272380330124,-0.02511210696267299,0.11139763946088531,0.07549940281133759,-0.22192847808347188,0.0872189125468953,-0.056470289203061276,0.24675984183103972,-0.02464439497510442,0.17178391649076613
SAFFLOWER AREA (1000 ha),-0.11504911386340516,-0.058498656273689636,-0.10060332032525325,-0.11893129111403515,-0.10650202577430441,-0.08117715802593842,-0.051152758617285715,-0.07479002434240341,-0.10854606061522129,0.3502222516163432,0.39301747525891534,0.1475822587639018,0.6968511280242645,0.6438904767564779,0.10660146936943013,0.7172814383311855,0.6461055202618297,0.046254313263760775,0.14031839733207693,0.0784987759165078,-0.016761689987772797,-0.02045501888606037,-0.004069292316819023,0.0312919370851008,-0.028464106410072895,-0.029842043978193872,-0.0030376388908711564,-0.07740929048529877,-0.0699714860459034,-0.14366193090942994,0.08027424400285675,0.020677492518787158,-0.052233785019205656,0.4037796045487424,0.24603189232165779,-0.053035091906881576,0.19943276935711146,0.09942454869876031,-0.054556503176106635,0.08222841331051296,0.036206229713503395,0.0018587227810713742,0.043699529992914474,0.02094052552726198,-0.010010101367164001,-0.06715247705025831,-0.05369821471956297,-0.14331607804338806,1.0,0.8819740609943699,0.3243713241312938,-0.009724353774692104,-0.019863045150493714,0.052899437724218686,0.2017262368912999,0.17364844157593962,0.04118222215544406,0.3399368132811921,0.32508893407815165,0.01842805868203952,0.02302754294451145,0.027706926288578487,0.05250811359764157,0.2329392703454569,0.08670531252304108,-0.020774035838933703,0.05777693627105368,0.08374366299544315,0.18008959042613726,0.22423818442037605,0.06538961782515088,0.038860704713911495,-0.043086621077566584,-0.026904397893731002,-0.0401880267705603,-0.06057437451472295,0.13344833915333437,-0.014698969457311417
SAFFLOWER PRODUCTION (1000 tons),-0.12020689559498685,0.0033290502893724085,-0.08934918264255681,-0.11500717950522368,-0.09367843033200414,-0.0593777681516978,-0.04303666107391305,-0.06013406551870603,-0.07757521339564882,0.31770018027034197,0.39698279064108727,0.16819325844488814,0.589139819800776,0.5974197763266286,0.1116947538601157,0.6169700977409874,0.6213997106564191,0.07069878439420288,0.11761280378585749,0.08138809333618621,0.007059104674757397,-0.0049832917667597685,0.017657175239414104,0.047782994677010825,-0.03179590593488803,-0.028430803288674977,-0.017352168720026897,-0.06982347002134061,-0.06028341345605378,-0.12316274247607308,0.09391459192526724,0.04544905293218861,-0.031242022742249548,0.3988495441833549,0.278694957069136,-0.03376141056076419,0.1601122468268376,0.10393527876042825,-0.03540758618894156,0.06356837215618971,0.03312933261075718,0.01887340354899432,0.05024019926507484,0.02827115454924764,-0.0014551391041881581,-0.05735755255775245,-0.04518605108675148,-0.120293677383242,0.8819740609943699,1.0,0.40100059961088635,-0.012615031695050268,-0.016857628748340594,0.057838636094542775,0.1680499644950024,0.15298158016438496,0.047995002328174816,0.3709369219221922,0.36429178065525714,0.049117506122696386,0.04351428631190209,0.05159898556677911,0.09304872998484844,0.213352522577543,0.10582064291145496,0.0032069154236424803,0.06568005010967322,0.09163769417614787,0.16175127135437525,0.21253587355367223,0.0858669151837636,0.05359482910895157,-0.03215424027401579,-0.021833100931159366,-0.031143347217073434,-0.054521620415275425,0.14525455516515023,-0.014190640487662288
SAFFLOWER YIELD (Kg per ha),-0.053217315946000474,0.11606648934061424,-0.06652252756015603,0.024138395010995677,0.03114690871574549,0.015311286648656648,-0.14271446680585503,-0.1229794640997656,-0.0904118941138304,0.23429447883236454,0.32745522139029515,0.2152090540025265,0.34024414831287775,0.3950015511116059,0.16775802450708852,0.3808021869437578,0.4541375508498548,0.13236108676496253,0.0213910775233017,0.010800763037876903,-0.01988483745992784,0.07511159232817052,0.1636819595253658,0.16319632867707715,0.037840039818462144,0.027540319437529368,0.07074443987205595,-0.1390555676755825,-0.12207120505717714,-0.2082247000573807,0.07787654870418202,0.07106511507617475,0.03824215115813831,0.3557359713182475,0.2889962028578772,0.008290415767362011,0.1346651400946161,0.12204858227182849,-0.01765826586114508,0.11055481360499855,0.06561125469434019,0.0929003682266603,0.03292245641998277,0.06423519650081815,0.13574344916139006,-0.07568720100664919,-0.06865779163634703,-0.14186546021056615,0.3243713241312938,0.40100059961088635,1.0,0.051504686426327016,-0.006435332599097303,0.11610920145363716,0.05648334493785219,0.04014874685541051,0.04669679073467042,0.29225170399078193,0.30842801243923107,0.15531680250707633,0.11753150890852372,0.1284046148390178,0.2038212590434035,0.17916869027173848,0.11054308419636111,0.03628661207489595,0.03363370350541405,0.07079262852658307,0.18571512756423925,0.2390048582129854,0.13631331844836533,0.11025285113038998,0.026896252912868623,0.13079163375139197,0.10413995104067081,-0.020091798274296094,0.2441972540756455,-0.07987898739161672
CASTOR AREA (1000 ha),-0.10586509005281151,0.05413563806545724,-0.009376739594828936,-0.052777358261325326,-0.02645701918727953,0.006127923422506272,-0.07262338976425119,-0.04627677140962114,0.0057173015496960805,0.11235686196220683,0.03955628078233241,0.02311559241308659,0.01482587693973644,0.015303189449049074,0.08319038822877205,0.06837726795301197,0.03676569083125217,0.024328443698134288,0.13670880482251355,0.17840748327784584,0.10985548445257218,-0.0070152997458923895,0.00494506292434483,0.0353092162035746,0.031160675580914617,0.023517879396582186,0.0270603052518685,-0.06524730860270414,-0.05730006905209314,-0.0806741254958168,-0.05068275481301876,-0.0402054039342267,0.005262140314408101,0.06299303157711483,0.014083088315840056,-0.0359377141075525,0.055663302395740834,0.035976532553611135,-0.02051730218095462,0.1257102744159816,0.12406161015318377,0.11936424967732905,0.06673157115480527,0.07500771849884917,0.01593270099292291,0.08367096032177403,0.10603776851659469,0.08968760593811052,-0.009724353774692104,-0.012615031695050268,0.051504686426327016,1.0,0.7723914585918428,0.3345530804425938,-0.05055028492680529,-0.057513248112490645,-0.08477102268116646,0.020226675162144218,0.03202622366902248,-0.024070027475897888,-0.04290825965671571,-0.040252421510130004,-0.049857587655606404,0.2059203525832043,0.2173050379083738,0.08646540142834018,-0.060684938764426544,-0.05320346320034523,-0.01499743908496813,0.09709727230208245,0.13155872263308308,0.15465454130540432,-0.012559526041060422,-0.016918531518242245,-0.018856506759595933,0.007637325396151706,0.012837197065169437,0.07216578142814088
CASTOR PRODUCTION (1000 tons),-0.0688973327610021,0.098197729683036,-0.11497392895452037,-0.0769196324795085,-0.059876622753557054,-0.03707600705799002,-0.022128616571970353,-0.008486525879753827,0.09751041730721258,0.008409490080877734,-0.008589685908387601,0.03287489125178174,-0.01925994655015973,-0.01808864471201532,0.0444374985884319,-0.009410408321620546,-0.01565177833778154,0.03594296037755022,0.13167844900777056,0.22654195325548349,0.15473903210677356,-0.009867303439854232,-0.005248006938597881,0.011574801676811623,-0.010301304643195128,-0.007160763890413419,-0.038023770098028944,-0.044632246088987235,-0.03858177546416725,-0.04440762769711757,-0.04211400555749705,-0.034908672256238796,0.029384344443913836,0.004890811386268066,0.0034036873619667342,0.029430121829068404,0.019087090908051996,0.022887553101977196,0.0062610006958318054,0.07446102546119035,0.10984306315267679,0.14165540010465272,0.08556825439587673,0.11551421923677815,0.061828266511873106,0.13391382840757077,0.1621786572566656,0.1954960617903664,-0.019863045150493714,-0.016857628748340594,-0.006435332599097303,0.7723914585918428,1.0,0.4500817104605546,-0.0414303850435818,-0.04629789364938237,-0.06885128024109412,-0.0054072669937291545,-0.0035520326836512434,-0.0500198755156709,-0.03230028040221183,-0.03024354186951325,-0.032947620014256856,0.1540104017135118,0.2460980271867823,0.11833338391297336,-0.048056264252285964,-0.04406765340035383,-0.05088608183406098,0.11143311680222912,0.17929014042341931,0.18144218072692422,-0.021572983344430564,-0.011531470531541516,-0.02028722991008311,0.0647494517139884,-0.0033587132604293137,0.07915383644063329
CASTOR YIELD (Kg per ha),-0.125215953170407,0.1508383038552145,-0.2812297850889105,-0.089405581804561,-0.06602323372146744,-0.019912853915405756,-0.15141143987045536,-0.10561091407763289,0.050925824738716485,0.058552469825886334,0.05525178463920775,0.1340945757435227,0.07549010488863307,0.09461882302924829,0.23494845975203268,0.08955391989401933,0.09476215186165704,0.12464667635079452,0.13407380445956396,0.19808398965276125,0.20706717027998853,0.08297079190443866,0.10393976407755513,0.1114502431562824,0.162909923461636,0.1818397739511134,0.07689078448466993,-0.10490132724061946,-0.04537674969964586,-0.17656383358076239,-0.03741800259785241,-0.03509306694456382,0.043395660490912986,0.12435268693408942,0.10255657411449118,0.03824800968698637,0.08917569185070875,0.07419164932594853,0.0005539764438676358,0.3392686616375177,0.3790554797696456,0.23653537072395786,0.1888459693374623,0.2350656635881279,0.19942524073322798,0.0926868778763946,0.11079855914838502,0.14654338636695705,0.052899437724218686,0.057838636094542775,0.11610920145363716,0.3345530804425938,0.4500817104605546,1.0,-0.03801722078795484,-0.05162688438903206,-0.04967996578155725,0.11485755232361404,0.10811525036129298,0.0007352469154031841,-0.05316764083493012,-0.04489869539380278,-0.010528710294374006,0.2868086305302459,0.33064615102016626,0.1599940795553148,-0.0375558073472568,-0.0019720173022187365,0.18518458095009394,0.26707054584275064,0.32867840973840645,0.32380418528613397,0.04932206188880365,0.030104546907922233,0.040394842409974825,-0.04629140507997897,0.14217338479372768,0.12226625521539504
LINSEED AREA (1000 ha),-0.183248599454197,-0.13788741575732838,-0.0715936926129172,0.14199360287803298,-0.013167891324807498,-0.18270956569150454,0.024005439476244884,-0.07672287319356025,-0.1515084236503622,0.1635335182201003,0.12337852468488189,0.11370946380468783,0.12451270546965035,0.112024399393991,-0.05219219178627543,0.17718098506626212,0.149152513666437,0.09227848643554809,-0.05775848573535669,-0.07316548109649709,-0.10591369353493761,-0.05773042225407688,-0.06514510557861193,-0.07281697815518426,-0.08085366029726682,-0.07437938045662616,-0.11370744648183176,-0.0069601912182178155,-0.03940753104622392,-0.04897338099632433,0.17136948420946038,0.1066983796835768,-0.027916078918581486,0.15533679424032995,0.1189462359105848,0.06745066312601805,0.23509224364231615,0.13254716409971157,-0.0645360220729329,-0.054646324245438485,-0.06607862320092757,-0.04650091298946701,0.06968988973097975,-0.00874649949599693,-0.08094480938183772,-0.06362065132313575,-0.061769301192012536,-0.0837582925374027,0.2017262368912999,0.1680499644950024,0.05648334493785219,-0.05055028492680529,-0.0414303850435818,-0.03801722078795484,1.0,0.8883226345666491,0.13459437634588947,0.04895320971019415,0.03394252266379369,-0.07506565618837428,0.010974585760037323,0.002120021372355441,0.0581785776194216,0.061276159250098626,-0.04367146983419477,-0.1100462717447791,-0.0838441961459339,-0.08118950315481473,-0.0751591661973819,-0.005804042188739328,-0.05746783954840066,-0.12250426656028057,-0.11844281003258168,-0.07523517790169212,-0.11352394727110827,-0.08392856087841777,-0.02855922760014838,-0.07492394421576588
LINSEED PRODUCTION (1000 tons),-0.15681420116852948,-0.07630074355165545,-0.12419767567680685,0.08721723177920217,-0.025736199656691675,-0.1791816434271154,0.0870600866587067,-0.042569778724659744,-0.10039686914243502,0.1762114289302497,0.14002756848082373,0.14720784458201952,0.09861005540485764,0.09149044974542543,-0.06930680639243544,0.16309163533858537,0.14832570534397757,0.12878378744156507,-0.06748840057898983,-0.07731448447444711,-0.0778144496680838,-0.03436891439150254,-0.04102835450521232,-0.05162517265758377,-0.08899350464487356,-0.08212122340499046,-0.12085509966407625,-0.002789164346876259,-0.02967266830078655,0.0054318888961675214,0.22941361177434144,0.18314577704530632,0.014863863959920669,0.14117465011792288,0.12727496776946037,0.1107585324947435,0.19914239230829964,0.16208344492187124,-0.03318255049256197,-0.06655803069599246,-0.07510980544466414,-0.03043806287418499,0.06831784549831216,-0.0016913100374853398,-0.04285876732025241,-0.043631204715438215,-0.04334440332611787,-0.03237954597351421,0.17364844157593962,0.15298158016438496,0.04014874685541051,-0.057513248112490645,-0.04629789364938237,-0.05162688438903206,0.8883226345666491,1.0,0.2705441800357302,0.04683430414670556,0.03513262639067166,-0.045186425584315446,0.060599334912549215,0.04757739401903005,0.10818743244528473,0.06439079559240447,-0.02227156811529485,-0.0924133539622041,-0.09095927978775376,-0.08996241706242555,-0.08538005209994083,-0.026405836627153862,-0.06788073311096039,-0.12995008086114831,-0.12935422473977923,-0.06735103409918496,-0.11411973627140469,-0.07182747688669178,-0.027904814079048438,-0.07065104489444547
LINSEED YIELD (Kg per ha),-0.02315566120554821,0.18459362515785827,-0.09213284224678152,-0.007501961875172302,-0.030759095077597956,-0.08031554171136242,0.23065290633865285,0.12596238510548924,0.2206671304576423,0.06124015180819789,0.06548728149729237,0.17296283745287339,0.025593890835248403,0.020830836537495692,-0.1409141506111518,0.049608196836670185,0.05638537579300617,0.15900831460714504,-0.03035389920487738,-0.0034325604309369618,0.06476987171778804,0.1467930730131565,0.11898561882276233,0.05149492045452744,-0.1295466851545068,-0.1267601169017791,-0.1794234294781052,0.024951132369058153,0.05797905806949069,0.2481829784404055,0.19951291120513776,0.23467184165929153,0.17302303321048754,0.029527884093415085,0.05821839743685124,0.1985387960860323,0.10209988522238268,0.15539854800665515,0.02379721829062951,-0.10945821289560204,-0.10290483273515821,0.05629980699190847,0.023079034796227207,0.018912796901069177,0.15314988702294868,0.14432552423623565,0.13273584224616597,0.21414171604459806,0.04118222215544406,0.047995002328174816,0.04669679073467042,-0.08477102268116646,-0.06885128024109412,-0.04967996578155725,0.13459437634588947,0.2705441800357302,1.0,0.009132333960448814,0.010104392668121706,0.09109171371830643,0.24609804633432633,0.2403952816499686,0.2268269338754637,0.07573893813246049,0.08443192944668955,-0.0024932468182486994,-0.030121922619801074,-0.04573905337184619,-0.03208354087424979,-0.07183045739549046,-0.09269785098174282,-0.0765676274845352,-0.13808976765080924,0.03835598038268209,-0.047403928354219825,0.031833319530188225,0.018794592371372786,0.002667622028236427
SUNFLOWER AREA (1000 ha),-0.10142009244984619,0.07670798248125678,-0.12355094539116333,-0.05462900854297086,-0.017301751064497824,0.08528701846229074,-0.06387020048035928,-0.059530164408166865,-0.09717053193045326,0.12929327285966782,0.17592821542859186,0.18195902946884002,0.40237916750801855,0.5075389097398875,0.15368260000974263,0.37851784864826166,0.41726896403309244,0.08911666975057125,0.03903479868044706,0.03718542868339815,0.04072086100061712,0.08177925396843473,0.13379405658730686,0.1485210398324215,0.02022056440751069,0.023460379699910303,0.0592039261358275,-0.06333178654652052,-0.056192583565803755,-0.11284919475168152,0.1287155255203911,0.09117676022784411,-0.013116255221383018,0.33421689841391544,0.19398822441271973,-0.053922406441264226,0.0715745819109514,0.03351348420118377,-0.031317994947276245,0.19433167017553316,0.12036292789805754,0.009392932925200199,0.03920382767066517,0.040133085539130385,0.051413944641676514,-0.05475062133949147,-0.0431982995485732,-0.11083264685348733,0.3399368132811921,0.3709369219221922,0.29225170399078193,0.020226675162144218,-0.0054072669937291545,0.11485755232361404,0.04895320971019415,0.04683430414670556,0.009132333960448814,1.0,0.9326099643366808,0.08015059518080278,0.0005139788472327296,0.00042220646442700684,0.07496654979457046,0.34604380612598745,0.16072578045053623,0.0013220177942131007,0.0642258147813975,0.08909322168718596,0.14249145585666512,0.0705172952032049,0.038962323043650625,0.08849103982220387,0.02604373549877813,0.04067380460488958,0.04248863085731918,-0.044354264231437596,0.25454515495544733,-0.04460909869388701
SUNFLOWER PRODUCTION (1000 tons),-0.10786842246566528,0.10101915633480471,-0.13200359950810428,-0.045353049732119656,0.00671073322804883,0.12653899208108157,-0.06221073845027287,-0.048152713958373485,-0.08766775133835909,0.1336024157504067,0.19592438291781178,0.20952209344261882,0.3759374034566424,0.49827550364578377,0.18746272714961082,0.35985624755074597,0.4260933878264552,0.11684875027457489,0.024797717209663016,0.028405714652435493,0.06237520577734099,0.09381312483059491,0.16398631395858973,0.19062554333956305,0.029082541373599752,0.035870264381300115,0.09600019644527379,-0.07176254514220588,-0.06180218097754739,-0.12047141672245808,0.13202306016881818,0.11592317865193767,0.006206259409854874,0.3366188480383152,0.20929293023367337,-0.043124353428511106,0.06695496403602337,0.04069222344095755,-0.020761585984581398,0.21757050243773288,0.14709640586662287,0.0314051993195524,0.03174018300648405,0.038721611708918406,0.06626453464190293,-0.06020208177716154,-0.047339875800076474,-0.10357235797533448,0.32508893407815165,0.36429178065525714,0.30842801243923107,0.03202622366902248,-0.0035520326836512434,0.10811525036129298,0.03394252266379369,0.03513262639067166,0.010104392668121706,0.9326099643366808,1.0,0.15041202485394978,0.0011493824575036613,0.0037905701098408726,0.08388950724480349,0.3440177095659517,0.18438448981463515,0.026195402273890937,0.07054802355238954,0.0970469002947817,0.16385356721253116,0.07850685832639862,0.05152213119785843,0.10768488879164867,0.05082482139857314,0.05991543301256883,0.06830465630117664,-0.03333633697802988,0.2568858934091154,-0.04753187340124532
SUNFLOWER YIELD (Kg per ha),-0.012300503358904126,0.3819471259963648,-0.010307075418143593,0.15445517044193513,0.30258157733751,0.39595271758335043,0.16292860911554513,0.1963103656801351,0.1830093708881337,-0.06289116954969476,0.004615874758446287,0.16433815825235948,0.022163983581786374,0.048700594600986816,0.1615574737252084,-0.013458182466436507,0.032518505193290796,0.19452469167953707,-0.08739276676190293,-0.03736527327276224,0.2474259430307001,0.08962915485926819,0.22484318467958728,0.3809117738891909,0.037282442926300535,0.07001219545450027,0.14938592794579564,-0.09137380779616794,-0.030861669904161403,0.09718178880658185,-0.08013096997104598,-0.050965324654888615,0.1568016686589891,0.06644241399866417,0.07396654771298047,0.18750673270291268,0.03854894506558077,0.1544440112656284,0.15085944557057984,0.009892876006344368,0.040148575384408844,0.22423869940641605,-0.004392663260237221,0.053322819135817615,0.11059633549136108,-0.048649555557910104,-0.03922023431281539,0.11255226947391751,0.01842805868203952,0.049117506122696386,0.15531680250707633,-0.024070027475897888,-0.0500198755156709,0.0007352469154031841,-0.07506565618837428,-0.045186425584315446,0.09109171371830643,0.08015059518080278,0.15041202485394978,1.0,-0.03556545501248524,-0.023402708169188498,0.06797768817607673,-0.04364914013773242,0.01143069489324714,0.20244673224814855,0.19393928103422353,0.2119356336451885,0.29705104006274236,0.0018106982803085243,0.024503047379216814,0.099938010271873,0.19637089295312937,0.23697683999635755,0.26029672660697517,0.21644043141115663,0.06579227799338759,-0.07960476844215489
SOYABEAN AREA (1000 ha),-0.18819095666300797,0.23572130064206603,-0.14036638097291315,-0.16332484120180274,-0.14508428090416084,-0.15508044669839124,0.0979685925555738,0.06679709837045561,0.1309945299893417,0.05420039682704418,0.09451092952296711,0.2361924205429394,0.008530906994974911,0.019053265400625106,0.06302865603199583,0.03279778531018717,0.07476739943510895,0.22750544426066063,-0.07689710807576591,-0.07434987707923375,-0.009595631764502498,0.07013083253088412,0.06456190572240872,0.048594836715783934,-0.06717664429589451,-0.05816237045570653,-0.1271275338995146,-0.08764510068246961,-0.07151563493899912,0.04839721884240242,0.316766847633279,0.3965161215790973,0.10577188946171152,0.1781001400827695,0.212908268271422,0.059437065159777376,-0.0032917242005750195,0.04768308118773125,0.017126553142225758,-0.06212091634736367,-0.05211499932676913,0.12268014705617684,-0.06258786445515815,-0.04949273197183307,0.04512979583382685,-0.002485859447084433,0.016589979006668667,0.07307549609130065,0.02302754294451145,0.04351428631190209,0.11753150890852372,-0.04290825965671571,-0.03230028040221183,-0.05316764083493012,0.010974585760037323,0.060599334912549215,0.24609804633432633,0.0005139788472327296,0.0011493824575036613,-0.03556545501248524,1.0,0.9373984510062489,0.4248961612337759,0.4114304654947017,0.41796493891223685,0.08981082109753169,-0.037379946780754424,-0.031475178846619566,-0.05821659591680711,0.10920480111497403,0.07881104625711505,0.031013460780362996,-0.08594615744068379,-0.075966115544821,-0.09640806182473498,-0.05743003390267742,0.02437241979295314,-0.023598149218029954
SOYABEAN PRODUCTION (1000 tons),-0.17418181202486813,0.22688585076979162,-0.12702652211651996,-0.1534373224379262,-0.13368562188576005,-0.13066757879285834,0.09446250857566174,0.07077826098517861,0.14129369341078724,0.04656855609084085,0.09712414880844035,0.2467951906265794,0.013055135527202067,0.026964875379814946,0.07240311084852233,0.03264299398887517,0.08132533342691495,0.2348762468541922,-0.06924271905533608,-0.0653927741243864,0.002866316579856406,0.0711920906991676,0.07737792786056599,0.06407168676460821,-0.06060811412196714,-0.052247459334865215,-0.11015511989618922,-0.08240342682259184,-0.06628890220580745,0.048834916994208825,0.29484404763734856,0.383041213729101,0.11085676017456046,0.16427533360041285,0.21692722578784462,0.06677880850706763,-0.005027527869298423,0.05139120908518481,0.0237883624098455,-0.05726333956032428,-0.04593155566374372,0.13577797323868931,-0.05887043923714361,-0.04434274412037136,0.05740225135317417,0.006231438367006842,0.02644881033520165,0.08082447162891544,0.027706926288578487,0.05159898556677911,0.1284046148390178,-0.040252421510130004,-0.03024354186951325,-0.04489869539380278,0.002120021372355441,0.04757739401903005,0.2403952816499686,0.00042220646442700684,0.0037905701098408726,-0.023402708169188498,0.9373984510062489,1.0,0.469109858534143,0.37598399679294636,0.44427978175533617,0.11330610409130873,-0.025517170879480855,-0.015623045728075682,-0.0404205442238658,0.09934670099917432,0.08454402448882806,0.046128408834438646,-0.07703299128341409,-0.06858087597903612,-0.08669517230655382,-0.04951111499991866,0.02754855995041967,-0.022606928251555684
SOYABEAN YIELD (Kg per ha),-0.2361786333431167,0.3689162480011828,-0.056072460727323754,-0.13642201890668745,-0.1163557876018054,-0.05418315377624595,0.020703891305852557,-0.004997711962592666,0.14239833278353745,0.05096394656341797,0.1518367292731244,0.31402918416282183,0.11460911902019634,0.15577388401268535,0.09686399831066747,0.11421565459431558,0.1943967340881428,0.2880518885148424,-0.06327903773841692,-0.012314429233686211,0.07413781906969262,0.16161994927981937,0.1975203835583746,0.16302199862934943,-0.04598736733037257,-0.026808887176693368,-0.04812995716206427,-0.09044486623292751,-0.05338914094758025,0.07899154757367778,0.2316885949624052,0.2941411805355775,0.14873913161659227,0.17916091128586079,0.2030137366282699,0.07781150170998936,0.02698401162387062,0.11908869385316097,0.07497804430459558,-0.040351495052232324,-0.028729077035915505,0.16663826139775914,-0.00596610895615892,0.006724982545139671,0.07154033908588646,0.05564251718309543,0.05949719528059139,0.07964978410493734,0.05250811359764157,0.09304872998484844,0.2038212590434035,-0.049857587655606404,-0.032947620014256856,-0.010528710294374006,0.0581785776194216,0.10818743244528473,0.2268269338754637,0.07496654979457046,0.08388950724480349,0.06797768817607673,0.4248961612337759,0.469109858534143,1.0,0.1856105190671892,0.23334486018664044,0.11500298068844465,0.03511392231987837,0.07420076208577482,0.012948250211490724,0.1100098886032419,0.10154240138030542,0.04339811820203985,-0.10116673579815155,-0.09468730765581353,-0.11732064129234696,-0.092803335474381,0.11537626930868593,-0.08912648238918804
OILSEEDS AREA (1000 ha),-0.2727668503772534,0.1081592605646074,-0.2721153084507752,-0.1881537498440128,-0.15068017787815316,-0.0732360661084929,-0.03688864578767183,-0.021644891066397543,0.01977723034500376,0.24879128656813485,0.21281652628339115,0.22870048418829453,0.21697282121652847,0.2508293757719261,0.21008916928216453,0.29229385677470476,0.2917638908625902,0.17949320200634128,0.16577481403973168,0.23347540667731884,0.1702254392942085,-0.030637764887463097,-0.004440983286495224,0.04017933233213566,0.03025418995012029,0.03341914327856706,0.022235747279516552,-0.06934675583397976,-0.0007446507368149559,-0.0857312112208857,0.23536715477080836,0.23096804692925885,0.02767296515128219,0.23043695607194736,0.11892635273321803,-0.08832608760349074,0.13050484867444592,0.07712480634062484,-0.01628137517600629,0.655231397407332,0.5237745356653408,0.1700421312376288,0.23172842153296647,0.20684864968705777,0.08578582404672117,0.29975043418021496,0.29440032036773633,0.01661016903798487,0.2329392703454569,0.213352522577543,0.17916869027173848,0.2059203525832043,0.1540104017135118,0.2868086305302459,0.061276159250098626,0.06439079559240447,0.07573893813246049,0.34604380612598745,0.3440177095659517,-0.04364914013773242,0.4114304654947017,0.37598399679294636,0.1856105190671892,1.0,0.8137605648477795,0.17990695553214606,-0.06461786477835942,-0.027289880407070838,0.16865082607582352,0.22126192484414914,0.19643959757519724,0.2272794872578912,0.051567435555687685,-0.004947405607108713,0.023725846983302632,-0.13421947509334728,0.17399544531211789,0.09505370355590369
OILSEEDS PRODUCTION (1000 tons),-0.23805515940680627,0.2154683154059669,-0.26808070647629395,-0.1456217983159234,-0.07034580896752986,0.0018666974328399866,0.041203621825860015,0.0801075558616944,0.1613977256187196,0.11304238688459406,0.1312190117189147,0.25041502065079635,0.08216770705913867,0.11697312622924819,0.23056578465265812,0.12051989046022174,0.15791711718701282,0.2458381560838679,0.12746574348191034,0.26969549477412974,0.2594630497176794,-0.01836305226511526,0.033325553574610985,0.10620574665694212,0.023810698293161955,0.0387198026084993,0.028146502152426853,-0.062174888105425694,0.03088698926666574,0.004351394066895804,0.1873152304688227,0.2210686447732003,0.10210735364397726,0.12384219727523696,0.08761943628975634,-0.001785254981417847,0.06180715546956862,0.08476170186107526,0.05448427112012165,0.5068695090857197,0.6037922786188386,0.30890051899849813,0.14217686499229884,0.19825823172774126,0.14607041465807608,0.3670056492804593,0.39778017327682935,0.16956005020956974,0.08670531252304108,0.10582064291145496,0.11054308419636111,0.2173050379083738,0.2460980271867823,0.33064615102016626,-0.04367146983419477,-0.02227156811529485,0.08443192944668955,0.16072578045053623,0.18438448981463515,0.01143069489324714,0.41796493891223685,0.44427978175533617,0.23334486018664044,0.8137605648477795,1.0,0.448013684963923,-0.029193361347861112,0.009905921694573765,0.1839014441168982,0.20043009309100418,0.26062030174561546,0.28901959869114335,0.04697594536356309,0.010121735514267727,0.030903833298572554,-0.07039685657541862,0.13330837948762414,0.12998632105009644
OILSEEDS YIELD (Kg per ha),-0.14753875340543576,0.2639980429004111,-0.1988759425091883,0.04567629771451509,0.18908216404856348,0.2373571270585654,0.060025681716813974,0.13131486584922641,0.1748334438613571,-0.022350714157758154,0.025985818521670742,0.17678309120098043,-0.006539739647329605,0.012398224068000318,0.2854333676591457,-0.015307434758068455,0.025373329706936853,0.2787286056378602,0.026587043130065525,0.12575501265889813,0.2086867053678959,0.018173226165445668,0.12025310486934584,0.29182981733943003,0.027525870517707423,0.04188850267513972,0.04835807502883058,-0.12129491011627908,-0.028731393563895424,0.032981344959169524,-0.019615799546357424,0.009496163846614256,0.13290897251378433,0.00405143861375701,0.00722911722337551,0.05293939096169508,0.033133146290482404,0.12911547325835618,0.1684104041580234,0.09623592040808432,0.17781127672976374,0.3611627835513237,-0.002547122992281897,0.06832938870038469,0.11303321503787529,0.1257984772215413,0.15008361467653134,0.2104944525122183,-0.020774035838933703,0.0032069154236424803,0.03628661207489595,0.08646540142834018,0.11833338391297336,0.1599940795553148,-0.1100462717447791,-0.0924133539622041,-0.0024932468182486994,0.0013220177942131007,0.026195402273890937,0.20244673224814855,0.08981082109753169,0.11330610409130873,0.11500298068844465,0.17990695553214606,0.448013684963923,1.0,0.07046274491518505,0.10088248697609828,0.23550252289611498,0.09698495342007848,0.15430796112055298,0.2591501876125172,0.175921117524482,0.04730137848822656,0.12134938401521599,0.022702712893924407,0.041018844122044165,0.06818500895809991
SUGARCANE AREA (1000 ha),-0.10735150558265762,0.09521118087171311,-0.02348366055372683,-0.009259409990067972,0.038326171581769465,0.18190753464506598,0.2048596919944903,0.16698847564928473,0.16061188243599325,-0.04446641232155359,-0.0026870721810301717,0.10292260169595277,0.15563378996967472,0.16810981273594253,0.07780481564094704,0.10079986561966071,0.09871506203541641,0.08127960086469997,-0.035788206207893074,-0.02870681728695322,0.16241538480007536,0.06842061681686602,0.07927310111414194,0.08153706786596819,-0.013586145299573096,-0.003199445066660337,0.04159110265089145,-0.012955556095504467,-0.020994242782742947,0.13158727211158774,-0.043683266458357524,-0.05420028709235008,0.060772291410458354,0.03428910893975108,0.03018027739832723,0.1076000202708404,-0.06665949128460412,-0.04165175278735677,0.02099070910108494,0.004230487781870639,0.021613054482233676,0.05834299792561125,-0.09597793552359164,-0.07814175978775575,-0.06726959534410928,-0.06933406011211649,-0.06130376823936406,0.04945184253579881,0.05777693627105368,0.06568005010967322,0.03363370350541405,-0.060684938764426544,-0.048056264252285964,-0.0375558073472568,-0.0838441961459339,-0.09095927978775376,-0.030121922619801074,0.0642258147813975,0.07054802355238954,0.19393928103422353,-0.037379946780754424,-0.025517170879480855,0.03511392231987837,-0.06461786477835942,-0.029193361347861112,0.07046274491518505,1.0,0.960855406064995,0.23512165127620746,-0.05645868468820423,-0.0417956838240625,0.0395197001679763,0.0901355179772769,0.0008109206312284838,0.04977774976074352,0.014292583728639797,0.054345776540786546,0.05203989580600894
SUGARCANE PRODUCTION (1000 tons),-0.12878512345805304,0.13017554709862986,-0.04003014975144529,-0.015921735436771535,0.05404955559226249,0.21886166459900425,0.13622816963000262,0.1263456077840532,0.12084018040907114,-0.016992827908267102,0.029241301688302176,0.1346636183612484,0.21850427089069438,0.2375175208406924,0.14163208844002823,0.16367089027109283,0.16168507257594794,0.10089513691992268,-0.017490593396082554,-0.010232932034607326,0.16483106213158386,0.05651264505017954,0.09605275318228601,0.12027877735235681,0.020978077551682222,0.035255878907246976,0.10812583967435156,-0.05961376617629293,-0.05165134954973712,0.08009509950793042,-0.04623512246755961,-0.05925329471697262,0.03990408253930004,0.04190548916852471,0.029224884285675212,0.07122796303266868,-0.046437815727498194,-0.0224803617402457,0.02689628206200158,0.042299410751740596,0.07017239185340647,0.10077272208811966,-0.07533151405843973,-0.05164509615775791,-0.03239279260861813,-0.07664088706882913,-0.06405712042283661,0.00921635156975537,0.08374366299544315,0.09163769417614787,0.07079262852658307,-0.05320346320034523,-0.04406765340035383,-0.0019720173022187365,-0.08118950315481473,-0.08996241706242555,-0.04573905337184619,0.08909322168718596,0.0970469002947817,0.2119356336451885,-0.031475178846619566,-0.015623045728075682,0.07420076208577482,-0.027289880407070838,0.009905921694573765,0.10088248697609828,0.960855406064995,1.0,0.3119825921491799,-0.04414783023946143,-0.030656285182800537,0.08152882950811957,0.11518924037433592,0.013949529018792768,0.07185136617351197,-0.004269718635606527,0.08984297265173968,0.0473096904657768
SUGARCANE YIELD (Kg per ha),-0.17934921215904065,0.09954772726596771,-0.28522303821805856,0.12999167230021139,0.26238773339856847,0.38939201885569713,-0.002340963549609047,0.06528848735421146,0.050306116013886494,0.186104072761771,0.21833678082549215,0.28773320566125143,0.23496293862618967,0.2530062885543326,0.36985311432887,0.275472781269936,0.29783439539234263,0.264619931097322,-0.05813221756609755,0.04275900588851055,0.27567048092375224,0.03360133740048978,0.11722637138725323,0.3010802069519022,0.25394212703954727,0.2519544659946372,0.3190588797815836,-0.11185111578735916,-0.0505059209940646,-0.14914794375137008,-0.08942115867437703,-0.0902622748212992,0.0487275687076323,0.15757397067390333,0.11191157666807332,0.10225403052646473,0.06783681959820508,0.10704285452918777,0.04651024525514005,0.27227148108540594,0.2671993047706393,0.3485676188901553,0.05858949041148063,0.16469030091262954,0.1760321953393173,-0.021539227168325487,0.005129126270433174,-0.04007272380330124,0.18008959042613726,0.16175127135437525,0.18571512756423925,-0.01499743908496813,-0.05088608183406098,0.18518458095009394,-0.0751591661973819,-0.08538005209994083,-0.03208354087424979,0.14249145585666512,0.16385356721253116,0.29705104006274236,-0.05821659591680711,-0.0404205442238658,0.012948250211490724,0.16865082607582352,0.1839014441168982,0.23550252289611498,0.23512165127620746,0.3119825921491799,1.0,0.18354090449815166,0.13030908847639278,0.259329284597634,0.19695141064677277,0.1800570879871067,0.23173975626618193,0.060999982376640796,0.1753226743011067,-0.05883133912307279
COTTON AREA (1000 ha),-0.213191034940282,0.05265073658388859,-0.21078610799600486,-0.1544844494996405,-0.06639211555335504,-0.020700285340498753,0.10215465884321354,0.14177286744187736,0.04197295215303534,0.41115575784421104,0.4347430745730004,0.16789029287164828,0.14688727612658073,0.19081531721794845,0.2117847989589873,0.3168039203939202,0.4069328433631453,0.1624791294118923,0.06575803934798317,0.10840424500621645,0.15162744919175494,0.03618934455977456,0.10419982227323724,0.055882497617599544,-0.06654187327755524,-0.055275831291667826,-0.08197456816292602,-0.04860686681068835,0.007053609262124372,-0.1295816575287656,0.17862037678041948,0.14570262810644136,0.027279592470242354,0.3373030802124315,0.29456915268999057,0.007675112309004238,0.08852862700164228,0.05485429266584033,-0.029625799089999714,0.14601587841993438,0.12740158441791152,0.1171331341215128,0.08500029051834468,0.08192427557262395,0.04269722531465227,0.07282600236717905,0.09521297688286307,-0.02511210696267299,0.22423818442037605,0.21253587355367223,0.2390048582129854,0.09709727230208245,0.11143311680222912,0.26707054584275064,-0.005804042188739328,-0.026405836627153862,-0.07183045739549046,0.0705172952032049,0.07850685832639862,0.0018106982803085243,0.10920480111497403,0.09934670099917432,0.1100098886032419,0.22126192484414914,0.20043009309100418,0.09698495342007848,-0.05645868468820423,-0.04414783023946143,0.18354090449815166,1.0,0.789781292050565,0.242267461422119,0.00919182304128331,-0.09447158621591148,-0.0605795822806772,-0.12127522658422768,0.1176015732712198,0.10460766242727285
COTTON PRODUCTION (1000 tons),-0.15046750230441938,0.1592707141945156,-0.16442992464447426,-0.06823978767222105,0.04399355295418299,0.08334628622842903,0.2121315744308114,0.288687904086804,0.15748811108104932,0.0971334431996971,0.1414823401836138,0.11968002744150455,0.05685716684814386,0.1112217550442367,0.18917197017790094,0.09254151961585265,0.16199815786391028,0.14589942450739193,0.05051579458192156,0.12774711806035988,0.22262723498796813,0.049440407150090356,0.14724915474134045,0.09085006475320691,-0.05130281106740225,-0.041391624060972215,-0.05865420616199611,-0.007153446201608508,0.0587174325130471,-0.032718469197083384,0.179870055824264,0.17468824898177207,0.09333871235107288,0.19999513599256236,0.2070362230067009,0.04990651727502586,0.018352435649808967,0.04311446898143424,0.031001912192330377,0.1532625973710335,0.21308233712584254,0.18175248658128138,0.0705688062002636,0.10098604020953851,0.08932988710817386,0.1301750352291673,0.15198940840757175,0.11139763946088531,0.06538961782515088,0.0858669151837636,0.13631331844836533,0.13155872263308308,0.17929014042341931,0.32867840973840645,-0.05746783954840066,-0.06788073311096039,-0.09269785098174282,0.038962323043650625,0.05152213119785843,0.024503047379216814,0.07881104625711505,0.08454402448882806,0.10154240138030542,0.19643959757519724,0.26062030174561546,0.15430796112055298,-0.0417956838240625,-0.030656285182800537,0.13030908847639278,0.789781292050565,1.0,0.39755170484404034,0.03324086006291998,-0.04792533074636213,-0.016794403499668053,-0.08197815002318183,0.12303922469267897,0.12557164062119364
COTTON YIELD (Kg per ha),-0.18477613659585737,0.16065505591952411,-0.18209613187404272,-0.014126121375771194,0.1310485700084367,0.1636038425591696,0.023902451700584994,0.12387509628091509,0.08857328350955733,0.04222965362644577,0.04953043775737691,0.13730706495624476,0.09994401997203753,0.13307642586863774,0.2843498206693173,0.09938873384621345,0.11291202704410971,0.15444826714590787,0.1392834897943715,0.2014580423375209,0.26954045998072523,0.09853302146700792,0.1711021901467824,0.21093561660258547,0.06555038187620413,0.07086841688841175,0.1203626452429275,-0.06117926406790739,0.009357472827012485,-0.03500342265513658,0.03193927482376109,0.0392015381441464,0.06842840070541871,0.11920349099978177,0.10653151502806192,-0.02038701091657243,0.08786101097678252,0.08479605862992698,0.021127238863799587,0.22207069975922106,0.273040463460577,0.30371609612369965,0.13316842605925627,0.1451710884357765,0.1318005190444063,0.09767688142799305,0.11535347101926523,0.07549940281133759,0.038860704713911495,0.05359482910895157,0.11025285113038998,0.15465454130540432,0.18144218072692422,0.32380418528613397,-0.12250426656028057,-0.12995008086114831,-0.0765676274845352,0.08849103982220387,0.10768488879164867,0.099938010271873,0.031013460780362996,0.046128408834438646,0.04339811820203985,0.2272794872578912,0.28901959869114335,0.2591501876125172,0.0395197001679763,0.08152882950811957,0.259329284597634,0.242267461422119,0.39755170484404034,1.0,0.14924543251464292,0.02338817662263854,0.09190025384222104,-0.09979230061499514,0.13599302298440288,0.12703820845293168
FRUITS AREA (1000 ha),0.10376700229627381,0.17562065907841382,-0.03548524853676821,0.1829957313629049,0.26358187460916904,0.3188332777278523,-0.1829810976033405,-0.10988652990701074,-0.276486982642088,-0.08556109517797479,-0.02670542787635898,0.015282330912608864,-0.03017113172062406,-0.007375584234179512,0.24384660893957422,-0.0655341537403398,-0.022154385500774077,0.062002932157343184,-0.11388051482012307,-0.08065431965687689,0.044465660762603096,-0.03768754791269045,0.08384309379722228,0.21682663835152396,0.1361274847660535,0.14597532364338853,0.3060722720528809,-0.14230913869310557,-0.12309906271655405,-0.24555870478075212,-0.1653980742656897,-0.15332483849700093,-0.048292129341481374,0.000897408330798003,-0.014732943030377985,-0.07565228270158116,0.05214835169391861,0.10104985440932629,0.045285311267434854,0.0984112725707307,0.12015353140706615,0.19917820968622627,0.034273091500202774,0.0945243070740355,0.14108500856628922,-0.10211771393120044,-0.08603561130976492,-0.22192847808347188,-0.043086621077566584,-0.03215424027401579,0.026896252912868623,-0.012559526041060422,-0.021572983344430564,0.04932206188880365,-0.11844281003258168,-0.12935422473977923,-0.13808976765080924,0.02604373549877813,0.05082482139857314,0.19637089295312937,-0.08594615744068379,-0.07703299128341409,-0.10116673579815155,0.051567435555687685,0.04697594536356309,0.175921117524482,0.0901355179772769,0.11518924037433592,0.19695141064677277,0.00919182304128331,0.03324086006291998,0.14924543251464292,1.0,0.3360448432505601,0.7586769274355492,-0.018541843104931992,0.08256403781857935,-0.07498134553781942
VEGETABLES AREA (1000 ha),0.40257768186012427,0.18000108479168658,0.050549452324451113,0.4132300264917001,0.3981579782662787,0.18559762162323626,-0.053933156437886424,-0.019072213333120588,0.07657425602833624,-0.15178508904291474,-0.10545602622860521,-0.05292525003610117,-0.010016446118401615,-0.0013238668894400662,-0.05089063654528329,-0.08191978435153184,-0.07166835522111005,-0.06208340444479695,-0.07177637880072368,-0.012207146431381696,-0.03674383269975712,0.031013895244250987,0.10186038379594821,0.13820821731509905,0.0818082934126897,0.0695626149705311,0.11076243665548378,-0.07839919369082061,-0.0513026254257399,-0.10096417888127743,-0.12083510236879061,-0.10491825685560863,0.04497666075604008,-0.049853584097477144,-0.03870768266046873,0.09533909745287288,0.11727615193816648,0.17921166535961294,0.0921827866041724,0.004802454906209048,0.04280169246074687,0.1825722304790458,0.1103768674420623,0.32806778066527126,0.3259015772670594,0.03973687747822616,0.023395938158332318,0.0872189125468953,-0.026904397893731002,-0.021833100931159366,0.13079163375139197,-0.016918531518242245,-0.011531470531541516,0.030104546907922233,-0.07523517790169212,-0.06735103409918496,0.03835598038268209,0.04067380460488958,0.05991543301256883,0.23697683999635755,-0.075966115544821,-0.06858087597903612,-0.09468730765581353,-0.004947405607108713,0.010121735514267727,0.04730137848822656,0.0008109206312284838,0.013949529018792768,0.1800570879871067,-0.09447158621591148,-0.04792533074636213,0.02338817662263854,0.3360448432505601,1.0,0.8584343956023732,0.4711082263604284,0.24665047487876918,-0.08603061747458815
FRUITS AND VEGETABLES AREA (1000 ha),0.3265277377567465,0.20746923687212188,0.017880500581451887,0.37677801963891083,0.4087240395438138,0.2942747169056375,-0.1291240638442593,-0.0680210367114331,-0.09363960240116084,-0.14759226821347077,-0.08516817044933216,-0.026204028406301802,-0.021403916872710895,-0.0033608917986243723,0.09419998238732583,-0.08886911102762342,-0.05914528707442326,-0.009787074191927076,-0.10772817905400688,-0.04914171141761766,-0.0002927434695239147,0.001867229290651448,0.11344053589130469,0.20697047832471568,0.1266721324142057,0.124288960583871,0.23595661387686642,-0.1261313286499634,-0.09767805100454811,-0.19407521206085004,-0.16805248780120238,-0.1508490071242304,0.005028829442215082,-0.03431436492555351,-0.03547208529954316,0.02341735049673564,0.10072915382574497,0.16912741736505085,0.08768629462878086,0.05458200732224389,0.0911452527222599,0.22422770733084624,0.09103144315587271,0.27269217874100293,0.29671865305390277,-0.026092041532789993,-0.0282478704109634,-0.056470289203061276,-0.0401880267705603,-0.031143347217073434,0.10413995104067081,-0.018856506759595933,-0.02028722991008311,0.040394842409974825,-0.11352394727110827,-0.11411973627140469,-0.047403928354219825,0.04248863085731918,0.06830465630117664,0.26029672660697517,-0.09640806182473498,-0.08669517230655382,-0.11732064129234696,0.023725846983302632,0.030903833298572554,0.12134938401521599,0.04977774976074352,0.07185136617351197,0.23173975626618193,-0.0605795822806772,-0.016794403499668053,0.09190025384222104,0.7586769274355492,0.8584343956023732,1.0,0.3175427100952208,0.2130968148666438,-0.09706533463275777
POTATOES AREA (1000 ha),0.2688908065187231,0.1458511836795379,0.09017133225423295,0.2646695393424954,0.29144167028478724,0.14674565895112804,0.14646672610125794,0.13363134261899187,0.23506821070086006,-0.15478793557420437,-0.12146215925692849,-0.07575948538220675,-0.07161085219535963,-0.07899470722782465,-0.12964951313212414,-0.13183564109830684,-0.12884152020961637,-0.06570786467249953,-0.05100837837718135,0.05404032498114352,0.06218389798276818,0.04238314767239298,0.042572145568196766,0.07625301438504392,-0.04524604838643045,-0.03842474249692859,-0.08701521682361388,0.027078622528190606,0.046306572941287295,0.12821822624724885,-0.1135097679687459,-0.09305567486014961,0.10218945234140914,-0.09163387672626062,-0.05067328047881161,0.15802174161195667,-0.12417012036479697,-0.062074222632066064,0.12009727489189963,-0.10234297889829679,-0.07669868887135026,0.03154909062565763,-0.008461385416795997,0.19042295221486535,0.15912996652442024,0.060136088432782786,0.05898130482187674,0.24675984183103972,-0.06057437451472295,-0.054521620415275425,-0.020091798274296094,0.007637325396151706,0.0647494517139884,-0.04629140507997897,-0.08392856087841777,-0.07182747688669178,0.031833319530188225,-0.044354264231437596,-0.03333633697802988,0.21644043141115663,-0.05743003390267742,-0.04951111499991866,-0.092803335474381,-0.13421947509334728,-0.07039685657541862,0.022702712893924407,0.014292583728639797,-0.004269718635606527,0.060999982376640796,-0.12127522658422768,-0.08197815002318183,-0.09979230061499514,-0.018541843104931992,0.4711082263604284,0.3175427100952208,1.0,-0.004891680179754271,-0.06328857489204502
ONION AREA (1000 ha),-0.06364294174297529,0.10671953907114573,-0.12609535987940557,-0.020064715220941703,-0.021260483486063266,0.015163782476833705,-0.0463025207928165,-0.050841976461905275,-0.016448947831258536,0.048277422296839935,0.08350282730132992,0.18181759463026556,0.2507673539238476,0.27445276549106423,0.12731579536480353,0.220768304580944,0.2190420910681477,0.09892637387778662,0.12353698776572226,0.1488830010414635,0.08902601937965245,0.18609893366172803,0.25768136178599704,0.10961149334421234,0.07667990885752986,0.06320810464229448,0.12754776638577067,-0.05864265599683267,-0.03720728388500324,-0.09943595481034653,0.0959709458434457,0.07294802899340212,0.01596397367505381,0.08001385538734315,0.045989288287031825,-0.005229588692332012,0.12079892040949934,0.10135471487707627,0.009182622885649045,0.18158747795287777,0.17149410569719514,0.09666044439981422,0.05017399925453537,0.08176758321948163,0.11094421908563953,-0.021193647065483955,-0.013538290299724313,-0.02464439497510442,0.13344833915333437,0.14525455516515023,0.2441972540756455,0.012837197065169437,-0.0033587132604293137,0.14217338479372768,-0.02855922760014838,-0.027904814079048438,0.018794592371372786,0.25454515495544733,0.2568858934091154,0.06579227799338759,0.02437241979295314,0.02754855995041967,0.11537626930868593,0.17399544531211789,0.13330837948762414,0.041018844122044165,0.054345776540786546,0.08984297265173968,0.1753226743011067,0.1176015732712198,0.12303922469267897,0.13599302298440288,0.08256403781857935,0.24665047487876918,0.2130968148666438,-0.004891680179754271,1.0,0.007927750986824227
FODDER AREA (1000 ha),-0.16963959074928778,-0.009554273840719479,-0.1077711968485808,-0.16938486668617414,-0.09844463754949175,-0.06151194976182226,0.1891795625828667,0.20038161492765816,0.17518550961348744,-0.010756690254689567,-0.03938148275184353,-0.05522217077343597,0.002408748616396632,-0.0154934546882431,-0.04885585120290222,-0.002709206669181335,-0.03534904815372391,-0.06519956625831286,0.519080741190172,0.3157758628445084,0.052093533992193054,-0.07143333090818876,-0.0697266076244087,-0.11059394457351046,-0.04725685319797463,-0.041180207786560244,-0.11144171507457099,0.1332528936116447,0.23262782242004001,0.2175242700448624,0.30171094263305764,0.2363535600988832,0.017545365495690173,-0.09114412274269408,-0.08824496469290274,-0.09900499394096238,0.2600486475590922,0.08375531619999661,-0.06351132207151526,0.015622089412243391,0.04893001834344891,0.0982952928080314,0.08270768987881326,0.006703490344526751,-0.04919270189835556,0.2749608557709384,0.2743928038344931,0.17178391649076613,-0.014698969457311417,-0.014190640487662288,-0.07987898739161672,0.07216578142814088,0.07915383644063329,0.12226625521539504,-0.07492394421576588,-0.07065104489444547,0.002667622028236427,-0.04460909869388701,-0.04753187340124532,-0.07960476844215489,-0.023598149218029954,-0.022606928251555684,-0.08912648238918804,0.09505370355590369,0.12998632105009644,0.06818500895809991,0.05203989580600894,0.0473096904657768,-0.05883133912307279,0.10460766242727285,0.12557164062119364,0.12703820845293168,-0.07498134553781942,-0.08603061747458815,-0.09706533463275777,-0.06328857489204502,0.007927750986824227,1.0
