State_Name,District_Name,Crop_Year,Season,Crop,Area,Production
Haryana,AMBALA,1997,Kharif,Bajra,1000.00,1000.00
Haryana,AMBALA,1997,Kharif,Maize,8000.00,15000.00
Haryana,AMBALA,1997,Kharif,Other Kharif pulses,1000.00,600.00
Haryana,AMBALA,1997,Kharif,Rice,65000.00,182000.00
Haryana,AMBALA,1997,Rabi,Other  Rabi pulses,25000.00,18000.00
Haryana,AMBALA,1997,Rabi,Wheat,72000.00,226000.00
Haryana,AMBALA,1997,Whole Year,Sugarcane,12000.00,580000.00
Haryana,AMBALA,1998,Kharif,Arhar/Tur,130.00,200.00
Haryana,AMBALA,1998,Kharif,Bajra,370.00,
Haryana,AMBALA,1998,Kharif,Cotton(lint),25.00,
Haryana,AMBALA,1998,Kharif,Groundnut,17.00,
Haryana,AMBALA,1998,Kharif,Jowar,1.00,
Haryana,AMBALA,1998,Kharif,Maize,5610.00,11000.00
Haryana,AMBALA,1998,Kharif,Moth,1.00,
Haryana,AMBALA,1998,Kharif,Rice,71365.00,186000.00
Haryana,AMBALA,1998,Kharif,Sesamum,6.00,
Haryana,AMBALA,1998,Kharif,Urad,434.00,100.00
Haryana,AMBALA,1998,Rabi,Barley,104.00,
Haryana,AMBALA,1998,Rabi,Gram,108.00,
Haryana,AMBALA,1998,Rabi,Masoor,2675.00,1900.00
Haryana,AMBALA,1998,Rabi,Peas & beans (Pulses),59.00,100.00
Haryana,AMBALA,1998,Rabi,Rapeseed &Mustard,778.00,1000.00
Haryana,AMBALA,1998,Rabi,Sunflower,3321.00,4100.00
Haryana,AMBALA,1998,Rabi,Wheat,74688.00,284000.00
Haryana,AMBALA,1998,Whole Year,Dry chillies,116.00,100.00
Haryana,AMBALA,1998,Whole Year,Onion,898.00,12100.00
Haryana,AMBALA,1998,Whole Year,Potato,2567.00,40200.00
Haryana,AMBALA,1998,Whole Year,Sugarcane,14296.00,700000.00
Haryana,AMBALA,1999,Kharif,Arhar/Tur,110.00,100.00
Haryana,AMBALA,1999,Kharif,Bajra,371.00,.00
Haryana,AMBALA,1999,Kharif,Cotton(lint),25.00,.00
Haryana,AMBALA,1999,Kharif,Groundnut,6.00,.00
Haryana,AMBALA,1999,Kharif,Jowar,1.00,.00
Haryana,AMBALA,1999,Kharif,Maize,5608.00,14000.00
Haryana,AMBALA,1999,Kharif,Rice,72185.00,206000.00
Haryana,AMBALA,1999,Kharif,Sesamum,7.00,.00
Haryana,AMBALA,1999,Rabi,Barley,67.00,.00
Haryana,AMBALA,1999,Rabi,Gram,67.00,.00
Haryana,AMBALA,1999,Rabi,Masoor,1884.00,1400.00
Haryana,AMBALA,1999,Rabi,Peas & beans (Pulses),36.00,.00
Haryana,AMBALA,1999,Rabi,Rapeseed &Mustard,1588.00,2000.00
Haryana,AMBALA,1999,Rabi,Sunflower,1118.00,1400.00
Haryana,AMBALA,1999,Rabi,Wheat,78420.00,325000.00
Haryana,AMBALA,1999,Whole Year,Dry chillies,216.00,200.00
Haryana,AMBALA,1999,Whole Year,Onion,680.00,9800.00
Haryana,AMBALA,1999,Whole Year,Potato,2556.00,40200.00
Haryana,AMBALA,1999,Whole Year,Sugarcane,15007.00,900000.00
Haryana,AMBALA,2000,Kharif,Arhar/Tur,257.00,300.00
Haryana,AMBALA,2000,Kharif,Bajra,473.00,.00
Haryana,AMBALA,2000,Kharif,Cotton(lint),25.00,.00
Haryana,AMBALA,2000,Kharif,Groundnut,3.00,.00
Haryana,AMBALA,2000,Kharif,Maize,4369.00,10000.00
Haryana,AMBALA,2000,Kharif,Rice,71840.00,217000.00
Haryana,AMBALA,2000,Kharif,Sesamum,9.00,.00
Haryana,AMBALA,2000,Kharif,Urad,411.00,100.00
Haryana,AMBALA,2000,Rabi,Barley,77.00,.00
Haryana,AMBALA,2000,Rabi,Gram,78.00,.00
Haryana,AMBALA,2000,Rabi,Masoor,1811.00,1300.00
Haryana,AMBALA,2000,Rabi,Peas & beans (Pulses),61.00,100.00
Haryana,AMBALA,2000,Rabi,Rapeseed &Mustard,1402.00,1000.00
Haryana,AMBALA,2000,Rabi,Sunflower,442.00,600.00
Haryana,AMBALA,2000,Rabi,Wheat,79060.00,275000.00
Haryana,AMBALA,2000,Whole Year,Dry chillies,325.00,400.00
Haryana,AMBALA,2000,Whole Year,Garlic,6.00,.00
Haryana,AMBALA,2000,Whole Year,Onion,1048.00,14200.00
Haryana,AMBALA,2000,Whole Year,Potato,1882.00,29600.00
Haryana,AMBALA,2000,Whole Year,Sugarcane,15726.00,920000.00
Haryana,AMBALA,2000,Whole Year,Turmeric,5.00,.00
Haryana,AMBALA,2001,Kharif,Arhar/Tur,294.00,400.00
Haryana,AMBALA,2001,Kharif,Bajra,156.00,.00
Haryana,AMBALA,2001,Kharif,Cotton(lint),24.00,
Haryana,AMBALA,2001,Kharif,Groundnut,1.00,.00
Haryana,AMBALA,2001,Kharif,Maize,3762.00,11000.00
Haryana,AMBALA,2001,Kharif,Moong(Green Gram),1.00,.00
Haryana,AMBALA,2001,Kharif,Moth,1.00,.00
Haryana,AMBALA,2001,Kharif,Rice,74881.00,233000.00
Haryana,AMBALA,2001,Kharif,Sesamum,1.00,.00
Haryana,AMBALA,2001,Kharif,Urad,616.00,100.00
Haryana,AMBALA,2001,Rabi,Barley,54.00,.00
Haryana,AMBALA,2001,Rabi,Gram,113.00,.00
Haryana,AMBALA,2001,Rabi,Masoor,1777.00,1300.00
Haryana,AMBALA,2001,Rabi,Peas & beans (Pulses),55.00,100.00
Haryana,AMBALA,2001,Rabi,Rapeseed &Mustard,965.00,1000.00
Haryana,AMBALA,2001,Rabi,Wheat,80042.00,301000.00
Haryana,AMBALA,2001,Whole Year,Dry chillies,189.00,200.00
Haryana,AMBALA,2001,Whole Year,Onion,1571.00,11800.00
Haryana,AMBALA,2001,Whole Year,Potato,1698.00,37500.00
Haryana,AMBALA,2001,Whole Year,Sugarcane,17294.00,990000.00
Haryana,AMBALA,2001,Whole Year,Sweet potato,2.00,.00
Haryana,AMBALA,2002,Kharif,Arhar/Tur,137.00,200.00
Haryana,AMBALA,2002,Kharif,Bajra,279.00,.00
Haryana,AMBALA,2002,Kharif,Cotton(lint),16.00,.00
Haryana,AMBALA,2002,Kharif,Groundnut,9.00,.00
Haryana,AMBALA,2002,Kharif,Horse-gram,1.00,.00
Haryana,AMBALA,2002,Kharif,Maize,2714.00,5000.00
Haryana,AMBALA,2002,Kharif,Rice,61465.00,183000.00
Haryana,AMBALA,2002,Kharif,Sesamum,8.00,.00
Haryana,AMBALA,2002,Kharif,Urad,1366.00,200.00
Haryana,AMBALA,2002,Rabi,Barley,39.00,.00
Haryana,AMBALA,2002,Rabi,Gram,130.00,.00
Haryana,AMBALA,2002,Rabi,Masoor,1863.00,1400.00
Haryana,AMBALA,2002,Rabi,Peas & beans (Pulses),13.00,.00
Haryana,AMBALA,2002,Rabi,Rapeseed &Mustard,1760.00,2000.00
Haryana,AMBALA,2002,Rabi,Sunflower,70.00,100.00
Haryana,AMBALA,2002,Rabi,Wheat,80637.00,287000.00
Haryana,AMBALA,2002,Whole Year,Onion,85.00,2300.00
Haryana,AMBALA,2002,Whole Year,Other Fresh Fruits,113.00,1500.00
Haryana,AMBALA,2002,Whole Year,Other Vegetables,1806.00,15300.00
Haryana,AMBALA,2002,Whole Year,Potato,2300.00,62400.00
Haryana,AMBALA,2002,Whole Year,Sugarcane,17437.00,1060000.00
Haryana,AMBALA,2003,Kharif,Arhar/Tur,31.00,.00
Haryana,AMBALA,2003,Kharif,Bajra,300.00,
Haryana,AMBALA,2003,Kharif,Cotton(lint),16.00,.00
Haryana,AMBALA,2003,Kharif,Groundnut,12.00,.00
Haryana,AMBALA,2003,Kharif,Maize,3084.00,7000.00
Haryana,AMBALA,2003,Kharif,Rice,73240.00,227000.00
Haryana,AMBALA,2003,Kharif,Sesamum,4.00,.00
Haryana,AMBALA,2003,Kharif,Urad,770.00,200.00
Haryana,AMBALA,2003,Rabi,Barley,40.00,.00
Haryana,AMBALA,2003,Rabi,Gram,54.00,.00
Haryana,AMBALA,2003,Rabi,Masoor,1834.00,1300.00
Haryana,AMBALA,2003,Rabi,other oilseeds,11.00,
Haryana,AMBALA,2003,Rabi,Peas & beans (Pulses),139.00,100.00
Haryana,AMBALA,2003,Rabi,Rapeseed &Mustard,1198.00,1000.00
Haryana,AMBALA,2003,Rabi,Sunflower,1483.00,2500.00
Haryana,AMBALA,2003,Rabi,Wheat,83658.00,273000.00
Haryana,AMBALA,2003,Whole Year,Dry chillies,208.00,200.00
Haryana,AMBALA,2003,Whole Year,Onion,1478.00,39900.00
Haryana,AMBALA,2003,Whole Year,Other Fresh Fruits,194.00,4900.00
Haryana,AMBALA,2003,Whole Year,Other Vegetables,1595.00,13800.00
Haryana,AMBALA,2003,Whole Year,Potato,1221.00,33000.00
Haryana,AMBALA,2003,Whole Year,Sugarcane,14517.00,890000.00
Haryana,AMBALA,2004,Kharif,Arhar/Tur,43.00,100.00
Haryana,AMBALA,2004,Kharif,Bajra,338.00,
Haryana,AMBALA,2004,Kharif,Cotton(lint),12.00,
Haryana,AMBALA,2004,Kharif,Groundnut,7.00,
Haryana,AMBALA,2004,Kharif,Horse-gram,2.00,
Haryana,AMBALA,2004,Kharif,Maize,3014.00,7000.00
Haryana,AMBALA,2004,Kharif,Moong(Green Gram),2.00,
Haryana,AMBALA,2004,Kharif,Moth,1.00,
Haryana,AMBALA,2004,Kharif,Rice,73580.00,233000.00
Haryana,AMBALA,2004,Kharif,Sesamum,6.00,
Haryana,AMBALA,2004,Kharif,Urad,870.00,200.00
Haryana,AMBALA,2004,Rabi,Barley,27.00,
Haryana,AMBALA,2004,Rabi,Gram,127.00,
Haryana,AMBALA,2004,Rabi,Masoor,1706.00,1200.00
Haryana,AMBALA,2004,Rabi,Peas & beans (Pulses),39.00,
Haryana,AMBALA,2004,Rabi,Rapeseed &Mustard,1508.00,2000.00
Haryana,AMBALA,2004,Rabi,Sunflower,2217.00,3700.00
Haryana,AMBALA,2004,Rabi,Wheat,82322.00,267000.00
Haryana,AMBALA,2004,Whole Year,Dry chillies,190.00,1600.00
Haryana,AMBALA,2004,Whole Year,Garlic,18.00,200.00
Haryana,AMBALA,2004,Whole Year,Onion,915.00,24700.00
Haryana,AMBALA,2004,Whole Year,Potato,2019.00,54500.00
Haryana,AMBALA,2004,Whole Year,Sugarcane,12669.00,820000.00
Haryana,AMBALA,2005,Kharif,Arhar/Tur,21.00,
Haryana,AMBALA,2005,Kharif,Bajra,272.00,
Haryana,AMBALA,2005,Kharif,Cotton(lint),3.00,
Haryana,AMBALA,2005,Kharif,Groundnut,4.00,
Haryana,AMBALA,2005,Kharif,Horse-gram,2.00,
Haryana,AMBALA,2005,Kharif,Maize,2719.00,6000.00
Haryana,AMBALA,2005,Kharif,Moong(Green Gram),2.00,
Haryana,AMBALA,2005,Kharif,Rice,76540.00,254000.00
Haryana,AMBALA,2005,Kharif,Sesamum,4.00,
Haryana,AMBALA,2005,Kharif,Urad,684.00,200.00
Haryana,AMBALA,2005,Rabi,Barley,13.00,
Haryana,AMBALA,2005,Rabi,Gram,125.00,
Haryana,AMBALA,2005,Rabi,Masoor,1400.00,900.00
Haryana,AMBALA,2005,Rabi,Peas & beans (Pulses),27.00,
Haryana,AMBALA,2005,Rabi,Rapeseed &Mustard,2237.00,2000.00
Haryana,AMBALA,2005,Rabi,Sunflower,5358.00,9000.00
Haryana,AMBALA,2005,Rabi,Wheat,83017.00,314000.00
Haryana,AMBALA,2005,Whole Year,Dry chillies,254.00,200.00
Haryana,AMBALA,2005,Whole Year,Onion,1137.00,30700.00
Haryana,AMBALA,2005,Whole Year,Potato,2654.00,71600.00
Haryana,AMBALA,2005,Whole Year,Sugarcane,13214.00,850000.00
Haryana,AMBALA,2006,Kharif,Arhar/Tur,28.00,
Haryana,AMBALA,2006,Kharif,Bajra,270.00,
Haryana,AMBALA,2006,Kharif,Cotton(lint),8.00,
Haryana,AMBALA,2006,Kharif,Groundnut,5.00,
Haryana,AMBALA,2006,Kharif,Horse-gram,6.00,
Haryana,AMBALA,2006,Kharif,Maize,2500.00,7000.00
Haryana,AMBALA,2006,Kharif,Rice,75737.00,261000.00
Haryana,AMBALA,2006,Kharif,Sesamum,1.00,
Haryana,AMBALA,2006,Kharif,Urad,875.00,300.00
Haryana,AMBALA,2006,Rabi,Barley,12.00,
Haryana,AMBALA,2006,Rabi,Gram,109.00,
Haryana,AMBALA,2006,Rabi,Masoor,1195.00,800.00
Haryana,AMBALA,2006,Rabi,Rapeseed &Mustard,1909.00,3000.00
Haryana,AMBALA,2006,Rabi,Sunflower,1602.00,2700.00
Haryana,AMBALA,2006,Rabi,Wheat,81679.00,312000.00
Haryana,AMBALA,2006,Whole Year,Dry chillies,186.00,100.00
Haryana,AMBALA,2006,Whole Year,Garlic,16.00,100.00
Haryana,AMBALA,2006,Whole Year,Onion,829.00,13400.00
Haryana,AMBALA,2006,Whole Year,Potato,2690.00,72600.00
Haryana,AMBALA,2006,Whole Year,Sannhamp,2.00,
Haryana,AMBALA,2006,Whole Year,Sugarcane,14345.00,910000.00
Haryana,AMBALA,2007,Kharif,Arhar/Tur,14.00,
Haryana,AMBALA,2007,Kharif,Bajra,334.00,
Haryana,AMBALA,2007,Kharif,Groundnut,9.00,
Haryana,AMBALA,2007,Kharif,Horse-gram,4.00,
Haryana,AMBALA,2007,Kharif,Maize,2574.00,8000.00
Haryana,AMBALA,2007,Kharif,Rice,75164.00,277000.00
Haryana,AMBALA,2007,Kharif,Sesamum,8.00,
Haryana,AMBALA,2007,Kharif,Urad,1117.00,300.00
Haryana,AMBALA,2007,Rabi,Barley,16.00,
Haryana,AMBALA,2007,Rabi,Gram,77.00,
Haryana,AMBALA,2007,Rabi,Masoor,1077.00,700.00
Haryana,AMBALA,2007,Rabi,Peas & beans (Pulses),11.00,
Haryana,AMBALA,2007,Rabi,Rapeseed &Mustard,877.00,
Haryana,AMBALA,2007,Rabi,Sunflower,1805.00,3600.00
Haryana,AMBALA,2007,Rabi,Wheat,82163.00,327000.00
Haryana,AMBALA,2007,Whole Year,Dry chillies,172.00,1600.00
Haryana,AMBALA,2007,Whole Year,Garlic,12.00,100.00
Haryana,AMBALA,2007,Whole Year,Onion,886.00,13900.00
Haryana,AMBALA,2007,Whole Year,Potato,1947.00,24100.00
Haryana,AMBALA,2007,Whole Year,Sugarcane,15219.00,1030000.00
Haryana,AMBALA,2008,Kharif,Arhar/Tur,7.00,
Haryana,AMBALA,2008,Kharif,Bajra,286.00,
Haryana,AMBALA,2008,Kharif,Cotton(lint),6.00,
Haryana,AMBALA,2008,Kharif,Groundnut,1.00,
Haryana,AMBALA,2008,Kharif,Horse-gram,3.00,
Haryana,AMBALA,2008,Kharif,Maize,2104.00,5600.00
Haryana,AMBALA,2008,Kharif,Moong(Green Gram),2.00,
Haryana,AMBALA,2008,Kharif,Rice,81002.00,267000.00
Haryana,AMBALA,2008,Kharif,Sesamum,2.00,
Haryana,AMBALA,2008,Kharif,Urad,905.00,300.00
Haryana,AMBALA,2008,Rabi,Barley,9.00,
Haryana,AMBALA,2008,Rabi,Gram,83.00,
Haryana,AMBALA,2008,Rabi,Masoor,1062.00,600.00
Haryana,AMBALA,2008,Rabi,Peas & beans (Pulses),9.00,
Haryana,AMBALA,2008,Rabi,Rapeseed &Mustard,1030.00,1000.00
Haryana,AMBALA,2008,Rabi,Sunflower,1153.00,2000.00
Haryana,AMBALA,2008,Rabi,Wheat,83629.00,309000.00
Haryana,AMBALA,2008,Whole Year,Coriander,14.00,
Haryana,AMBALA,2008,Whole Year,Dry chillies,164.00,1100.00
Haryana,AMBALA,2008,Whole Year,Garlic,12.00,
Haryana,AMBALA,2008,Whole Year,Onion,877.00,1300.00
Haryana,AMBALA,2008,Whole Year,Potato,2150.00,23000.00
Haryana,AMBALA,2008,Whole Year,Sugarcane,11101.00,616000.00
Haryana,AMBALA,2008,Whole Year,Turmeric,3.00,
Haryana,AMBALA,2009,Kharif,Arhar/Tur,2.00,
Haryana,AMBALA,2009,Kharif,Bajra,402.00,
Haryana,AMBALA,2009,Kharif,Cotton(lint),2.00,
Haryana,AMBALA,2009,Kharif,Groundnut,1.00,
Haryana,AMBALA,2009,Kharif,Horse-gram,7.00,
Haryana,AMBALA,2009,Kharif,Maize,1971.00,5000.00
Haryana,AMBALA,2009,Kharif,Rice,82283.00,306000.00
Haryana,AMBALA,2009,Kharif,Urad,1101.00,300.00
Haryana,AMBALA,2009,Rabi,Barley,9.00,
Haryana,AMBALA,2009,Rabi,Gram,23.00,
Haryana,AMBALA,2009,Rabi,Masoor,857.00,700.00
Haryana,AMBALA,2009,Rabi,Peas & beans (Pulses),1.00,
Haryana,AMBALA,2009,Rabi,Sunflower,414.00,700.00
Haryana,AMBALA,2009,Rabi,Wheat,86872.00,346000.00
Haryana,AMBALA,2009,Whole Year,Dry chillies,123.00,
Haryana,AMBALA,2009,Whole Year,Garlic,13.00,100.00
Haryana,AMBALA,2009,Whole Year,Onion,78.00,1500.00
Haryana,AMBALA,2009,Whole Year,Potato,1698.00,26600.00
Haryana,AMBALA,2009,Whole Year,Sugarcane,9639.00,714000.00
Haryana,AMBALA,2010,Kharif,Arhar/Tur,3.00,
Haryana,AMBALA,2010,Kharif,Bajra,379.00,
Haryana,AMBALA,2010,Kharif,Horse-gram,4.00,
Haryana,AMBALA,2010,Kharif,Maize,1511.00,2000.00
Haryana,AMBALA,2010,Kharif,Moong(Green Gram),4.00,
Haryana,AMBALA,2010,Kharif,Rice,81869.00,282000.00
Haryana,AMBALA,2010,Kharif,Soyabean,2.00,
Haryana,AMBALA,2010,Kharif,Sunflower,414.00,700.00
Haryana,AMBALA,2010,Kharif,Urad,659.00,200.00
Haryana,AMBALA,2010,Rabi,Barley,5.00,
Haryana,AMBALA,2010,Rabi,Gram,64.00,
Haryana,AMBALA,2010,Rabi,Masoor,814.00,700.00
Haryana,AMBALA,2010,Rabi,Rapeseed &Mustard,1190.00,4000.00
Haryana,AMBALA,2010,Rabi,Wheat,86795.00,314000.00
Haryana,AMBALA,2010,Whole Year,Dry chillies,139.00,1100.00
Haryana,AMBALA,2010,Whole Year,Garlic,13.00,
Haryana,AMBALA,2010,Whole Year,Onion,850.00,16800.00
Haryana,AMBALA,2010,Whole Year,Potato,1662.00,33400.00
Haryana,AMBALA,2010,Whole Year,Sugarcane,9608.00,67000.00
Haryana,AMBALA,2010,Whole Year,Turmeric,6.00,
Haryana,AMBALA,2011,Kharif,Bajra,428.00,
Haryana,AMBALA,2011,Kharif,Cotton(lint),2.00,
Haryana,AMBALA,2011,Kharif,Dry ginger,3.00,
Haryana,AMBALA,2011,Kharif,Groundnut,2.00,
Haryana,AMBALA,2011,Kharif,Horse-gram,5.00,
Haryana,AMBALA,2011,Kharif,Maize,1099.00,3000.00
Haryana,AMBALA,2011,Kharif,Rice,82586.00,322000.00
Haryana,AMBALA,2011,Kharif,Sesamum,1.00,
Haryana,AMBALA,2011,Kharif,Sunflower,52.00,100.00
Haryana,AMBALA,2011,Kharif,Urad,759.00,200.00
Haryana,AMBALA,2011,Rabi,Barley,4.00,
Haryana,AMBALA,2011,Rabi,Gram,64.00,
Haryana,AMBALA,2011,Rabi,Masoor,664.00,600.00
Haryana,AMBALA,2011,Rabi,Peas & beans (Pulses),11.00,
Haryana,AMBALA,2011,Rabi,Rapeseed &Mustard,1282.00,1600.00
Haryana,AMBALA,2011,Rabi,Wheat,87061.00,423000.00
Haryana,AMBALA,2011,Whole Year,Garlic,32.00,100.00
Haryana,AMBALA,2011,Whole Year,Potato,1874.00,41300.00
Haryana,AMBALA,2011,Whole Year,Sugarcane,9637.00,72000.00
Haryana,AMBALA,2011,Whole Year,Turmeric,6.00,
Haryana,AMBALA,2012,Kharif,Bajra,485.00,
Haryana,AMBALA,2012,Kharif,Cotton(lint),4.00,
Haryana,AMBALA,2012,Kharif,Dry ginger,3.00,
Haryana,AMBALA,2012,Kharif,Horse-gram,2.00,
Haryana,AMBALA,2012,Kharif,Maize,801.00,3000.00
Haryana,AMBALA,2012,Kharif,Rice,82642.00,343000.00
Haryana,AMBALA,2012,Kharif,Sunflower,46.00,100.00
Haryana,AMBALA,2012,Kharif,Urad,758.00,229.00
Haryana,AMBALA,2012,Rabi,Barley,20.00,
Haryana,AMBALA,2012,Rabi,Gram,44.00,
Haryana,AMBALA,2012,Rabi,Masoor,555.00,506.00
Haryana,AMBALA,2012,Rabi,Peas & beans (Pulses),21.00,25.00
Haryana,AMBALA,2012,Rabi,Rapeseed &Mustard,1406.00,2500.00
Haryana,AMBALA,2012,Rabi,Wheat,87168.00,366000.00
Haryana,AMBALA,2012,Whole Year,Dry chillies,137.00,1300.00
Haryana,AMBALA,2012,Whole Year,Garlic,15.00,100.00
Haryana,AMBALA,2012,Whole Year,Onion,855.00,27100.00
Haryana,AMBALA,2012,Whole Year,Potato,1817.00,43700.00
Haryana,AMBALA,2012,Whole Year,Sugarcane,10110.00,797000.00
Haryana,AMBALA,2012,Whole Year,Turmeric,8.00,7.00
Haryana,BHIWANI,1997,Kharif,Bajra,187000.00,153000.00
Haryana,BHIWANI,1997,Kharif,Jowar,6000.00,2000.00
Haryana,BHIWANI,1997,Kharif,Other Kharif pulses,8800.00,3800.00
Haryana,BHIWANI,1997,Kharif,Rice,1000.00,3000.00
Haryana,BHIWANI,1997,Rabi,Barley,4000.00,10000.00
Haryana,BHIWANI,1997,Rabi,Gram,169000.00,149000.00
Haryana,BHIWANI,1997,Rabi,Wheat,90000.00,321000.00
Haryana,BHIWANI,1997,Whole Year,Cotton(lint),55000.00,85000.00
Haryana,BHIWANI,1997,Whole Year,Sugarcane,1000.00,50000.00
Haryana,BHIWANI,1998,Kharif,Arhar/Tur,1642.00,900.00
Haryana,BHIWANI,1998,Kharif,Bajra,203300.00,132000.00
Haryana,BHIWANI,1998,Kharif,Cotton(lint),54800.00,97000.00
Haryana,BHIWANI,1998,Kharif,Groundnut,2.00,
Haryana,BHIWANI,1998,Kharif,Jowar,4369.00,1000.00
Haryana,BHIWANI,1998,Kharif,Maize,47.00,
Haryana,BHIWANI,1998,Kharif,Moong(Green Gram),5591.00,1000.00
Haryana,BHIWANI,1998,Kharif,Moth,86.00,
Haryana,BHIWANI,1998,Kharif,Rice,7223.00,16000.00
Haryana,BHIWANI,1998,Kharif,Sesamum,149.00,100.00
Haryana,BHIWANI,1998,Kharif,Urad,12.00,
Haryana,BHIWANI,1998,Rabi,Barley,4152.00,11000.00
Haryana,BHIWANI,1998,Rabi,Gram,174000.00,141000.00
Haryana,BHIWANI,1998,Rabi,Masoor,13.00,
Haryana,BHIWANI,1998,Rabi,Peas & beans (Pulses),8.00,
Haryana,BHIWANI,1998,Rabi,Rapeseed &Mustard,115546.00,146000.00
Haryana,BHIWANI,1998,Rabi,Wheat,104200.00,370000.00
Haryana,BHIWANI,1998,Whole Year,Dry chillies,280.00,200.00
Haryana,BHIWANI,1998,Whole Year,Onion,19.00,400.00
Haryana,BHIWANI,1998,Whole Year,Potato,31.00,500.00
Haryana,BHIWANI,1998,Whole Year,Sannhamp,188.00,100.00
Haryana,BHIWANI,1998,Whole Year,Sugarcane,1434.00,100000.00
Haryana,BHIWANI,1999,Kharif,Arhar/Tur,657.00,300.00
Haryana,BHIWANI,1999,Kharif,Bajra,196380.00,153000.00
Haryana,BHIWANI,1999,Kharif,Cotton(lint),50459.00,122000.00
Haryana,BHIWANI,1999,Kharif,Jowar,3445.00,1000.00
Haryana,BHIWANI,1999,Kharif,Maize,33.00,.00
Haryana,BHIWANI,1999,Kharif,Moong(Green Gram),2168.00,300.00
Haryana,BHIWANI,1999,Kharif,Moth,41.00,.00
Haryana,BHIWANI,1999,Kharif,Rice,7317.00,17000.00
Haryana,BHIWANI,1999,Kharif,Sesamum,180.00,.00
Haryana,BHIWANI,1999,Rabi,Barley,4507.00,13000.00
Haryana,BHIWANI,1999,Rabi,Gram,47159.00,23000.00
Haryana,BHIWANI,1999,Rabi,Masoor,13.00,
Haryana,BHIWANI,1999,Rabi,Rapeseed &Mustard,108727.00,128000.00
Haryana,BHIWANI,1999,Rabi,Wheat,140422.00,465000.00
Haryana,BHIWANI,1999,Whole Year,Dry chillies,337.00,300.00
Haryana,BHIWANI,1999,Whole Year,Onion,133.00,1300.00
Haryana,BHIWANI,1999,Whole Year,Potato,6.00,100.00
Haryana,BHIWANI,1999,Whole Year,Sugarcane,837.00,50000.00
Haryana,BHIWANI,2000,Kharif,Arhar/Tur,491.00,200.00
Haryana,BHIWANI,2000,Kharif,Bajra,200556.00,156000.00
Haryana,BHIWANI,2000,Kharif,Cotton(lint),47478.00,109000.00
Haryana,BHIWANI,2000,Kharif,Groundnut,1.00,.00
Haryana,BHIWANI,2000,Kharif,Jowar,2282.00,1000.00
Haryana,BHIWANI,2000,Kharif,Maize,27.00,.00
Haryana,BHIWANI,2000,Kharif,Moong(Green Gram),799.00,100.00
Haryana,BHIWANI,2000,Kharif,Moth,62.00,.00
Haryana,BHIWANI,2000,Kharif,Other Kharif pulses,1.00,.00
Haryana,BHIWANI,2000,Kharif,Rice,8159.00,20000.00
Haryana,BHIWANI,2000,Kharif,Sesamum,168.00,.00
Haryana,BHIWANI,2000,Kharif,Urad,1.00,.00
Haryana,BHIWANI,2000,Rabi,Barley,3811.00,9000.00
Haryana,BHIWANI,2000,Rabi,Gram,93015.00,52000.00
Haryana,BHIWANI,2000,Rabi,Masoor,5.00,.00
Haryana,BHIWANI,2000,Rabi,Rapeseed &Mustard,108920.00,132000.00
Haryana,BHIWANI,2000,Rabi,Wheat,144036.00,474000.00
Haryana,BHIWANI,2000,Whole Year,Dry chillies,312.00,300.00
Haryana,BHIWANI,2000,Whole Year,Garlic,7.00,100.00
Haryana,BHIWANI,2000,Whole Year,Onion,139.00,1600.00
Haryana,BHIWANI,2000,Whole Year,Potato,11.00,200.00
Haryana,BHIWANI,2000,Whole Year,Sannhamp,61.00,100.00
Haryana,BHIWANI,2000,Whole Year,Sugarcane,1069.00,50000.00
Haryana,BHIWANI,2001,Kharif,Arhar/Tur,336.00,200.00
Haryana,BHIWANI,2001,Kharif,Bajra,178681.00,243000.00
Haryana,BHIWANI,2001,Kharif,Cotton(lint),64668.00,80000.00
Haryana,BHIWANI,2001,Kharif,Groundnut,3.00,.00
Haryana,BHIWANI,2001,Kharif,Jowar,2947.00,1000.00
Haryana,BHIWANI,2001,Kharif,Maize,32.00,.00
Haryana,BHIWANI,2001,Kharif,Moong(Green Gram),3105.00,400.00
Haryana,BHIWANI,2001,Kharif,Moth,374.00,100.00
Haryana,BHIWANI,2001,Kharif,Rice,7422.00,21000.00
Haryana,BHIWANI,2001,Kharif,Sesamum,222.00,.00
Haryana,BHIWANI,2001,Kharif,Urad,3.00,.00
Haryana,BHIWANI,2001,Rabi,Barley,4055.00,12000.00
Haryana,BHIWANI,2001,Rabi,Gram,81802.00,69000.00
Haryana,BHIWANI,2001,Rabi,Masoor,11.00,.00
Haryana,BHIWANI,2001,Rabi,Peas & beans (Pulses),9.00,.00
Haryana,BHIWANI,2001,Rabi,Rapeseed &Mustard,133527.00,183000.00
Haryana,BHIWANI,2001,Rabi,Wheat,123367.00,406000.00
Haryana,BHIWANI,2001,Whole Year,Dry chillies,126.00,100.00
Haryana,BHIWANI,2001,Whole Year,Garlic,9.00,100.00
Haryana,BHIWANI,2001,Whole Year,Onion,1.00,.00
Haryana,BHIWANI,2001,Whole Year,Potato,1225.00,23700.00
Haryana,BHIWANI,2001,Whole Year,Sannhamp,84.00,.00
Haryana,BHIWANI,2001,Whole Year,Sugarcane,1553.00,50000.00
Haryana,BHIWANI,2002,Kharif,Arhar/Tur,1800.00,8200.00
Haryana,BHIWANI,2002,Kharif,Bajra,180314.00,118000.00
Haryana,BHIWANI,2002,Kharif,Cotton(lint),64628.00,84000.00
Haryana,BHIWANI,2002,Kharif,Groundnut,20.00,.00
Haryana,BHIWANI,2002,Kharif,Jowar,7582.00,1000.00
Haryana,BHIWANI,2002,Kharif,Maize,42.00,.00
Haryana,BHIWANI,2002,Kharif,Moong(Green Gram),9436.00,600.00
Haryana,BHIWANI,2002,Kharif,Moth,2883.00,200.00
Haryana,BHIWANI,2002,Kharif,Rice,6491.00,19000.00
Haryana,BHIWANI,2002,Kharif,Sesamum,381.00,100.00
Haryana,BHIWANI,2002,Kharif,Urad,157.00,.00
Haryana,BHIWANI,2002,Rabi,Barley,6086.00,16000.00
Haryana,BHIWANI,2002,Rabi,Gram,25945.00,16000.00
Haryana,BHIWANI,2002,Rabi,Masoor,10.00,.00
Haryana,BHIWANI,2002,Rabi,Peas & beans (Pulses),2.00,.00
Haryana,BHIWANI,2002,Rabi,Rapeseed &Mustard,141780.00,164000.00
Haryana,BHIWANI,2002,Rabi,Wheat,127732.00,425000.00
Haryana,BHIWANI,2002,Whole Year,Other Fresh Fruits,490.00,1700.00
Haryana,BHIWANI,2002,Whole Year,Other Vegetables,1371.00,14500.00
Haryana,BHIWANI,2002,Whole Year,Sannhamp,22.00,.00
Haryana,BHIWANI,2002,Whole Year,Sugarcane,2949.00,150000.00
Haryana,BHIWANI,2003,Kharif,Arhar/Tur,777.00,600.00
Haryana,BHIWANI,2003,Kharif,Bajra,184241.00,243000.00
Haryana,BHIWANI,2003,Kharif,Cotton(lint),61897.00,121000.00
Haryana,BHIWANI,2003,Kharif,Groundnut,16.00,.00
Haryana,BHIWANI,2003,Kharif,Horse-gram,169.00,
Haryana,BHIWANI,2003,Kharif,Jowar,3650.00,1000.00
Haryana,BHIWANI,2003,Kharif,Maize,91.00,.00
Haryana,BHIWANI,2003,Kharif,Moong(Green Gram),9124.00,600.00
Haryana,BHIWANI,2003,Kharif,Moth,3019.00,200.00
Haryana,BHIWANI,2003,Kharif,Rice,9890.00,23000.00
Haryana,BHIWANI,2003,Kharif,Sesamum,193.00,.00
Haryana,BHIWANI,2003,Kharif,Urad,1.00,.00
Haryana,BHIWANI,2003,Rabi,Barley,4905.00,12000.00
Haryana,BHIWANI,2003,Rabi,Gram,57445.00,44000.00
Haryana,BHIWANI,2003,Rabi,Masoor,20.00,.00
Haryana,BHIWANI,2003,Rabi,Peas & beans (Pulses),5.00,.00
Haryana,BHIWANI,2003,Rabi,Rapeseed &Mustard,177557.00,277000.00
Haryana,BHIWANI,2003,Rabi,Wheat,130308.00,456000.00
Haryana,BHIWANI,2003,Whole Year,Dry chillies,110.00,100.00
Haryana,BHIWANI,2003,Whole Year,Onion,29.00,500.00
Haryana,BHIWANI,2003,Whole Year,Other Fresh Fruits,381.00,1900.00
Haryana,BHIWANI,2003,Whole Year,Other Vegetables,1432.00,15000.00
Haryana,BHIWANI,2003,Whole Year,Sannhamp,65.00,.00
Haryana,BHIWANI,2003,Whole Year,Sugarcane,2581.00,160000.00
Haryana,BHIWANI,2004,Kharif,Arhar/Tur,237.00,200.00
Haryana,BHIWANI,2004,Kharif,Bajra,181566.00,188000.00
Haryana,BHIWANI,2004,Kharif,Cotton(lint),73039.00,176000.00
Haryana,BHIWANI,2004,Kharif,Groundnut,100.00,100.00
Haryana,BHIWANI,2004,Kharif,Jowar,4685.00,1000.00
Haryana,BHIWANI,2004,Kharif,Maize,41.00,
Haryana,BHIWANI,2004,Kharif,Moong(Green Gram),4513.00,1600.00
Haryana,BHIWANI,2004,Kharif,Moth,6388.00,700.00
Haryana,BHIWANI,2004,Kharif,Rice,11412.00,14000.00
Haryana,BHIWANI,2004,Kharif,Sesamum,332.00,100.00
Haryana,BHIWANI,2004,Kharif,Urad,64.00,
Haryana,BHIWANI,2004,Rabi,Barley,4246.00,9000.00
Haryana,BHIWANI,2004,Rabi,Gram,68189.00,57000.00
Haryana,BHIWANI,2004,Rabi,Peas & beans (Pulses),1.00,
Haryana,BHIWANI,2004,Rabi,Rapeseed &Mustard,182924.00,198000.00
Haryana,BHIWANI,2004,Rabi,Wheat,126605.00,415000.00
Haryana,BHIWANI,2004,Whole Year,Onion,36.00,600.00
Haryana,BHIWANI,2004,Whole Year,Sugarcane,1425.00,50000.00
Haryana,BHIWANI,2005,Kharif,Arhar/Tur,764.00,800.00
Haryana,BHIWANI,2005,Kharif,Bajra,222539.00,153000.00
Haryana,BHIWANI,2005,Kharif,Cotton(lint),60491.00,105000.00
Haryana,BHIWANI,2005,Kharif,Groundnut,1108.00,900.00
Haryana,BHIWANI,2005,Kharif,Horse-gram,64.00,
Haryana,BHIWANI,2005,Kharif,Jowar,3155.00,1000.00
Haryana,BHIWANI,2005,Kharif,Maize,74.00,
Haryana,BHIWANI,2005,Kharif,Moong(Green Gram),4767.00,2000.00
Haryana,BHIWANI,2005,Kharif,Moth,919.00,100.00
Haryana,BHIWANI,2005,Kharif,Rice,12526.00,25000.00
Haryana,BHIWANI,2005,Kharif,Sesamum,196.00,
Haryana,BHIWANI,2005,Rabi,Barley,4900.00,12000.00
Haryana,BHIWANI,2005,Rabi,Gram,81696.00,43000.00
Haryana,BHIWANI,2005,Rabi,Peas & beans (Pulses),48.00,
Haryana,BHIWANI,2005,Rabi,Rapeseed &Mustard,178999.00,200000.00
Haryana,BHIWANI,2005,Rabi,Wheat,118627.00,39000.00
Haryana,BHIWANI,2005,Whole Year,Dry chillies,89.00,100.00
Haryana,BHIWANI,2005,Whole Year,Sannhamp,52.00,
Haryana,BHIWANI,2005,Whole Year,Sugarcane,1668.00,120000.00
Haryana,BHIWANI,2006,Kharif,Bajra,184722.00,248000.00
Haryana,BHIWANI,2006,Kharif,Castor seed,133.00,100.00
Haryana,BHIWANI,2006,Kharif,Cotton(lint),48614.00,103000.00
Haryana,BHIWANI,2006,Kharif,Jowar,2700.00,1000.00
Haryana,BHIWANI,2006,Kharif,Maize,56.00,
Haryana,BHIWANI,2006,Kharif,Moong(Green Gram),6324.00,2800.00
Haryana,BHIWANI,2006,Kharif,Rice,13666.00,26000.00
Haryana,BHIWANI,2006,Kharif,Sesamum,648.00,200.00
Haryana,BHIWANI,2006,Rabi,Barley,5849.00,18000.00
Haryana,BHIWANI,2006,Rabi,Gram,69859.00,56000.00
Haryana,BHIWANI,2006,Rabi,Masoor,2.00,
Haryana,BHIWANI,2006,Rabi,Rapeseed &Mustard,160303.00,206000.00
Haryana,BHIWANI,2006,Rabi,Wheat,133153.00,527000.00
Haryana,BHIWANI,2006,Whole Year,Sannhamp,52.00,
Haryana,BHIWANI,2006,Whole Year,Sugarcane,1752.00,104000.00
Haryana,BHIWANI,2007,Kharif,Arhar/Tur,1014.00,1000.00
Haryana,BHIWANI,2007,Kharif,Bajra,175988.00,263000.00
Haryana,BHIWANI,2007,Kharif,Castor seed,68.00,100.00
Haryana,BHIWANI,2007,Kharif,Cotton(lint),37338.00,99000.00
Haryana,BHIWANI,2007,Kharif,Groundnut,52.00,
Haryana,BHIWANI,2007,Kharif,Horse-gram,75.00,
Haryana,BHIWANI,2007,Kharif,Jowar,3958.00,2000.00
Haryana,BHIWANI,2007,Kharif,Maize,49.00,
Haryana,BHIWANI,2007,Kharif,Moong(Green Gram),3945.00,1600.00
Haryana,BHIWANI,2007,Kharif,Moth,1009.00,100.00
Haryana,BHIWANI,2007,Kharif,Rice,14818.00,40000.00
Haryana,BHIWANI,2007,Kharif,Sesamum,243.00,100.00
Haryana,BHIWANI,2007,Rabi,Barley,9976.00,26000.00
Haryana,BHIWANI,2007,Rabi,Gram,71657.00,32000.00
Haryana,BHIWANI,2007,Rabi,Peas & beans (Pulses),30.00,
Haryana,BHIWANI,2007,Rabi,Rapeseed &Mustard,137442.00,143000.00
Haryana,BHIWANI,2007,Rabi,Wheat,153151.00,519000.00
Haryana,BHIWANI,2007,Whole Year,Dry chillies,7.00,100.00
Haryana,BHIWANI,2007,Whole Year,Garlic,1.00,
Haryana,BHIWANI,2007,Whole Year,Onion,13.00,300.00
Haryana,BHIWANI,2007,Whole Year,Potato,2.00,
Haryana,BHIWANI,2007,Whole Year,Sannhamp,19.00,
Haryana,BHIWANI,2007,Whole Year,Sugarcane,1859.00,120000.00
Haryana,BHIWANI,2008,Kharif,Arhar/Tur,2669.00,2700.00
Haryana,BHIWANI,2008,Kharif,Bajra,174597.00,242000.00
Haryana,BHIWANI,2008,Kharif,Castor seed,41.00,
Haryana,BHIWANI,2008,Kharif,Cotton(lint),29815.00,74000.00
Haryana,BHIWANI,2008,Kharif,Groundnut,50.00,100.00
Haryana,BHIWANI,2008,Kharif,Jowar,5957.00,3000.00
Haryana,BHIWANI,2008,Kharif,Maize,25.00,
Haryana,BHIWANI,2008,Kharif,Moong(Green Gram),3876.00,1700.00
Haryana,BHIWANI,2008,Kharif,Moth,1394.00,200.00
Haryana,BHIWANI,2008,Kharif,Rice,21217.00,45000.00
Haryana,BHIWANI,2008,Kharif,Sesamum,495.00,200.00
Haryana,BHIWANI,2008,Rabi,Barley,12816.00,40000.00
Haryana,BHIWANI,2008,Rabi,Gram,76802.00,84000.00
Haryana,BHIWANI,2008,Rabi,Peas & beans (Pulses),22.00,
Haryana,BHIWANI,2008,Rabi,Rapeseed &Mustard,139801.00,214000.00
Haryana,BHIWANI,2008,Rabi,Wheat,151257.00,598000.00
Haryana,BHIWANI,2008,Whole Year,Dry chillies,136.00,1600.00
Haryana,BHIWANI,2008,Whole Year,Garlic,1.00,
Haryana,BHIWANI,2008,Whole Year,Onion,2.00,
Haryana,BHIWANI,2008,Whole Year,Sannhamp,92.00,
Haryana,BHIWANI,2008,Whole Year,Sugarcane,1217.00,61000.00
Haryana,BHIWANI,2009,Kharif,Arhar/Tur,1296.00,1300.00
Haryana,BHIWANI,2009,Kharif,Bajra,172121.00,181000.00
Haryana,BHIWANI,2009,Kharif,Castor seed,9.00,
Haryana,BHIWANI,2009,Kharif,Cotton(lint),32829.00,88000.00
Haryana,BHIWANI,2009,Kharif,Groundnut,1.00,
Haryana,BHIWANI,2009,Kharif,Jowar,6829.00,40.00
Haryana,BHIWANI,2009,Kharif,Maize,52.00,
Haryana,BHIWANI,2009,Kharif,Moong(Green Gram),2540.00,1100.00
Haryana,BHIWANI,2009,Kharif,Moth,1154.00,200.00
Haryana,BHIWANI,2009,Kharif,Rice,19028.00,44000.00
Haryana,BHIWANI,2009,Kharif,Sesamum,512.00,200.00
Haryana,BHIWANI,2009,Rabi,Barley,10691.00,35000.00
Haryana,BHIWANI,2009,Rabi,Gram,58116.00,42000.00
Haryana,BHIWANI,2009,Rabi,Wheat,156606.00,561000.00
Haryana,BHIWANI,2009,Whole Year,Sugarcane,909.00,83000.00
Haryana,BHIWANI,2010,Kharif,Arhar/Tur,2684.00,2900.00
Haryana,BHIWANI,2010,Kharif,Bajra,199982.00,326000.00
Haryana,BHIWANI,2010,Kharif,Castor seed,27.00,
Haryana,BHIWANI,2010,Kharif,Cotton(lint),34882.00,106000.00
Haryana,BHIWANI,2010,Kharif,Groundnut,9.00,
Haryana,BHIWANI,2010,Kharif,Maize,35.00,
Haryana,BHIWANI,2010,Kharif,Moong(Green Gram),5211.00,2300.00
Haryana,BHIWANI,2010,Kharif,Moth,3162.00,700.00
Haryana,BHIWANI,2010,Kharif,Other Kharif pulses,830.00,
Haryana,BHIWANI,2010,Kharif,Rice,21314.00,44000.00
Haryana,BHIWANI,2010,Kharif,Sesamum,804.00,300.00
Haryana,BHIWANI,2010,Rabi,Barley,9859.00,32000.00
Haryana,BHIWANI,2010,Rabi,Gram,67898.00,66000.00
Haryana,BHIWANI,2010,Rabi,Masoor,9.00,
Haryana,BHIWANI,2010,Rabi,Rapeseed &Mustard,137885.00,238000.00
Haryana,BHIWANI,2010,Rabi,Wheat,158991.00,710000.00
Haryana,BHIWANI,2010,Whole Year,Sannhamp,27.00,
Haryana,BHIWANI,2010,Whole Year,Sugarcane,1047.00,9000.00
Haryana,BHIWANI,2011,Kharif,Arhar/Tur,2583.00,2500.00
Haryana,BHIWANI,2011,Kharif,Bajra,170872.00,298000.00
Haryana,BHIWANI,2011,Kharif,Castor seed,17.00,
Haryana,BHIWANI,2011,Kharif,Cotton(lint),59565.00,216000.00
Haryana,BHIWANI,2011,Kharif,Groundnut,33.00,
Haryana,BHIWANI,2011,Kharif,Maize,35.00,
Haryana,BHIWANI,2011,Kharif,Moong(Green Gram),3166.00,1500.00
Haryana,BHIWANI,2011,Kharif,Moth,1319.00,300.00
Haryana,BHIWANI,2011,Kharif,Other Kharif pulses,323.00,
Haryana,BHIWANI,2011,Kharif,Rice,17520.00,46000.00
Haryana,BHIWANI,2011,Kharif,Sannhamp,15.00,
Haryana,BHIWANI,2011,Kharif,Sesamum,301.00,100.00
Haryana,BHIWANI,2011,Rabi,Barley,12812.00,43000.00
Haryana,BHIWANI,2011,Rabi,Gram,46915.00,42000.00
Haryana,BHIWANI,2011,Rabi,Rapeseed &Mustard,169808.00,204000.00
Haryana,BHIWANI,2011,Rabi,Wheat,151368.00,650000.00
Haryana,BHIWANI,2011,Whole Year,Sugarcane,2462.00,16000.00
Haryana,BHIWANI,2012,Kharif,Arhar/Tur,820.00,1014.00
Haryana,BHIWANI,2012,Kharif,Bajra,88740.00,123000.00
Haryana,BHIWANI,2012,Kharif,Castor seed,36.00,17.00
Haryana,BHIWANI,2012,Kharif,Cotton(lint),62612.00,231000.00
Haryana,BHIWANI,2012,Kharif,Groundnut,16.00,13.00
Haryana,BHIWANI,2012,Kharif,Maize,74.00,
Haryana,BHIWANI,2012,Kharif,Moong(Green Gram),1762.00,849.00
Haryana,BHIWANI,2012,Kharif,Moth,239.00,60.00
Haryana,BHIWANI,2012,Kharif,Rice,14981.00,40000.00
Haryana,BHIWANI,2012,Kharif,Sannhamp,19.00,9.00
Haryana,BHIWANI,2012,Kharif,Sesamum,91.00,32.00
Haryana,BHIWANI,2012,Rabi,Barley,12209.00,39000.00
Haryana,BHIWANI,2012,Rabi,Gram,25576.00,29000.00
Haryana,BHIWANI,2012,Rabi,Masoor,1.00,
Haryana,BHIWANI,2012,Rabi,Rapeseed &Mustard,162459.00,265100.00
Haryana,BHIWANI,2012,Rabi,Wheat,162442.00,657000.00
Haryana,BHIWANI,2012,Whole Year,Dry chillies,90.00,900.00
Haryana,BHIWANI,2012,Whole Year,Garlic,6.00,100.00
Haryana,BHIWANI,2012,Whole Year,Guar seed,160849.00,120675.00
Haryana,BHIWANI,2012,Whole Year,Sugarcane,2463.00,128000.00
Haryana,FARIDABAD,1997,Kharif,Bajra,19000.00,22000.00
Haryana,FARIDABAD,1997,Kharif,Jowar,28000.00,8000.00
Haryana,FARIDABAD,1997,Kharif,Maize,1000.00,2000.00
Haryana,FARIDABAD,1997,Kharif,Other Kharif pulses,6800.00,4500.00
Haryana,FARIDABAD,1997,Kharif,Rice,21000.00,59000.00
Haryana,FARIDABAD,1997,Rabi,Barley,2000.00,5000.00
Haryana,FARIDABAD,1997,Rabi,Other  Rabi pulses,6000.00,2000.00
Haryana,FARIDABAD,1997,Rabi,Wheat,119000.00,449000.00
Haryana,FARIDABAD,1997,Whole Year,Sugarcane,9000.00,380000.00
Haryana,FARIDABAD,1998,Kharif,Arhar/Tur,2952.00,2600.00
Haryana,FARIDABAD,1998,Kharif,Bajra,15532.00,16000.00
Haryana,FARIDABAD,1998,Kharif,Cotton(lint),148.00,
Haryana,FARIDABAD,1998,Kharif,Jowar,21027.00,4000.00
Haryana,FARIDABAD,1998,Kharif,Maize,323.00,
Haryana,FARIDABAD,1998,Kharif,Moong(Green Gram),368.00,100.00
Haryana,FARIDABAD,1998,Kharif,Moth,1992.00,400.00
Haryana,FARIDABAD,1998,Kharif,Rice,30124.00,70000.00
Haryana,FARIDABAD,1998,Kharif,Sesamum,533.00,100.00
Haryana,FARIDABAD,1998,Kharif,Urad,215.00,
Haryana,FARIDABAD,1998,Rabi,Barley,3024.00,7000.00
Haryana,FARIDABAD,1998,Rabi,Gram,108.00,
Haryana,FARIDABAD,1998,Rabi,Masoor,365.00,200.00
Haryana,FARIDABAD,1998,Rabi,Peas & beans (Pulses),115.00,100.00
Haryana,FARIDABAD,1998,Rabi,Rapeseed &Mustard,5791.00,8000.00
Haryana,FARIDABAD,1998,Rabi,Wheat,128881.00,459000.00
Haryana,FARIDABAD,1998,Whole Year,Dry chillies,47.00,
Haryana,FARIDABAD,1998,Whole Year,Onion,1.00,
Haryana,FARIDABAD,1998,Whole Year,Potato,383.00,5700.00
Haryana,FARIDABAD,1998,Whole Year,Sugarcane,6093.00,250000.00
Haryana,FARIDABAD,1998,Whole Year,Sweet potato,7.00,100.00
Haryana,FARIDABAD,1999,Kharif,Arhar/Tur,3077.00,2300.00
Haryana,FARIDABAD,1999,Kharif,Bajra,15274.00,15000.00
Haryana,FARIDABAD,1999,Kharif,Cotton(lint),98.00,.00
Haryana,FARIDABAD,1999,Kharif,Jowar,19892.00,3000.00
Haryana,FARIDABAD,1999,Kharif,Maize,791.00,2000.00
Haryana,FARIDABAD,1999,Kharif,Moong(Green Gram),301.00,.00
Haryana,FARIDABAD,1999,Kharif,Rice,28820.00,58000.00
Haryana,FARIDABAD,1999,Kharif,Sesamum,703.00,.00
Haryana,FARIDABAD,1999,Rabi,Barley,2790.00,6000.00
Haryana,FARIDABAD,1999,Rabi,Gram,80.00,.00
Haryana,FARIDABAD,1999,Rabi,Masoor,297.00,100.00
Haryana,FARIDABAD,1999,Rabi,Peas & beans (Pulses),50.00,
Haryana,FARIDABAD,1999,Rabi,Rapeseed &Mustard,5327.00,7000.00
Haryana,FARIDABAD,1999,Rabi,Sunflower,3.00,
Haryana,FARIDABAD,1999,Rabi,Wheat,130923.00,545000.00
Haryana,FARIDABAD,1999,Whole Year,Dry chillies,137.00,100.00
Haryana,FARIDABAD,1999,Whole Year,Onion,1.00,
Haryana,FARIDABAD,1999,Whole Year,Potato,120.00,1900.00
Haryana,FARIDABAD,1999,Whole Year,Sugarcane,8326.00,410000.00
Haryana,FARIDABAD,2000,Kharif,Arhar/Tur,3287.00,2500.00
Haryana,FARIDABAD,2000,Kharif,Bajra,14162.00,19000.00
Haryana,FARIDABAD,2000,Kharif,Cotton(lint),87.00,.00
Haryana,FARIDABAD,2000,Kharif,Jowar,18461.00,5000.00
Haryana,FARIDABAD,2000,Kharif,Maize,764.00,2000.00
Haryana,FARIDABAD,2000,Kharif,Moong(Green Gram),319.00,.00
Haryana,FARIDABAD,2000,Kharif,Other Kharif pulses,2761.00,500.00
Haryana,FARIDABAD,2000,Kharif,Rice,28959.00,80000.00
Haryana,FARIDABAD,2000,Kharif,Sesamum,456.00,100.00
Haryana,FARIDABAD,2000,Kharif,Urad,162.00,.00
Haryana,FARIDABAD,2000,Rabi,Barley,1913.00,6000.00
Haryana,FARIDABAD,2000,Rabi,Gram,5.00,.00
Haryana,FARIDABAD,2000,Rabi,Masoor,34.00,.00
Haryana,FARIDABAD,2000,Rabi,Peas & beans (Pulses),28.00,.00
Haryana,FARIDABAD,2000,Rabi,Rapeseed &Mustard,3801.00,6000.00
Haryana,FARIDABAD,2000,Rabi,Wheat,133898.00,539000.00
Haryana,FARIDABAD,2000,Whole Year,Dry chillies,137.00,100.00
Haryana,FARIDABAD,2000,Whole Year,Garlic,3.00,.00
Haryana,FARIDABAD,2000,Whole Year,Potato,66.00,1000.00
Haryana,FARIDABAD,2000,Whole Year,Sannhamp,1.00,.00
Haryana,FARIDABAD,2000,Whole Year,Sugarcane,7418.00,360000.00
Haryana,FARIDABAD,2000,Whole Year,Sweet potato,9.00,100.00
Haryana,FARIDABAD,2001,Kharif,Arhar/Tur,3519.00,2800.00
Haryana,FARIDABAD,2001,Kharif,Bajra,13056.00,19000.00
Haryana,FARIDABAD,2001,Kharif,Cotton(lint),52.00,
Haryana,FARIDABAD,2001,Kharif,Jowar,17739.00,4000.00
Haryana,FARIDABAD,2001,Kharif,Maize,931.00,3000.00
Haryana,FARIDABAD,2001,Kharif,Moong(Green Gram),391.00,100.00
Haryana,FARIDABAD,2001,Kharif,Rice,31274.00,88000.00
Haryana,FARIDABAD,2001,Kharif,Sesamum,553.00,100.00
Haryana,FARIDABAD,2001,Kharif,Urad,157.00,.00
Haryana,FARIDABAD,2001,Rabi,Barley,1825.00,6000.00
Haryana,FARIDABAD,2001,Rabi,Gram,10.00,.00
Haryana,FARIDABAD,2001,Rabi,Masoor,9.00,.00
Haryana,FARIDABAD,2001,Rabi,Peas & beans (Pulses),9.00,.00
Haryana,FARIDABAD,2001,Rabi,Rapeseed &Mustard,4554.00,9000.00
Haryana,FARIDABAD,2001,Rabi,Wheat,132332.00,520000.00
Haryana,FARIDABAD,2001,Whole Year,Dry chillies,167.00,300.00
Haryana,FARIDABAD,2001,Whole Year,Onion,9.00,100.00
Haryana,FARIDABAD,2001,Whole Year,Potato,214.00,4400.00
Haryana,FARIDABAD,2001,Whole Year,Sannhamp,1496.00,600.00
Haryana,FARIDABAD,2001,Whole Year,Sugarcane,6596.00,370000.00
Haryana,FARIDABAD,2001,Whole Year,Sweet potato,19.00,.00
Haryana,FARIDABAD,2002,Kharif,Arhar/Tur,4925.00,3800.00
Haryana,FARIDABAD,2002,Kharif,Bajra,5787.00,7000.00
Haryana,FARIDABAD,2002,Kharif,Cotton(lint),236.00,.00
Haryana,FARIDABAD,2002,Kharif,Jowar,24615.00,5000.00
Haryana,FARIDABAD,2002,Kharif,Maize,797.00,2000.00
Haryana,FARIDABAD,2002,Kharif,Moong(Green Gram),109.00,.00
Haryana,FARIDABAD,2002,Kharif,Rice,18092.00,48000.00
Haryana,FARIDABAD,2002,Kharif,Urad,43.00,.00
Haryana,FARIDABAD,2002,Rabi,Barley,1678.00,6000.00
Haryana,FARIDABAD,2002,Rabi,Gram,5.00,.00
Haryana,FARIDABAD,2002,Rabi,Masoor,21.00,.00
Haryana,FARIDABAD,2002,Rabi,Peas & beans (Pulses),39.00,.00
Haryana,FARIDABAD,2002,Rabi,Rapeseed &Mustard,6452.00,9000.00
Haryana,FARIDABAD,2002,Rabi,Wheat,128491.00,526000.00
Haryana,FARIDABAD,2002,Whole Year,Banana,2.00,.00
Haryana,FARIDABAD,2002,Whole Year,Other Fresh Fruits,971.00,7800.00
Haryana,FARIDABAD,2002,Whole Year,Other Vegetables,3894.00,19400.00
Haryana,FARIDABAD,2002,Whole Year,Potato,347.00,6600.00
Haryana,FARIDABAD,2002,Whole Year,Sugarcane,7753.00,400000.00
Haryana,FARIDABAD,2002,Whole Year,Sweet potato,2.00,.00
Haryana,FARIDABAD,2003,Kharif,Arhar/Tur,3593.00,4400.00
Haryana,FARIDABAD,2003,Kharif,Bajra,10233.00,14000.00
Haryana,FARIDABAD,2003,Kharif,Cotton(lint),105.00,.00
Haryana,FARIDABAD,2003,Kharif,Groundnut,2.00,.00
Haryana,FARIDABAD,2003,Kharif,Horse-gram,3520.00,600.00
Haryana,FARIDABAD,2003,Kharif,Jowar,17116.00,4000.00
Haryana,FARIDABAD,2003,Kharif,Maize,202.00,.00
Haryana,FARIDABAD,2003,Kharif,Moong(Green Gram),322.00,100.00
Haryana,FARIDABAD,2003,Kharif,Rice,28333.00,78000.00
Haryana,FARIDABAD,2003,Kharif,Sesamum,479.00,100.00
Haryana,FARIDABAD,2003,Kharif,Urad,126.00,.00
Haryana,FARIDABAD,2003,Rabi,Barley,1470.00,4000.00
Haryana,FARIDABAD,2003,Rabi,Gram,7.00,.00
Haryana,FARIDABAD,2003,Rabi,Masoor,58.00,.00
Haryana,FARIDABAD,2003,Rabi,Peas & beans (Pulses),25.00,.00
Haryana,FARIDABAD,2003,Rabi,Rapeseed &Mustard,5532.00,9000.00
Haryana,FARIDABAD,2003,Rabi,Wheat,131447.00,520000.00
Haryana,FARIDABAD,2003,Whole Year,Banana,5.00,.00
Haryana,FARIDABAD,2003,Whole Year,Other Fresh Fruits,859.00,4400.00
Haryana,FARIDABAD,2003,Whole Year,Other Vegetables,3903.00,19300.00
Haryana,FARIDABAD,2003,Whole Year,Potato,251.00,4900.00
Haryana,FARIDABAD,2003,Whole Year,Sugarcane,7174.00,340000.00
Haryana,FARIDABAD,2004,Kharif,Arhar/Tur,3460.00,2800.00
Haryana,FARIDABAD,2004,Kharif,Bajra,10363.00,12000.00
Haryana,FARIDABAD,2004,Kharif,Cotton(lint),210.00,
Haryana,FARIDABAD,2004,Kharif,Groundnut,3.00,
Haryana,FARIDABAD,2004,Kharif,Jowar,14836.00,4000.00
Haryana,FARIDABAD,2004,Kharif,Maize,245.00,
Haryana,FARIDABAD,2004,Kharif,Moong(Green Gram),264.00,100.00
Haryana,FARIDABAD,2004,Kharif,Rice,28255.00,68000.00
Haryana,FARIDABAD,2004,Kharif,Sesamum,279.00,100.00
Haryana,FARIDABAD,2004,Kharif,Urad,92.00,
Haryana,FARIDABAD,2004,Rabi,Barley,1747.00,5000.00
Haryana,FARIDABAD,2004,Rabi,Gram,2.00,
Haryana,FARIDABAD,2004,Rabi,Masoor,113.00,
Haryana,FARIDABAD,2004,Rabi,Peas & beans (Pulses),27.00,
Haryana,FARIDABAD,2004,Rabi,Rapeseed &Mustard,5203.00,6000.00
Haryana,FARIDABAD,2004,Rabi,Wheat,135774.00,526000.00
Haryana,FARIDABAD,2004,Whole Year,Potato,255.00,4800.00
Haryana,FARIDABAD,2004,Whole Year,Sugarcane,5833.00,290000.00
Haryana,FARIDABAD,2005,Kharif,Arhar/Tur,2721.00,2000.00
Haryana,FARIDABAD,2005,Kharif,Bajra,8654.00,13000.00
Haryana,FARIDABAD,2005,Kharif,Cotton(lint),258.00,
Haryana,FARIDABAD,2005,Kharif,Groundnut,1.00,
Haryana,FARIDABAD,2005,Kharif,Horse-gram,1767.00,500.00
Haryana,FARIDABAD,2005,Kharif,Jowar,8650.00,2000.00
Haryana,FARIDABAD,2005,Kharif,Maize,47.00,
Haryana,FARIDABAD,2005,Kharif,Moong(Green Gram),2278.00,1100.00
Haryana,FARIDABAD,2005,Kharif,Rice,26376.00,70000.00
Haryana,FARIDABAD,2005,Kharif,Sesamum,309.00,100.00
Haryana,FARIDABAD,2005,Kharif,Urad,7.00,
Haryana,FARIDABAD,2005,Rabi,Barley,1191.00,3000.00
Haryana,FARIDABAD,2005,Rabi,Gram,35.00,
Haryana,FARIDABAD,2005,Rabi,Masoor,9.00,
Haryana,FARIDABAD,2005,Rabi,Peas & beans (Pulses),16.00,
Haryana,FARIDABAD,2005,Rabi,Rapeseed &Mustard,4925.00,8000.00
Haryana,FARIDABAD,2005,Rabi,Wheat,104549.00,383000.00
Haryana,FARIDABAD,2005,Whole Year,Onion,12.00,200.00
Haryana,FARIDABAD,2005,Whole Year,Potato,249.00,4700.00
Haryana,FARIDABAD,2005,Whole Year,Sugarcane,5184.00,240000.00
Haryana,FARIDABAD,2005,Whole Year,Sweet potato,11.00,200.00
Haryana,FARIDABAD,2006,Kharif,Arhar/Tur,2590.00,1900.00
Haryana,FARIDABAD,2006,Kharif,Bajra,8868.00,16000.00
Haryana,FARIDABAD,2006,Kharif,Cotton(lint),178.00,
Haryana,FARIDABAD,2006,Kharif,Groundnut,2.00,
Haryana,FARIDABAD,2006,Kharif,Horse-gram,1528.00,400.00
Haryana,FARIDABAD,2006,Kharif,Jowar,8967.00,3000.00
Haryana,FARIDABAD,2006,Kharif,Maize,89.00,
Haryana,FARIDABAD,2006,Kharif,Moong(Green Gram),203.00,100.00
Haryana,FARIDABAD,2006,Kharif,Rice,27360.00,84000.00
Haryana,FARIDABAD,2006,Kharif,Sesamum,224.00,100.00
Haryana,FARIDABAD,2006,Kharif,Urad,7.00,
Haryana,FARIDABAD,2006,Rabi,Barley,1699.00,7000.00
Haryana,FARIDABAD,2006,Rabi,Gram,11.00,
Haryana,FARIDABAD,2006,Rabi,Masoor,16.00,
Haryana,FARIDABAD,2006,Rabi,Peas & beans (Pulses),8.00,
Haryana,FARIDABAD,2006,Rabi,Rapeseed &Mustard,4220.00,6000.00
Haryana,FARIDABAD,2006,Rabi,Wheat,104820.00,389000.00
Haryana,FARIDABAD,2006,Whole Year,Dry chillies,5.00,
Haryana,FARIDABAD,2006,Whole Year,Onion,1.00,
Haryana,FARIDABAD,2006,Whole Year,Potato,183.00,3500.00
Haryana,FARIDABAD,2006,Whole Year,Sugarcane,5425.00,267000.00
Haryana,FARIDABAD,2007,Kharif,Arhar/Tur,2264.00,2000.00
Haryana,FARIDABAD,2007,Kharif,Bajra,9763.00,17000.00
Haryana,FARIDABAD,2007,Kharif,Cotton(lint),130.00,
Haryana,FARIDABAD,2007,Kharif,Groundnut,2.00,
Haryana,FARIDABAD,2007,Kharif,Jowar,10044.00,5000.00
Haryana,FARIDABAD,2007,Kharif,Maize,67.00,
Haryana,FARIDABAD,2007,Kharif,Moong(Green Gram),3431.00,1700.00
Haryana,FARIDABAD,2007,Kharif,Other Kharif pulses,2698.00,1100.00
Haryana,FARIDABAD,2007,Kharif,Rice,29214.00,94000.00
Haryana,FARIDABAD,2007,Kharif,Sesamum,194.00,100.00
Haryana,FARIDABAD,2007,Kharif,Urad,35.00,
Haryana,FARIDABAD,2007,Rabi,Barley,1130.00,3000.00
Haryana,FARIDABAD,2007,Rabi,Gram,4.00,
Haryana,FARIDABAD,2007,Rabi,Masoor,2.00,
Haryana,FARIDABAD,2007,Rabi,Peas & beans (Pulses),8.00,
Haryana,FARIDABAD,2007,Rabi,Rapeseed &Mustard,3490.00,5000.00
Haryana,FARIDABAD,2007,Rabi,Wheat,103867.00,485000.00
Haryana,FARIDABAD,2007,Whole Year,Sugarcane,4820.00,290000.00
Haryana,FARIDABAD,2008,Kharif,Arhar/Tur,736.00,700.00
Haryana,FARIDABAD,2008,Kharif,Bajra,4313.00,7000.00
Haryana,FARIDABAD,2008,Kharif,Cotton(lint),5.00,
Haryana,FARIDABAD,2008,Kharif,Jowar,2032.00,1000.00
Haryana,FARIDABAD,2008,Kharif,Maize,16.00,
Haryana,FARIDABAD,2008,Kharif,Moong(Green Gram),29.00,
Haryana,FARIDABAD,2008,Kharif,Rice,8447.00,22000.00
Haryana,FARIDABAD,2008,Kharif,Sesamum,38.00,
Haryana,FARIDABAD,2008,Rabi,Barley,364.00,3000.00
Haryana,FARIDABAD,2008,Rabi,Rapeseed &Mustard,845.00,2000.00
Haryana,FARIDABAD,2008,Rabi,Wheat,33660.00,159000.00
Haryana,FARIDABAD,2008,Whole Year,Potato,85.00,1900.00
Haryana,FARIDABAD,2008,Whole Year,Sugarcane,906.00,54000.00
Haryana,FARIDABAD,2009,Kharif,Arhar/Tur,301.00,300.00
Haryana,FARIDABAD,2009,Kharif,Bajra,3653.00,6000.00
Haryana,FARIDABAD,2009,Kharif,Jowar,1866.00,10.00
Haryana,FARIDABAD,2009,Kharif,Moong(Green Gram),3.00,
Haryana,FARIDABAD,2009,Kharif,Moth,601.00,300.00
Haryana,FARIDABAD,2009,Kharif,Rice,9560.00,24000.00
Haryana,FARIDABAD,2009,Kharif,Sesamum,50.00,
Haryana,FARIDABAD,2009,Rabi,Barley,293.00,
Haryana,FARIDABAD,2009,Rabi,Wheat,33850.00,136000.00
Haryana,FARIDABAD,2009,Whole Year,Potato,74.00,1600.00
Haryana,FARIDABAD,2009,Whole Year,Sugarcane,801.00,54000.00
Haryana,FARIDABAD,2010,Kharif,Bajra,4384.00,5000.00
Haryana,FARIDABAD,2010,Kharif,Cotton(lint),8.00,
Haryana,FARIDABAD,2010,Kharif,Groundnut,1.00,
Haryana,FARIDABAD,2010,Kharif,Jowar,1930.00,1000.00
Haryana,FARIDABAD,2010,Kharif,Maize,3.00,
Haryana,FARIDABAD,2010,Kharif,Moong(Green Gram),283.00,200.00
Haryana,FARIDABAD,2010,Kharif,Other Kharif pulses,509.00,
Haryana,FARIDABAD,2010,Kharif,Rice,9550.00,18000.00
Haryana,FARIDABAD,2010,Kharif,Sesamum,169.00,100.00
Haryana,FARIDABAD,2010,Kharif,Urad,4.00,
Haryana,FARIDABAD,2010,Rabi,Barley,337.00,
Haryana,FARIDABAD,2010,Rabi,Gram,2.00,
Haryana,FARIDABAD,2010,Rabi,Rapeseed &Mustard,935.00,2000.00
Haryana,FARIDABAD,2010,Rabi,Wheat,31683.00,145000.00
Haryana,FARIDABAD,2010,Whole Year,Sugarcane,809.00,5000.00
Haryana,FARIDABAD,2010,Whole Year,Sweet potato,4.00,
Haryana,FARIDABAD,2011,Kharif,Arhar/Tur,233.00,200.00
Haryana,FARIDABAD,2011,Kharif,Bajra,3925.00,6000.00
Haryana,FARIDABAD,2011,Kharif,Cotton(lint),57.00,
Haryana,FARIDABAD,2011,Kharif,Jowar,864.00,1000.00
Haryana,FARIDABAD,2011,Kharif,Maize,49.00,
Haryana,FARIDABAD,2011,Kharif,Moong(Green Gram),9.00,
Haryana,FARIDABAD,2011,Kharif,Rice,11554.00,28000.00
Haryana,FARIDABAD,2011,Kharif,Sesamum,91.00,
Haryana,FARIDABAD,2011,Kharif,Urad,5.00,
Haryana,FARIDABAD,2011,Rabi,Peas & beans (Pulses),8.00,
Haryana,FARIDABAD,2011,Rabi,Rapeseed &Mustard,746.00,2000.00
Haryana,FARIDABAD,2011,Rabi,Wheat,30475.00,150000.00
Haryana,FARIDABAD,2011,Whole Year,Sugarcane,579.00,8000.00
Haryana,FARIDABAD,2012,Kharif,Arhar/Tur,174.00,201.00
Haryana,FARIDABAD,2012,Kharif,Bajra,3477.00,5000.00
Haryana,FARIDABAD,2012,Kharif,Cotton(lint),122.00,
Haryana,FARIDABAD,2012,Kharif,Jowar,616.00,500.00
Haryana,FARIDABAD,2012,Kharif,Rice,10709.00,25000.00
Haryana,FARIDABAD,2012,Kharif,Sesamum,49.00,19.00
Haryana,FARIDABAD,2012,Kharif,Urad,2.00,
Haryana,FARIDABAD,2012,Rabi,Barley,302.00,
Haryana,FARIDABAD,2012,Rabi,Gram,14.00,
Haryana,FARIDABAD,2012,Rabi,Rapeseed &Mustard,590.00,1000.00
Haryana,FARIDABAD,2012,Rabi,Wheat,31055.00,141000.00
Haryana,FARIDABAD,2012,Whole Year,Sugarcane,668.00,74000.00
Haryana,FATEHABAD,1997,Kharif,Bajra,11000.00,17000.00
Haryana,FATEHABAD,1997,Kharif,Other Kharif pulses,1700.00,1300.00
Haryana,FATEHABAD,1997,Kharif,Rice,52000.00,184000.00
Haryana,FATEHABAD,1997,Rabi,Barley,7000.00,15000.00
Haryana,FATEHABAD,1997,Rabi,Gram,13000.00,11000.00
Haryana,FATEHABAD,1997,Rabi,Wheat,161000.00,625000.00
Haryana,FATEHABAD,1997,Whole Year,Cotton(lint),108000.00,194000.00
Haryana,FATEHABAD,1997,Whole Year,Sugarcane,2000.00,100000.00
Haryana,FATEHABAD,1998,Kharif,Arhar/Tur,66.00,100.00
Haryana,FATEHABAD,1998,Kharif,Bajra,12800.00,19000.00
Haryana,FATEHABAD,1998,Kharif,Cotton(lint),102017.00,162000.00
Haryana,FATEHABAD,1998,Kharif,Groundnut,19.00,
Haryana,FATEHABAD,1998,Kharif,Maize,25.00,
Haryana,FATEHABAD,1998,Kharif,Moong(Green Gram),1911.00,700.00
Haryana,FATEHABAD,1998,Kharif,Moth,1.00,
Haryana,FATEHABAD,1998,Kharif,Rice,70105.00,208000.00
Haryana,FATEHABAD,1998,Kharif,Sesamum,182.00,100.00
Haryana,FATEHABAD,1998,Rabi,Barley,4025.00,12000.00
Haryana,FATEHABAD,1998,Rabi,Gram,14070.00,14000.00
Haryana,FATEHABAD,1998,Rabi,Masoor,30.00,100.00
Haryana,FATEHABAD,1998,Rabi,Rapeseed &Mustard,23011.00,24000.00
Haryana,FATEHABAD,1998,Rabi,Sunflower,11.00,
Haryana,FATEHABAD,1998,Rabi,Wheat,164506.00,683000.00
Haryana,FATEHABAD,1998,Whole Year,Dry chillies,88.00,100.00
Haryana,FATEHABAD,1998,Whole Year,Potato,685.00,9600.00
Haryana,FATEHABAD,1998,Whole Year,Sugarcane,1258.00,60000.00
Haryana,FATEHABAD,1999,Kharif,Arhar/Tur,40.00,.00
Haryana,FATEHABAD,1999,Kharif,Bajra,11814.00,15000.00
Haryana,FATEHABAD,1999,Kharif,Cotton(lint),95677.00,243000.00
Haryana,FATEHABAD,1999,Kharif,Groundnut,15.00,.00
Haryana,FATEHABAD,1999,Kharif,Maize,114.00,.00
Haryana,FATEHABAD,1999,Kharif,Moong(Green Gram),1059.00,300.00
Haryana,FATEHABAD,1999,Kharif,Rice,69238.00,164000.00
Haryana,FATEHABAD,1999,Kharif,Sesamum,283.00,.00
Haryana,FATEHABAD,1999,Kharif,Urad,28.00,100.00
Haryana,FATEHABAD,1999,Rabi,Barley,4237.00,12000.00
Haryana,FATEHABAD,1999,Rabi,Gram,3759.00,4000.00
Haryana,FATEHABAD,1999,Rabi,Masoor,28.00,
Haryana,FATEHABAD,1999,Rabi,Peas & beans (Pulses),15.00,.00
Haryana,FATEHABAD,1999,Rabi,Rapeseed &Mustard,13906.00,21000.00
Haryana,FATEHABAD,1999,Rabi,Sunflower,37.00,
Haryana,FATEHABAD,1999,Rabi,Wheat,166991.00,745000.00
Haryana,FATEHABAD,1999,Whole Year,Dry chillies,125.00,100.00
Haryana,FATEHABAD,1999,Whole Year,Onion,2.00,
Haryana,FATEHABAD,1999,Whole Year,Potato,681.00,10700.00
Haryana,FATEHABAD,1999,Whole Year,Sugarcane,1729.00,130000.00
Haryana,FATEHABAD,2000,Kharif,Arhar/Tur,27.00,
Haryana,FATEHABAD,2000,Kharif,Bajra,10273.00,14000.00
Haryana,FATEHABAD,2000,Kharif,Cotton(lint),107704.00,289000.00
Haryana,FATEHABAD,2000,Kharif,Groundnut,5.00,.00
Haryana,FATEHABAD,2000,Kharif,Maize,94.00,.00
Haryana,FATEHABAD,2000,Kharif,Moong(Green Gram),699.00,200.00
Haryana,FATEHABAD,2000,Kharif,Moth,1.00,.00
Haryana,FATEHABAD,2000,Kharif,Rice,61308.00,199000.00
Haryana,FATEHABAD,2000,Kharif,Sesamum,196.00,100.00
Haryana,FATEHABAD,2000,Kharif,Urad,1.00,.00
Haryana,FATEHABAD,2000,Rabi,Barley,4777.00,16000.00
Haryana,FATEHABAD,2000,Rabi,Gram,1685.00,2000.00
Haryana,FATEHABAD,2000,Rabi,Masoor,27.00,.00
Haryana,FATEHABAD,2000,Rabi,Peas & beans (Pulses),54.00,100.00
Haryana,FATEHABAD,2000,Rabi,Rapeseed &Mustard,11838.00,18000.00
Haryana,FATEHABAD,2000,Rabi,Wheat,173546.00,757000.00
Haryana,FATEHABAD,2000,Whole Year,Dry chillies,162.00,200.00
Haryana,FATEHABAD,2000,Whole Year,Onion,9.00,200.00
Haryana,FATEHABAD,2000,Whole Year,Potato,459.00,7200.00
Haryana,FATEHABAD,2000,Whole Year,Sannhamp,3.00,.00
Haryana,FATEHABAD,2000,Whole Year,Sugarcane,2090.00,120000.00
Haryana,FATEHABAD,2001,Kharif,Bajra,10101.00,15000.00
Haryana,FATEHABAD,2001,Kharif,Cotton(lint),114880.00,136000.00
Haryana,FATEHABAD,2001,Kharif,Maize,154.00,.00
Haryana,FATEHABAD,2001,Kharif,Moong(Green Gram),1063.00,300.00
Haryana,FATEHABAD,2001,Kharif,Moth,90.00,.00
Haryana,FATEHABAD,2001,Kharif,Rice,58359.00,175000.00
Haryana,FATEHABAD,2001,Kharif,Sesamum,126.00,100.00
Haryana,FATEHABAD,2001,Rabi,Barley,3105.00,10000.00
Haryana,FATEHABAD,2001,Rabi,Gram,2686.00,3000.00
Haryana,FATEHABAD,2001,Rabi,Masoor,28.00,100.00
Haryana,FATEHABAD,2001,Rabi,Peas & beans (Pulses),33.00,.00
Haryana,FATEHABAD,2001,Rabi,Rapeseed &Mustard,16932.00,24000.00
Haryana,FATEHABAD,2001,Rabi,Wheat,171860.00,731000.00
Haryana,FATEHABAD,2001,Whole Year,Dry chillies,122.00,200.00
Haryana,FATEHABAD,2001,Whole Year,Onion,4.00,100.00
Haryana,FATEHABAD,2001,Whole Year,Potato,279.00,6300.00
Haryana,FATEHABAD,2001,Whole Year,Sugarcane,3036.00,180000.00
Haryana,FATEHABAD,2002,Kharif,Bajra,12923.00,14000.00
Haryana,FATEHABAD,2002,Kharif,Cotton(lint),80297.00,170000.00
Haryana,FATEHABAD,2002,Kharif,Maize,67.00,.00
Haryana,FATEHABAD,2002,Kharif,Moong(Green Gram),1324.00,400.00
Haryana,FATEHABAD,2002,Kharif,Moth,914.00,100.00
Haryana,FATEHABAD,2002,Kharif,Rice,66915.00,202000.00
Haryana,FATEHABAD,2002,Kharif,Sesamum,854.00,500.00
Haryana,FATEHABAD,2002,Rabi,Barley,2895.00,8000.00
Haryana,FATEHABAD,2002,Rabi,Gram,1639.00,2000.00
Haryana,FATEHABAD,2002,Rabi,Masoor,10.00,.00
Haryana,FATEHABAD,2002,Rabi,Peas & beans (Pulses),12.00,.00
Haryana,FATEHABAD,2002,Rabi,Rapeseed &Mustard,19643.00,21000.00
Haryana,FATEHABAD,2002,Rabi,Wheat,172055.00,715000.00
Haryana,FATEHABAD,2002,Whole Year,Grapes,295.00,3700.00
Haryana,FATEHABAD,2002,Whole Year,Onion,6.00,100.00
Haryana,FATEHABAD,2002,Whole Year,Other Fresh Fruits,207.00,800.00
Haryana,FATEHABAD,2002,Whole Year,Other Vegetables,805.00,5800.00
Haryana,FATEHABAD,2002,Whole Year,Potato,255.00,6500.00
Haryana,FATEHABAD,2002,Whole Year,Sugarcane,3774.00,210000.00
Haryana,FATEHABAD,2003,Kharif,Arhar/Tur,15.00,.00
Haryana,FATEHABAD,2003,Kharif,Bajra,14640.00,18000.00
Haryana,FATEHABAD,2003,Kharif,Cotton(lint),87142.00,268000.00
Haryana,FATEHABAD,2003,Kharif,Groundnut,83.00,100.00
Haryana,FATEHABAD,2003,Kharif,Maize,34.00,.00
Haryana,FATEHABAD,2003,Kharif,Moong(Green Gram),651.00,100.00
Haryana,FATEHABAD,2003,Kharif,Moth,246.00,.00
Haryana,FATEHABAD,2003,Kharif,Rice,65108.00,218000.00
Haryana,FATEHABAD,2003,Kharif,Sesamum,165.00,100.00
Haryana,FATEHABAD,2003,Rabi,Barley,1822.00,6000.00
Haryana,FATEHABAD,2003,Rabi,Gram,2673.00,3000.00
Haryana,FATEHABAD,2003,Rabi,Masoor,5.00,.00
Haryana,FATEHABAD,2003,Rabi,Peas & beans (Pulses),29.00,100.00
Haryana,FATEHABAD,2003,Rabi,Rapeseed &Mustard,16944.00,28000.00
Haryana,FATEHABAD,2003,Rabi,Wheat,164753.00,705000.00
Haryana,FATEHABAD,2003,Whole Year,Dry chillies,49.00,100.00
Haryana,FATEHABAD,2003,Whole Year,Grapes,170.00,50.00
Haryana,FATEHABAD,2003,Whole Year,Other Fresh Fruits,752.00,4600.00
Haryana,FATEHABAD,2003,Whole Year,Other Vegetables,1299.00,9400.00
Haryana,FATEHABAD,2003,Whole Year,Potato,345.00,8800.00
Haryana,FATEHABAD,2003,Whole Year,Sugarcane,2028.00,100000.00
Haryana,FATEHABAD,2004,Kharif,Arhar/Tur,28.00,
Haryana,FATEHABAD,2004,Kharif,Bajra,11908.00,23000.00
Haryana,FATEHABAD,2004,Kharif,Cotton(lint),101065.00,424000.00
Haryana,FATEHABAD,2004,Kharif,Groundnut,115.00,100.00
Haryana,FATEHABAD,2004,Kharif,Maize,22.00,
Haryana,FATEHABAD,2004,Kharif,Moong(Green Gram),831.00,400.00
Haryana,FATEHABAD,2004,Kharif,Moth,260.00,100.00
Haryana,FATEHABAD,2004,Kharif,Rice,65365.00,280000.00
Haryana,FATEHABAD,2004,Kharif,Sesamum,162.00,100.00
Haryana,FATEHABAD,2004,Rabi,Barley,2514.00,6000.00
Haryana,FATEHABAD,2004,Rabi,Gram,1069.00,1000.00
Haryana,FATEHABAD,2004,Rabi,Masoor,19.00,
Haryana,FATEHABAD,2004,Rabi,Peas & beans (Pulses),24.00,100.00
Haryana,FATEHABAD,2004,Rabi,Rapeseed &Mustard,16695.00,19000.00
Haryana,FATEHABAD,2004,Rabi,Wheat,177201.00,727000.00
Haryana,FATEHABAD,2004,Whole Year,Dry chillies,35.00,300.00
Haryana,FATEHABAD,2004,Whole Year,Onion,1.00,
Haryana,FATEHABAD,2004,Whole Year,Potato,252.00,6500.00
Haryana,FATEHABAD,2004,Whole Year,Sugarcane,874.00,80000.00
Haryana,FATEHABAD,2005,Kharif,Arhar/Tur,41.00,100.00
Haryana,FATEHABAD,2005,Kharif,Bajra,14586.00,28000.00
Haryana,FATEHABAD,2005,Kharif,Cotton(lint),94951.00,306000.00
Haryana,FATEHABAD,2005,Kharif,Groundnut,621.00,600.00
Haryana,FATEHABAD,2005,Kharif,Maize,16.00,
Haryana,FATEHABAD,2005,Kharif,Moong(Green Gram),727.00,400.00
Haryana,FATEHABAD,2005,Kharif,Moth,100.00,
Haryana,FATEHABAD,2005,Kharif,Rice,68371.00,254000.00
Haryana,FATEHABAD,2005,Kharif,Sesamum,177.00,100.00
Haryana,FATEHABAD,2005,Rabi,Barley,3459.00,10000.00
Haryana,FATEHABAD,2005,Rabi,Gram,1051.00,1000.00
Haryana,FATEHABAD,2005,Rabi,Masoor,3.00,
Haryana,FATEHABAD,2005,Rabi,Peas & beans (Pulses),54.00,100.00
Haryana,FATEHABAD,2005,Rabi,Rapeseed &Mustard,17641.00,26000.00
Haryana,FATEHABAD,2005,Rabi,Wheat,178771.00,729000.00
Haryana,FATEHABAD,2005,Whole Year,Dry chillies,20.00,
Haryana,FATEHABAD,2005,Whole Year,Potato,363.00,9300.00
Haryana,FATEHABAD,2005,Whole Year,Sannhamp,1.00,
Haryana,FATEHABAD,2005,Whole Year,Sugarcane,482.00,
Haryana,FATEHABAD,2006,Kharif,Arhar/Tur,14.00,
Haryana,FATEHABAD,2006,Kharif,Bajra,11718.00,26000.00
Haryana,FATEHABAD,2006,Kharif,Castor seed,414.00,200.00
Haryana,FATEHABAD,2006,Kharif,Cotton(lint),90886.00,373000.00
Haryana,FATEHABAD,2006,Kharif,Groundnut,266.00,300.00
Haryana,FATEHABAD,2006,Kharif,Maize,7.00,
Haryana,FATEHABAD,2006,Kharif,Moong(Green Gram),962.00,500.00
Haryana,FATEHABAD,2006,Kharif,Moth,190.00,100.00
Haryana,FATEHABAD,2006,Kharif,Rice,70069.00,312000.00
Haryana,FATEHABAD,2006,Kharif,Sesamum,139.00,100.00
Haryana,FATEHABAD,2006,Kharif,Urad,1.00,
Haryana,FATEHABAD,2006,Rabi,Barley,4308.00,14000.00
Haryana,FATEHABAD,2006,Rabi,Gram,1018.00,1000.00
Haryana,FATEHABAD,2006,Rabi,Masoor,6.00,
Haryana,FATEHABAD,2006,Rabi,Peas & beans (Pulses),55.00,100.00
Haryana,FATEHABAD,2006,Rabi,Rapeseed &Mustard,13551.00,20000.00
Haryana,FATEHABAD,2006,Rabi,Wheat,182508.00,843000.00
Haryana,FATEHABAD,2006,Whole Year,Dry chillies,10.00,
Haryana,FATEHABAD,2006,Whole Year,Garlic,110.00,2600.00
Haryana,FATEHABAD,2006,Whole Year,Onion,4.00,100.00
Haryana,FATEHABAD,2006,Whole Year,Potato,349.00,8900.00
Haryana,FATEHABAD,2006,Whole Year,Sugarcane,644.00,65000.00
Haryana,FATEHABAD,2007,Kharif,Arhar/Tur,95.00,100.00
Haryana,FATEHABAD,2007,Kharif,Bajra,11292.00,30000.00
Haryana,FATEHABAD,2007,Kharif,Castor seed,147.00,100.00
Haryana,FATEHABAD,2007,Kharif,Cotton(lint),85976.00,379000.00
Haryana,FATEHABAD,2007,Kharif,Groundnut,175.00,200.00
Haryana,FATEHABAD,2007,Kharif,Moong(Green Gram),962.00,500.00
Haryana,FATEHABAD,2007,Kharif,Moth,134.00,100.00
Haryana,FATEHABAD,2007,Kharif,Rice,73133.00,318000.00
Haryana,FATEHABAD,2007,Kharif,Sesamum,115.00,
Haryana,FATEHABAD,2007,Rabi,Barley,3635.00,15000.00
Haryana,FATEHABAD,2007,Rabi,Gram,863.00,1000.00
Haryana,FATEHABAD,2007,Rabi,Peas & beans (Pulses),34.00,100.00
Haryana,FATEHABAD,2007,Rabi,Rapeseed &Mustard,7180.00,10000.00
Haryana,FATEHABAD,2007,Rabi,Wheat,186730.00,869000.00
Haryana,FATEHABAD,2007,Whole Year,Dry chillies,33.00,100.00
Haryana,FATEHABAD,2007,Whole Year,Garlic,75.00,600.00
Haryana,FATEHABAD,2007,Whole Year,Potato,360.00,5700.00
Haryana,FATEHABAD,2007,Whole Year,Sugarcane,1433.00,80000.00
Haryana,FATEHABAD,2008,Kharif,Arhar/Tur,6.00,
Haryana,FATEHABAD,2008,Kharif,Bajra,10291.00,27000.00
Haryana,FATEHABAD,2008,Kharif,Castor seed,162.00,200.00
Haryana,FATEHABAD,2008,Kharif,Cotton(lint),84341.00,378000.00
Haryana,FATEHABAD,2008,Kharif,Groundnut,424.00,400.00
Haryana,FATEHABAD,2008,Kharif,Maize,18.00,
Haryana,FATEHABAD,2008,Kharif,Moong(Green Gram),844.00,500.00
Haryana,FATEHABAD,2008,Kharif,Moth,180.00,100.00
Haryana,FATEHABAD,2008,Kharif,Rice,77738.00,339000.00
Haryana,FATEHABAD,2008,Kharif,Sesamum,89.00,
Haryana,FATEHABAD,2008,Rabi,Barley,4730.00,21000.00
Haryana,FATEHABAD,2008,Rabi,Gram,1094.00,1000.00
Haryana,FATEHABAD,2008,Rabi,Masoor,1.00,
Haryana,FATEHABAD,2008,Rabi,Peas & beans (Pulses),13.00,
Haryana,FATEHABAD,2008,Rabi,Rapeseed &Mustard,8751.00,15000.00
Haryana,FATEHABAD,2008,Rabi,Wheat,185685.00,952000.00
Haryana,FATEHABAD,2008,Whole Year,Dry chillies,38.00,400.00
Haryana,FATEHABAD,2008,Whole Year,Garlic,154.00,800.00
Haryana,FATEHABAD,2008,Whole Year,Potato,129.00,3700.00
Haryana,FATEHABAD,2008,Whole Year,Sugarcane,845.00,73000.00
Haryana,FATEHABAD,2009,Kharif,Bajra,7818.00,21000.00
Haryana,FATEHABAD,2009,Kharif,Castor seed,130.00,100.00
Haryana,FATEHABAD,2009,Kharif,Cotton(lint),85750.00,374000.00
Haryana,FATEHABAD,2009,Kharif,Groundnut,543.00,500.00
Haryana,FATEHABAD,2009,Kharif,Maize,18.00,
Haryana,FATEHABAD,2009,Kharif,Moong(Green Gram),723.00,400.00
Haryana,FATEHABAD,2009,Kharif,Moth,206.00,100.00
Haryana,FATEHABAD,2009,Kharif,Rice,81385.00,291000.00
Haryana,FATEHABAD,2009,Kharif,Sesamum,39.00,
Haryana,FATEHABAD,2009,Rabi,Barley,3679.00,14000.00
Haryana,FATEHABAD,2009,Rabi,Gram,695.00,1000.00
Haryana,FATEHABAD,2009,Rabi,Peas & beans (Pulses),11.00,
Haryana,FATEHABAD,2009,Rabi,Wheat,185806.00,842000.00
Haryana,FATEHABAD,2009,Whole Year,Dry chillies,16.00,
Haryana,FATEHABAD,2009,Whole Year,Garlic,156.00,1700.00
Haryana,FATEHABAD,2009,Whole Year,Potato,119.00,2800.00
Haryana,FATEHABAD,2009,Whole Year,Sugarcane,176.00,
Haryana,FATEHABAD,2010,Kharif,Arhar/Tur,179.00,200.00
Haryana,FATEHABAD,2010,Kharif,Bajra,7869.00,19000.00
Haryana,FATEHABAD,2010,Kharif,Castor seed,104.00,
Haryana,FATEHABAD,2010,Kharif,Cotton(lint),83976.00,308000.00
Haryana,FATEHABAD,2010,Kharif,Groundnut,768.00,800.00
Haryana,FATEHABAD,2010,Kharif,Maize,6.00,
Haryana,FATEHABAD,2010,Kharif,Moong(Green Gram),1128.00,600.00
Haryana,FATEHABAD,2010,Kharif,Moth,79.00,
Haryana,FATEHABAD,2010,Kharif,Rice,87580.00,348000.00
Haryana,FATEHABAD,2010,Kharif,Sesamum,48.00,300.00
Haryana,FATEHABAD,2010,Kharif,Sunflower,1.00,
Haryana,FATEHABAD,2010,Rabi,Barley,3619.00,15000.00
Haryana,FATEHABAD,2010,Rabi,Gram,691.00,1000.00
Haryana,FATEHABAD,2010,Rabi,Masoor,2.00,
Haryana,FATEHABAD,2010,Rabi,Peas & beans (Pulses),78.00,100.00
Haryana,FATEHABAD,2010,Rabi,Rapeseed &Mustard,10336.00,21000.00
Haryana,FATEHABAD,2010,Rabi,Wheat,186622.00,950000.00
Haryana,FATEHABAD,2010,Whole Year,Dry chillies,16.00,100.00
Haryana,FATEHABAD,2010,Whole Year,Garlic,163.00,200.00
Haryana,FATEHABAD,2010,Whole Year,Onion,4.00,100.00
Haryana,FATEHABAD,2010,Whole Year,Potato,320.00,9400.00
Haryana,FATEHABAD,2010,Whole Year,Sugarcane,183.00,
Haryana,FATEHABAD,2011,Kharif,Arhar/Tur,7.00,
Haryana,FATEHABAD,2011,Kharif,Bajra,4897.00,11000.00
Haryana,FATEHABAD,2011,Kharif,Castor seed,159.00,100.00
Haryana,FATEHABAD,2011,Kharif,Cotton(lint),90757.00,439000.00
Haryana,FATEHABAD,2011,Kharif,Groundnut,102.00,100.00
Haryana,FATEHABAD,2011,Kharif,Maize,9.00,
Haryana,FATEHABAD,2011,Kharif,Moong(Green Gram),705.00,400.00
Haryana,FATEHABAD,2011,Kharif,Moth,98.00,
Haryana,FATEHABAD,2011,Kharif,Rice,87063.00,325000.00
Haryana,FATEHABAD,2011,Kharif,Sesamum,17.00,
Haryana,FATEHABAD,2011,Rabi,Barley,3064.00,12000.00
Haryana,FATEHABAD,2011,Rabi,Gram,438.00,1000.00
Haryana,FATEHABAD,2011,Rabi,Masoor,3.00,
Haryana,FATEHABAD,2011,Rabi,Peas & beans (Pulses),26.00,
Haryana,FATEHABAD,2011,Rabi,Rapeseed &Mustard,8803.00,17000.00
Haryana,FATEHABAD,2011,Rabi,Wheat,189331.00,1034000.00
Haryana,FATEHABAD,2011,Whole Year,Garlic,205.00,200.00
Haryana,FATEHABAD,2011,Whole Year,Onion,521.00,9900.00
Haryana,FATEHABAD,2011,Whole Year,Potato,197.00,3900.00
Haryana,FATEHABAD,2011,Whole Year,Sugarcane,57.00,
Haryana,FATEHABAD,2012,Kharif,Arhar/Tur,13.00,13.00
Haryana,FATEHABAD,2012,Kharif,Bajra,3306.00,7000.00
Haryana,FATEHABAD,2012,Kharif,Castor seed,88.00,40.00
Haryana,FATEHABAD,2012,Kharif,Cotton(lint),85542.00,358000.00
Haryana,FATEHABAD,2012,Kharif,Groundnut,960.00,1143.00
Haryana,FATEHABAD,2012,Kharif,Maize,6.00,
Haryana,FATEHABAD,2012,Kharif,Moong(Green Gram),276.00,151.00
Haryana,FATEHABAD,2012,Kharif,Moth,77.00,37.00
Haryana,FATEHABAD,2012,Kharif,Rice,89639.00,370000.00
Haryana,FATEHABAD,2012,Kharif,Sesamum,11.00,6.00
Haryana,FATEHABAD,2012,Rabi,Barley,2878.00,12000.00
Haryana,FATEHABAD,2012,Rabi,Gram,613.00,1000.00
Haryana,FATEHABAD,2012,Rabi,Peas & beans (Pulses),33.00,43.00
Haryana,FATEHABAD,2012,Rabi,Rapeseed &Mustard,11965.00,19000.00
Haryana,FATEHABAD,2012,Rabi,Wheat,188020.00,880000.00
Haryana,FATEHABAD,2012,Whole Year,Dry chillies,9.00,100.00
Haryana,FATEHABAD,2012,Whole Year,Garlic,84.00,800.00
Haryana,FATEHABAD,2012,Whole Year,Guar seed,21306.00,13849.00
Haryana,FATEHABAD,2012,Whole Year,Onion,400.00,8000.00
Haryana,FATEHABAD,2012,Whole Year,Potato,225.00,4700.00
Haryana,FATEHABAD,2012,Whole Year,Sugarcane,97.00,
Haryana,GURGAON,1997,Kharif,Bajra,52000.00,58000.00
Haryana,GURGAON,1997,Kharif,Jowar,19000.00,5000.00
Haryana,GURGAON,1997,Kharif,Other Kharif pulses,4400.00,2200.00
Haryana,GURGAON,1997,Kharif,Rice,7000.00,20000.00
Haryana,GURGAON,1997,Rabi,Barley,4000.00,13000.00
Haryana,GURGAON,1997,Rabi,Gram,8000.00,8000.00
Haryana,GURGAON,1997,Rabi,Other  Rabi pulses,2000.00,1000.00
Haryana,GURGAON,1997,Rabi,Wheat,120000.00,428000.00
Haryana,GURGAON,1997,Whole Year,Sugarcane,1000.00,50000.00
Haryana,GURGAON,1998,Kharif,Arhar/Tur,1484.00,700.00
Haryana,GURGAON,1998,Kharif,Bajra,55426.00,59000.00
Haryana,GURGAON,1998,Kharif,Cotton(lint),113.00,
Haryana,GURGAON,1998,Kharif,Groundnut,183.00,
Haryana,GURGAON,1998,Kharif,Jowar,22002.00,3000.00
Haryana,GURGAON,1998,Kharif,Maize,13.00,
Haryana,GURGAON,1998,Kharif,Moong(Green Gram),67.00,
Haryana,GURGAON,1998,Kharif,Rice,10884.00,25000.00
Haryana,GURGAON,1998,Kharif,Sesamum,852.00,200.00
Haryana,GURGAON,1998,Rabi,Barley,3034.00,7000.00
Haryana,GURGAON,1998,Rabi,Gram,6201.00,6000.00
Haryana,GURGAON,1998,Rabi,Masoor,2317.00,700.00
Haryana,GURGAON,1998,Rabi,Peas & beans (Pulses),212.00,100.00
Haryana,GURGAON,1998,Rabi,Rapeseed &Mustard,37414.00,47000.00
Haryana,GURGAON,1998,Rabi,Wheat,128935.00,414000.00
Haryana,GURGAON,1998,Whole Year,Dry chillies,60.00,100.00
Haryana,GURGAON,1998,Whole Year,Onion,49.00,600.00
Haryana,GURGAON,1998,Whole Year,Potato,40.00,600.00
Haryana,GURGAON,1998,Whole Year,Sugarcane,306.00,50000.00
Haryana,GURGAON,1999,Kharif,Arhar/Tur,1217.00,500.00
Haryana,GURGAON,1999,Kharif,Bajra,59169.00,65000.00
Haryana,GURGAON,1999,Kharif,Cotton(lint),230.00,.00
Haryana,GURGAON,1999,Kharif,Groundnut,79.00,.00
Haryana,GURGAON,1999,Kharif,Jowar,18640.00,3000.00
Haryana,GURGAON,1999,Kharif,Maize,8.00,.00
Haryana,GURGAON,1999,Kharif,Moong(Green Gram),78.00,.00
Haryana,GURGAON,1999,Kharif,Rice,9465.00,22000.00
Haryana,GURGAON,1999,Kharif,Sesamum,1387.00,.00
Haryana,GURGAON,1999,Rabi,Barley,2283.00,5000.00
Haryana,GURGAON,1999,Rabi,Gram,4678.00,4000.00
Haryana,GURGAON,1999,Rabi,Masoor,1823.00,800.00
Haryana,GURGAON,1999,Rabi,Peas & beans (Pulses),155.00,100.00
Haryana,GURGAON,1999,Rabi,Rapeseed &Mustard,43566.00,61000.00
Haryana,GURGAON,1999,Rabi,Wheat,129579.00,486000.00
Haryana,GURGAON,1999,Whole Year,Dry chillies,89.00,100.00
Haryana,GURGAON,1999,Whole Year,Onion,851.00,11300.00
Haryana,GURGAON,1999,Whole Year,Potato,16.00,300.00
Haryana,GURGAON,1999,Whole Year,Sugarcane,254.00,.00
Haryana,GURGAON,2000,Kharif,Arhar/Tur,768.00,300.00
Haryana,GURGAON,2000,Kharif,Bajra,64735.00,78000.00
Haryana,GURGAON,2000,Kharif,Cotton(lint),71.00,.00
Haryana,GURGAON,2000,Kharif,Groundnut,49.00,.00
Haryana,GURGAON,2000,Kharif,Jowar,19374.00,4200.00
Haryana,GURGAON,2000,Kharif,Maize,8.00,.00
Haryana,GURGAON,2000,Kharif,Moong(Green Gram),37.00,.00
Haryana,GURGAON,2000,Kharif,Rice,7881.00,20000.00
Haryana,GURGAON,2000,Kharif,Sesamum,1074.00,200.00
Haryana,GURGAON,2000,Kharif,Urad,16.00,.00
Haryana,GURGAON,2000,Rabi,Barley,3966.00,10000.00
Haryana,GURGAON,2000,Rabi,Gram,880.00,1000.00
Haryana,GURGAON,2000,Rabi,Masoor,352.00,100.00
Haryana,GURGAON,2000,Rabi,Peas & beans (Pulses),203.00,100.00
Haryana,GURGAON,2000,Rabi,Rapeseed &Mustard,32106.00,48000.00
Haryana,GURGAON,2000,Rabi,Wheat,136504.00,481000.00
Haryana,GURGAON,2000,Whole Year,Dry chillies,41.00,.00
Haryana,GURGAON,2000,Whole Year,Onion,1219.00,14600.00
Haryana,GURGAON,2000,Whole Year,Potato,27.00,500.00
Haryana,GURGAON,2000,Whole Year,Sannhamp,1.00,.00
Haryana,GURGAON,2000,Whole Year,Sugarcane,202.00,
Haryana,GURGAON,2001,Kharif,Arhar/Tur,1014.00,500.00
Haryana,GURGAON,2001,Kharif,Bajra,55372.00,80000.00
Haryana,GURGAON,2001,Kharif,Cotton(lint),183.00,
Haryana,GURGAON,2001,Kharif,Groundnut,94.00,.00
Haryana,GURGAON,2001,Kharif,Jowar,15286.00,3000.00
Haryana,GURGAON,2001,Kharif,Maize,10.00,.00
Haryana,GURGAON,2001,Kharif,Moong(Green Gram),50.00,.00
Haryana,GURGAON,2001,Kharif,Moth,171.00,.00
Haryana,GURGAON,2001,Kharif,Rice,7503.00,21000.00
Haryana,GURGAON,2001,Kharif,Sesamum,1806.00,400.00
Haryana,GURGAON,2001,Kharif,Urad,121.00,.00
Haryana,GURGAON,2001,Rabi,Barley,2634.00,8000.00
Haryana,GURGAON,2001,Rabi,Gram,1600.00,1000.00
Haryana,GURGAON,2001,Rabi,Masoor,1800.00,1000.00
Haryana,GURGAON,2001,Rabi,Rapeseed &Mustard,57046.00,90000.00
Haryana,GURGAON,2001,Rabi,Wheat,119914.00,417000.00
Haryana,GURGAON,2001,Whole Year,Dry chillies,11.00,.00
Haryana,GURGAON,2001,Whole Year,Onion,1231.00,23400.00
Haryana,GURGAON,2001,Whole Year,Potato,16.00,400.00
Haryana,GURGAON,2001,Whole Year,Sannhamp,2.00,.00
Haryana,GURGAON,2001,Whole Year,Sugarcane,152.00,.00
Haryana,GURGAON,2001,Whole Year,Sweet potato,12.00,.00
Haryana,GURGAON,2002,Kharif,Arhar/Tur,755.00,400.00
Haryana,GURGAON,2002,Kharif,Bajra,44038.00,43000.00
Haryana,GURGAON,2002,Kharif,Cotton(lint),207.00,.00
Haryana,GURGAON,2002,Kharif,Groundnut,233.00,100.00
Haryana,GURGAON,2002,Kharif,Jowar,9189.00,2000.00
Haryana,GURGAON,2002,Kharif,Maize,93.00,.00
Haryana,GURGAON,2002,Kharif,Moong(Green Gram),84.00,100.00
Haryana,GURGAON,2002,Kharif,Rice,2639.00,8000.00
Haryana,GURGAON,2002,Kharif,Sesamum,1547.00,200.00
Haryana,GURGAON,2002,Kharif,Urad,45.00,.00
Haryana,GURGAON,2002,Rabi,Barley,3057.00,8000.00
Haryana,GURGAON,2002,Rabi,Gram,707.00,1000.00
Haryana,GURGAON,2002,Rabi,Masoor,91.00,.00
Haryana,GURGAON,2002,Rabi,Rapeseed &Mustard,59622.00,75000.00
Haryana,GURGAON,2002,Rabi,Wheat,116705.00,431000.00
Haryana,GURGAON,2002,Whole Year,Onion,772.00,17800.00
Haryana,GURGAON,2002,Whole Year,Other Fresh Fruits,21.00,200.00
Haryana,GURGAON,2002,Whole Year,Other Vegetables,3659.00,62000.00
Haryana,GURGAON,2002,Whole Year,Potato,8.00,200.00
Haryana,GURGAON,2002,Whole Year,Sannhamp,9.00,.00
Haryana,GURGAON,2002,Whole Year,Sugarcane,182.00,.00
Haryana,GURGAON,2002,Whole Year,Sweet potato,12.00,200.00
Haryana,GURGAON,2003,Kharif,Arhar/Tur,603.00,800.00
Haryana,GURGAON,2003,Kharif,Bajra,55432.00,83000.00
Haryana,GURGAON,2003,Kharif,Cotton(lint),339.00,.00
Haryana,GURGAON,2003,Kharif,Groundnut,250.00,100.00
Haryana,GURGAON,2003,Kharif,Jowar,13283.00,3000.00
Haryana,GURGAON,2003,Kharif,Maize,16.00,.00
Haryana,GURGAON,2003,Kharif,Moong(Green Gram),47.00,.00
Haryana,GURGAON,2003,Kharif,Rice,7491.00,19000.00
Haryana,GURGAON,2003,Kharif,Sesamum,730.00,100.00
Haryana,GURGAON,2003,Kharif,Urad,9.00,.00
Haryana,GURGAON,2003,Rabi,Barley,2639.00,6000.00
Haryana,GURGAON,2003,Rabi,Gram,1907.00,2000.00
Haryana,GURGAON,2003,Rabi,Masoor,887.00,400.00
Haryana,GURGAON,2003,Rabi,Rapeseed &Mustard,51568.00,72000.00
Haryana,GURGAON,2003,Rabi,Wheat,125675.00,450000.00
Haryana,GURGAON,2003,Whole Year,Dry chillies,15.00,.00
Haryana,GURGAON,2003,Whole Year,Onion,634.00,14600.00
Haryana,GURGAON,2003,Whole Year,Other Fresh Fruits,47.00,600.00
Haryana,GURGAON,2003,Whole Year,Other Vegetables,3628.00,61200.00
Haryana,GURGAON,2003,Whole Year,Sugarcane,86.00,.00
Haryana,GURGAON,2003,Whole Year,Sweet potato,15.00,200.00
Haryana,GURGAON,2004,Kharif,Arhar/Tur,886.00,900.00
Haryana,GURGAON,2004,Kharif,Bajra,51843.00,67000.00
Haryana,GURGAON,2004,Kharif,Cotton(lint),196.00,
Haryana,GURGAON,2004,Kharif,Groundnut,324.00,200.00
Haryana,GURGAON,2004,Kharif,Jowar,10648.00,3000.00
Haryana,GURGAON,2004,Kharif,Maize,6.00,
Haryana,GURGAON,2004,Kharif,Moong(Green Gram),45.00,
Haryana,GURGAON,2004,Kharif,Rice,6252.00,18000.00
Haryana,GURGAON,2004,Kharif,Sesamum,806.00,200.00
Haryana,GURGAON,2004,Kharif,Urad,14.00,
Haryana,GURGAON,2004,Rabi,Barley,1883.00,4000.00
Haryana,GURGAON,2004,Rabi,Gram,1013.00,1000.00
Haryana,GURGAON,2004,Rabi,Masoor,864.00,400.00
Haryana,GURGAON,2004,Rabi,Rapeseed &Mustard,63692.00,74000.00
Haryana,GURGAON,2004,Rabi,Wheat,115478.00,407000.00
Haryana,GURGAON,2004,Whole Year,Dry chillies,10.00,
Haryana,GURGAON,2004,Whole Year,Onion,1099.00,25300.00
Haryana,GURGAON,2004,Whole Year,Sannhamp,14.00,
Haryana,GURGAON,2004,Whole Year,Sugarcane,100.00,
Haryana,GURGAON,2004,Whole Year,Sweet potato,32.00,700.00
Haryana,GURGAON,2005,Kharif,Arhar/Tur,568.00,400.00
Haryana,GURGAON,2005,Kharif,Bajra,32566.00,35000.00
Haryana,GURGAON,2005,Kharif,Cotton(lint),50.00,
Haryana,GURGAON,2005,Kharif,Groundnut,310.00,200.00
Haryana,GURGAON,2005,Kharif,Jowar,1627.00,1000.00
Haryana,GURGAON,2005,Kharif,Maize,5.00,
Haryana,GURGAON,2005,Kharif,Moong(Green Gram),67.00,
Haryana,GURGAON,2005,Kharif,Rice,2197.00,6000.00
Haryana,GURGAON,2005,Kharif,Sesamum,336.00,100.00
Haryana,GURGAON,2005,Rabi,Barley,1826.00,6000.00
Haryana,GURGAON,2005,Rabi,Gram,20.00,
Haryana,GURGAON,2005,Rabi,Rapeseed &Mustard,23713.00,30000.00
Haryana,GURGAON,2005,Rabi,Wheat,47637.00,168000.00
Haryana,GURGAON,2005,Whole Year,Dry chillies,103.00,100.00
Haryana,GURGAON,2005,Whole Year,Onion,51.00,1200.00
Haryana,GURGAON,2005,Whole Year,Sannhamp,2.00,
Haryana,GURGAON,2005,Whole Year,Sugarcane,11.00,
Haryana,GURGAON,2005,Whole Year,Sweet potato,7.00,100.00
Haryana,GURGAON,2006,Kharif,Arhar/Tur,446.00,300.00
Haryana,GURGAON,2006,Kharif,Bajra,32795.00,60000.00
Haryana,GURGAON,2006,Kharif,Cotton(lint),48.00,
Haryana,GURGAON,2006,Kharif,Groundnut,59.00,
Haryana,GURGAON,2006,Kharif,Jowar,1500.00,1000.00
Haryana,GURGAON,2006,Kharif,Maize,5.00,
Haryana,GURGAON,2006,Kharif,Moong(Green Gram),8.00,
Haryana,GURGAON,2006,Kharif,Rice,2322.00,6000.00
Haryana,GURGAON,2006,Kharif,Sesamum,471.00,100.00
Haryana,GURGAON,2006,Rabi,Barley,1898.00,5000.00
Haryana,GURGAON,2006,Rabi,Gram,10.00,
Haryana,GURGAON,2006,Rabi,Rapeseed &Mustard,19566.00,24000.00
Haryana,GURGAON,2006,Rabi,Wheat,52464.00,206000.00
Haryana,GURGAON,2006,Whole Year,Dry chillies,7.00,
Haryana,GURGAON,2006,Whole Year,Onion,38.00,700.00
Haryana,GURGAON,2006,Whole Year,Potato,2.00,
Haryana,GURGAON,2006,Whole Year,Sugarcane,6.00,
Haryana,GURGAON,2006,Whole Year,Sweet potato,7.00,200.00
Haryana,GURGAON,2007,Kharif,Arhar/Tur,520.00,500.00
Haryana,GURGAON,2007,Kharif,Bajra,33654.00,62000.00
Haryana,GURGAON,2007,Kharif,Cotton(lint),5.00,
Haryana,GURGAON,2007,Kharif,Groundnut,214.00,100.00
Haryana,GURGAON,2007,Kharif,Jowar,1107.00,500.00
Haryana,GURGAON,2007,Kharif,Maize,9.00,
Haryana,GURGAON,2007,Kharif,Moong(Green Gram),6.00,
Haryana,GURGAON,2007,Kharif,Rice,2615.00,10000.00
Haryana,GURGAON,2007,Kharif,Sesamum,229.00,100.00
Haryana,GURGAON,2007,Rabi,Barley,1274.00,3000.00
Haryana,GURGAON,2007,Rabi,Gram,3.00,
Haryana,GURGAON,2007,Rabi,Rapeseed &Mustard,15575.00,20000.00
Haryana,GURGAON,2007,Rabi,Wheat,51105.00,200000.00
Haryana,GURGAON,2007,Whole Year,Onion,1.00,
Haryana,GURGAON,2007,Whole Year,Sugarcane,15.00,
Haryana,GURGAON,2007,Whole Year,Sweet potato,50.00,1000.00
Haryana,GURGAON,2008,Kharif,Arhar/Tur,709.00,700.00
Haryana,GURGAON,2008,Kharif,Bajra,33671.00,67000.00
Haryana,GURGAON,2008,Kharif,Cotton(lint),12.00,
Haryana,GURGAON,2008,Kharif,Groundnut,40.00,
Haryana,GURGAON,2008,Kharif,Jowar,1247.00,1000.00
Haryana,GURGAON,2008,Kharif,Maize,8.00,
Haryana,GURGAON,2008,Kharif,Moong(Green Gram),3.00,
Haryana,GURGAON,2008,Kharif,Rice,3457.00,8000.00
Haryana,GURGAON,2008,Kharif,Sesamum,654.00,300.00
Haryana,GURGAON,2008,Rabi,Barley,2363.00,7000.00
Haryana,GURGAON,2008,Rabi,Gram,9.00,
Haryana,GURGAON,2008,Rabi,Rapeseed &Mustard,13930.00,27000.00
Haryana,GURGAON,2008,Rabi,Wheat,48807.00,207000.00
Haryana,GURGAON,2008,Whole Year,Sugarcane,3.00,
Haryana,GURGAON,2008,Whole Year,Sweet potato,61.00,1200.00
Haryana,GURGAON,2009,Kharif,Arhar/Tur,510.00,500.00
Haryana,GURGAON,2009,Kharif,Bajra,34217.00,63000.00
Haryana,GURGAON,2009,Kharif,Cotton(lint),12.00,
Haryana,GURGAON,2009,Kharif,Groundnut,21.00,
Haryana,GURGAON,2009,Kharif,Jowar,1123.00,10.00
Haryana,GURGAON,2009,Kharif,Maize,3.00,
Haryana,GURGAON,2009,Kharif,Moong(Green Gram),7.00,
Haryana,GURGAON,2009,Kharif,Rice,4425.00,14000.00
Haryana,GURGAON,2009,Kharif,Sesamum,649.00,300.00
Haryana,GURGAON,2009,Rabi,Barley,1676.00,8000.00
Haryana,GURGAON,2009,Rabi,Gram,15.00,
Haryana,GURGAON,2009,Rabi,Wheat,51610.00,227000.00
Haryana,GURGAON,2009,Whole Year,Dry chillies,1.00,
Haryana,GURGAON,2009,Whole Year,Onion,2.00,100.00
Haryana,GURGAON,2009,Whole Year,Sugarcane,5.00,
Haryana,GURGAON,2009,Whole Year,Sweet potato,39.00,800.00
Haryana,GURGAON,2010,Kharif,Arhar/Tur,885.00,800.00
Haryana,GURGAON,2010,Kharif,Bajra,34026.00,65000.00
Haryana,GURGAON,2010,Kharif,Cotton(lint),8.00,
Haryana,GURGAON,2010,Kharif,Groundnut,20.00,
Haryana,GURGAON,2010,Kharif,Jowar,733.00,1000.00
Haryana,GURGAON,2010,Kharif,Maize,2.00,
Haryana,GURGAON,2010,Kharif,Moong(Green Gram),1.00,
Haryana,GURGAON,2010,Kharif,Rice,5151.00,14000.00
Haryana,GURGAON,2010,Kharif,Sesamum,353.00,100.00
Haryana,GURGAON,2010,Rabi,Barley,1277.00,4000.00
Haryana,GURGAON,2010,Rabi,Gram,3.00,
Haryana,GURGAON,2010,Rabi,Masoor,1.00,
Haryana,GURGAON,2010,Rabi,Peas & beans (Pulses),28.00,
Haryana,GURGAON,2010,Rabi,Rapeseed &Mustard,12250.00,22000.00
Haryana,GURGAON,2010,Rabi,Wheat,50833.00,240000.00
Haryana,GURGAON,2010,Whole Year,Dry chillies,2.00,
Haryana,GURGAON,2010,Whole Year,Onion,3.00,100.00
Haryana,GURGAON,2010,Whole Year,Potato,3.00,100.00
Haryana,GURGAON,2010,Whole Year,Sannhamp,1.00,
Haryana,GURGAON,2010,Whole Year,Sugarcane,42.00,
Haryana,GURGAON,2010,Whole Year,Sweet potato,37.00,
Haryana,GURGAON,2011,Kharif,Arhar/Tur,320.00,300.00
Haryana,GURGAON,2011,Kharif,Bajra,31450.00,71000.00
Haryana,GURGAON,2011,Kharif,Groundnut,18.00,
Haryana,GURGAON,2011,Kharif,Jowar,1154.00,1000.00
Haryana,GURGAON,2011,Kharif,Maize,6.00,
Haryana,GURGAON,2011,Kharif,Rice,4803.00,15000.00
Haryana,GURGAON,2011,Kharif,Sesamum,190.00,100.00
Haryana,GURGAON,2011,Rabi,Barley,1818.00,9000.00
Haryana,GURGAON,2011,Rabi,Rapeseed &Mustard,12505.00,24000.00
Haryana,GURGAON,2011,Rabi,Wheat,52388.00,258000.00
Haryana,GURGAON,2011,Whole Year,Onion,48.00,900.00
Haryana,GURGAON,2011,Whole Year,Potato,12.00,300.00
Haryana,GURGAON,2011,Whole Year,Sugarcane,5.00,
Haryana,GURGAON,2011,Whole Year,Sweet potato,18.00,
Haryana,GURGAON,2012,Kharif,Arhar/Tur,679.00,764.00
Haryana,GURGAON,2012,Kharif,Bajra,30488.00,69000.00
Haryana,GURGAON,2012,Kharif,Cotton(lint),181.00,
Haryana,GURGAON,2012,Kharif,Groundnut,8.00,7.00
Haryana,GURGAON,2012,Kharif,Jowar,687.00,500.00
Haryana,GURGAON,2012,Kharif,Moong(Green Gram),4.00,2.00
Haryana,GURGAON,2012,Kharif,Rice,4452.00,13000.00
Haryana,GURGAON,2012,Kharif,Sesamum,371.00,156.00
Haryana,GURGAON,2012,Rabi,Barley,2101.00,9000.00
Haryana,GURGAON,2012,Rabi,Rapeseed &Mustard,14186.00,28000.00
Haryana,GURGAON,2012,Rabi,Wheat,44667.00,205000.00
Haryana,GURGAON,2012,Whole Year,Guar seed,1679.00,1091.00
Haryana,GURGAON,2012,Whole Year,Sugarcane,68.00,
Haryana,GURGAON,2012,Whole Year,Sweet potato,9.00,200.00
Haryana,HISAR,1997,Kharif,Bajra,62000.00,109000.00
Haryana,HISAR,1997,Kharif,Gram,59000.00,45000.00
Haryana,HISAR,1997,Kharif,Other Kharif pulses,5300.00,3600.00
Haryana,HISAR,1997,Kharif,Rice,22000.00,64000.00
Haryana,HISAR,1997,Rabi,Barley,5000.00,13000.00
Haryana,HISAR,1997,Rabi,Other  Rabi pulses,2000.00,3000.00
Haryana,HISAR,1997,Rabi,Wheat,158000.00,654000.00
Haryana,HISAR,1997,Whole Year,Cotton(lint),160000.00,301000.00
Haryana,HISAR,1997,Whole Year,Sugarcane,4000.00,210000.00
Haryana,HISAR,1998,Kharif,Arhar/Tur,196.00,200.00
Haryana,HISAR,1998,Kharif,Bajra,64581.00,90000.00
Haryana,HISAR,1998,Kharif,Cotton(lint),140103.00,207000.00
Haryana,HISAR,1998,Kharif,Groundnut,29.00,
Haryana,HISAR,1998,Kharif,Maize,119.00,
Haryana,HISAR,1998,Kharif,Moong(Green Gram),9129.00,2700.00
Haryana,HISAR,1998,Kharif,Rice,43409.00,97000.00
Haryana,HISAR,1998,Kharif,Sesamum,144.00,100.00
Haryana,HISAR,1998,Rabi,Barley,4707.00,15000.00
Haryana,HISAR,1998,Rabi,Gram,60341.00,52000.00
Haryana,HISAR,1998,Rabi,Peas & beans (Pulses),409.00,500.00
Haryana,HISAR,1998,Rabi,Rapeseed &Mustard,62691.00,60000.00
Haryana,HISAR,1998,Rabi,Wheat,170265.00,676000.00
Haryana,HISAR,1998,Whole Year,Dry chillies,233.00,100.00
Haryana,HISAR,1998,Whole Year,Onion,13.00,200.00
Haryana,HISAR,1998,Whole Year,Potato,350.00,4900.00
Haryana,HISAR,1998,Whole Year,Sannhamp,43.00,
Haryana,HISAR,1998,Whole Year,Sugarcane,3564.00,190000.00
Haryana,HISAR,1998,Whole Year,Sweet potato,52.00,800.00
Haryana,HISAR,1999,Kharif,Arhar/Tur,101.00,100.00
Haryana,HISAR,1999,Kharif,Bajra,59657.00,91000.00
Haryana,HISAR,1999,Kharif,Cotton(lint),135389.00,350000.00
Haryana,HISAR,1999,Kharif,Groundnut,3.00,.00
Haryana,HISAR,1999,Kharif,Jowar,54.00,.00
Haryana,HISAR,1999,Kharif,Maize,88.00,.00
Haryana,HISAR,1999,Kharif,Moong(Green Gram),3977.00,1000.00
Haryana,HISAR,1999,Kharif,Rice,44552.00,107000.00
Haryana,HISAR,1999,Kharif,Sesamum,251.00,.00
Haryana,HISAR,1999,Rabi,Barley,4437.00,13000.00
Haryana,HISAR,1999,Rabi,Gram,10902.00,7000.00
Haryana,HISAR,1999,Rabi,Masoor,24.00,
Haryana,HISAR,1999,Rabi,Peas & beans (Pulses),109.00,100.00
Haryana,HISAR,1999,Rabi,Rapeseed &Mustard,41596.00,55000.00
Haryana,HISAR,1999,Rabi,Wheat,192301.00,854000.00
Haryana,HISAR,1999,Whole Year,Dry chillies,443.00,500.00
Haryana,HISAR,1999,Whole Year,Onion,12.00,200.00
Haryana,HISAR,1999,Whole Year,Potato,390.00,6100.00
Haryana,HISAR,1999,Whole Year,Sugarcane,4526.00,230000.00
Haryana,HISAR,2000,Kharif,Arhar/Tur,69.00,100.00
Haryana,HISAR,2000,Kharif,Bajra,57995.00,74000.00
Haryana,HISAR,2000,Kharif,Cotton(lint),141906.00,349000.00
Haryana,HISAR,2000,Kharif,Groundnut,14.00,.00
Haryana,HISAR,2000,Kharif,Jowar,37.00,.00
Haryana,HISAR,2000,Kharif,Maize,138.00,.00
Haryana,HISAR,2000,Kharif,Moong(Green Gram),1984.00,600.00
Haryana,HISAR,2000,Kharif,Rice,33285.00,63000.00
Haryana,HISAR,2000,Kharif,Sesamum,123.00,100.00
Haryana,HISAR,2000,Kharif,Urad,107.00,100.00
Haryana,HISAR,2000,Rabi,Barley,5871.00,19000.00
Haryana,HISAR,2000,Rabi,Gram,5125.00,3000.00
Haryana,HISAR,2000,Rabi,Masoor,41.00,.00
Haryana,HISAR,2000,Rabi,Rapeseed &Mustard,33038.00,46000.00
Haryana,HISAR,2000,Rabi,Wheat,206996.00,887000.00
Haryana,HISAR,2000,Whole Year,Dry chillies,234.00,200.00
Haryana,HISAR,2000,Whole Year,Potato,272.00,4300.00
Haryana,HISAR,2000,Whole Year,Sannhamp,62.00,.00
Haryana,HISAR,2000,Whole Year,Sugarcane,4946.00,260000.00
Haryana,HISAR,2001,Kharif,Arhar/Tur,139.00,100.00
Haryana,HISAR,2001,Kharif,Bajra,63528.00,96000.00
Haryana,HISAR,2001,Kharif,Cotton(lint),166958.00,175000.00
Haryana,HISAR,2001,Kharif,Groundnut,30.00,.00
Haryana,HISAR,2001,Kharif,Maize,32.00,.00
Haryana,HISAR,2001,Kharif,Moong(Green Gram),6826.00,1800.00
Haryana,HISAR,2001,Kharif,Moth,213.00,.00
Haryana,HISAR,2001,Kharif,Rice,20353.00,37000.00
Haryana,HISAR,2001,Kharif,Sesamum,377.00,200.00
Haryana,HISAR,2001,Rabi,Barley,4058.00,11000.00
Haryana,HISAR,2001,Rabi,Gram,16519.00,15000.00
Haryana,HISAR,2001,Rabi,Peas & beans (Pulses),128.00,200.00
Haryana,HISAR,2001,Rabi,Rapeseed &Mustard,50712.00,84000.00
Haryana,HISAR,2001,Rabi,Wheat,197445.00,824000.00
Haryana,HISAR,2001,Whole Year,Dry chillies,444.00,500.00
Haryana,HISAR,2001,Whole Year,Garlic,25.00,200.00
Haryana,HISAR,2001,Whole Year,Potato,86.00,1600.00
Haryana,HISAR,2001,Whole Year,Sannhamp,4.00,.00
Haryana,HISAR,2001,Whole Year,Sugarcane,6176.00,310000.00
Haryana,HISAR,2002,Kharif,Arhar/Tur,186.00,200.00
Haryana,HISAR,2002,Kharif,Bajra,70559.00,88000.00
Haryana,HISAR,2002,Kharif,Cotton(lint),142580.00,330000.00
Haryana,HISAR,2002,Kharif,Groundnut,311.00,300.00
Haryana,HISAR,2002,Kharif,Jowar,94.00,.00
Haryana,HISAR,2002,Kharif,Maize,93.00,.00
Haryana,HISAR,2002,Kharif,Moong(Green Gram),4745.00,1200.00
Haryana,HISAR,2002,Kharif,Moth,1334.00,100.00
Haryana,HISAR,2002,Kharif,Rice,21328.00,41000.00
Haryana,HISAR,2002,Kharif,Sesamum,900.00,600.00
Haryana,HISAR,2002,Kharif,Urad,100.00,.00
Haryana,HISAR,2002,Rabi,Barley,3667.00,11000.00
Haryana,HISAR,2002,Rabi,Gram,5140.00,4000.00
Haryana,HISAR,2002,Rabi,Masoor,54.00,.00
Haryana,HISAR,2002,Rabi,Rapeseed &Mustard,60263.00,72000.00
Haryana,HISAR,2002,Rabi,Sunflower,1.00,.00
Haryana,HISAR,2002,Rabi,Wheat,194904.00,792000.00
Haryana,HISAR,2002,Whole Year,Other Fresh Fruits,1201.00,11400.00
Haryana,HISAR,2002,Whole Year,Other Vegetables,3945.00,47900.00
Haryana,HISAR,2002,Whole Year,Potato,174.00,3000.00
Haryana,HISAR,2002,Whole Year,Sannhamp,8.00,.00
Haryana,HISAR,2002,Whole Year,Sugarcane,6635.00,380000.00
Haryana,HISAR,2003,Kharif,Arhar/Tur,98.00,100.00
Haryana,HISAR,2003,Kharif,Bajra,72261.00,13300.00
Haryana,HISAR,2003,Kharif,Cotton(lint),141674.00,354000.00
Haryana,HISAR,2003,Kharif,Groundnut,60.00,100.00
Haryana,HISAR,2003,Kharif,Jowar,28.00,.00
Haryana,HISAR,2003,Kharif,Maize,59.00,.00
Haryana,HISAR,2003,Kharif,Moong(Green Gram),11534.00,2300.00
Haryana,HISAR,2003,Kharif,Moth,2127.00,100.00
Haryana,HISAR,2003,Kharif,Rice,27931.00,68000.00
Haryana,HISAR,2003,Kharif,Sesamum,349.00,200.00
Haryana,HISAR,2003,Kharif,Urad,5.00,.00
Haryana,HISAR,2003,Rabi,Barley,4655.00,15000.00
Haryana,HISAR,2003,Rabi,Gram,16449.00,13000.00
Haryana,HISAR,2003,Rabi,Masoor,5.00,.00
Haryana,HISAR,2003,Rabi,Peas & beans (Pulses),2.00,.00
Haryana,HISAR,2003,Rabi,Rapeseed &Mustard,64785.00,99000.00
Haryana,HISAR,2003,Rabi,Wheat,199934.00,827000.00
Haryana,HISAR,2003,Whole Year,Dry chillies,276.00,300.00
Haryana,HISAR,2003,Whole Year,Other Fresh Fruits,1266.00,14500.00
Haryana,HISAR,2003,Whole Year,Other Vegetables,2830.00,34300.00
Haryana,HISAR,2003,Whole Year,Potato,254.00,4500.00
Haryana,HISAR,2003,Whole Year,Sannhamp,5.00,.00
Haryana,HISAR,2003,Whole Year,Sugarcane,5881.00,320000.00
Haryana,HISAR,2004,Kharif,Arhar/Tur,68.00,100.00
Haryana,HISAR,2004,Kharif,Bajra,61907.00,102000.00
Haryana,HISAR,2004,Kharif,Cotton(lint),153627.00,461000.00
Haryana,HISAR,2004,Kharif,Groundnut,67.00,100.00
Haryana,HISAR,2004,Kharif,Jowar,8.00,
Haryana,HISAR,2004,Kharif,Maize,78.00,
Haryana,HISAR,2004,Kharif,Moong(Green Gram),8324.00,3300.00
Haryana,HISAR,2004,Kharif,Moth,1626.00,200.00
Haryana,HISAR,2004,Kharif,Rice,28281.00,63000.00
Haryana,HISAR,2004,Kharif,Sesamum,306.00,200.00
Haryana,HISAR,2004,Kharif,Urad,21.00,
Haryana,HISAR,2004,Rabi,Barley,3771.00,11000.00
Haryana,HISAR,2004,Rabi,Gram,17824.00,14000.00
Haryana,HISAR,2004,Rabi,Masoor,2.00,
Haryana,HISAR,2004,Rabi,Rapeseed &Mustard,71211.00,81000.00
Haryana,HISAR,2004,Rabi,Wheat,202436.00,841000.00
Haryana,HISAR,2004,Whole Year,Dry chillies,344.00,4100.00
Haryana,HISAR,2004,Whole Year,Garlic,3.00,
Haryana,HISAR,2004,Whole Year,Potato,200.00,3500.00
Haryana,HISAR,2004,Whole Year,Sannhamp,5.00,
Haryana,HISAR,2004,Whole Year,Sugarcane,2536.00,90000.00
Haryana,HISAR,2005,Kharif,Arhar/Tur,22.00,
Haryana,HISAR,2005,Kharif,Bajra,58411.00,102000.00
Haryana,HISAR,2005,Kharif,Cotton(lint),146956.00,315000.00
Haryana,HISAR,2005,Kharif,Groundnut,190.00,200.00
Haryana,HISAR,2005,Kharif,Jowar,29.00,
Haryana,HISAR,2005,Kharif,Maize,44.00,
Haryana,HISAR,2005,Kharif,Moong(Green Gram),7503.00,3200.00
Haryana,HISAR,2005,Kharif,Moth,778.00,100.00
Haryana,HISAR,2005,Kharif,Rice,35448.00,87000.00
Haryana,HISAR,2005,Kharif,Sesamum,448.00,200.00
Haryana,HISAR,2005,Kharif,Urad,233.00,100.00
Haryana,HISAR,2005,Rabi,Barley,4287.00,12000.00
Haryana,HISAR,2005,Rabi,Gram,23125.00,13000.00
Haryana,HISAR,2005,Rabi,Masoor,91.00,100.00
Haryana,HISAR,2005,Rabi,Peas & beans (Pulses),115.00,100.00
Haryana,HISAR,2005,Rabi,Rapeseed &Mustard,73633.00,59100.00
Haryana,HISAR,2005,Rabi,Wheat,203205.00,752000.00
Haryana,HISAR,2005,Whole Year,Dry chillies,378.00,300.00
Haryana,HISAR,2005,Whole Year,Potato,157.00,2700.00
Haryana,HISAR,2005,Whole Year,Sannhamp,5.00,
Haryana,HISAR,2005,Whole Year,Sugarcane,2561.00,160000.00
Haryana,HISAR,2006,Kharif,Arhar/Tur,30.00,
Haryana,HISAR,2006,Kharif,Bajra,63855.00,147000.00
Haryana,HISAR,2006,Kharif,Castor seed,897.00,300.00
Haryana,HISAR,2006,Kharif,Cotton(lint),129660.00,396000.00
Haryana,HISAR,2006,Kharif,Groundnut,193.00,200.00
Haryana,HISAR,2006,Kharif,Horse-gram,125.00,100.00
Haryana,HISAR,2006,Kharif,Jowar,152.00,
Haryana,HISAR,2006,Kharif,Maize,26.00,
Haryana,HISAR,2006,Kharif,Moong(Green Gram),10704.00,4500.00
Haryana,HISAR,2006,Kharif,Moth,624.00,
Haryana,HISAR,2006,Kharif,Rice,35283.00,94000.00
Haryana,HISAR,2006,Kharif,Sesamum,439.00,200.00
Haryana,HISAR,2006,Kharif,Urad,202.00,100.00
Haryana,HISAR,2006,Rabi,Barley,6362.00,21000.00
Haryana,HISAR,2006,Rabi,Gram,14869.00,12000.00
Haryana,HISAR,2006,Rabi,Peas & beans (Pulses),129.00,200.00
Haryana,HISAR,2006,Rabi,Rapeseed &Mustard,57792.00,87000.00
Haryana,HISAR,2006,Rabi,Wheat,212007.00,931000.00
Haryana,HISAR,2006,Whole Year,Dry chillies,575.00,500.00
Haryana,HISAR,2006,Whole Year,Onion,4.00,100.00
Haryana,HISAR,2006,Whole Year,Potato,216.00,3800.00
Haryana,HISAR,2006,Whole Year,Sannhamp,1.00,
Haryana,HISAR,2006,Whole Year,Sugarcane,3246.00,185000.00
Haryana,HISAR,2007,Kharif,Arhar/Tur,43.00,100.00
Haryana,HISAR,2007,Kharif,Bajra,62986.00,146000.00
Haryana,HISAR,2007,Kharif,Castor seed,430.00,300.00
Haryana,HISAR,2007,Kharif,Cotton(lint),118126.00,466000.00
Haryana,HISAR,2007,Kharif,Groundnut,162.00,100.00
Haryana,HISAR,2007,Kharif,Maize,22.00,
Haryana,HISAR,2007,Kharif,Moong(Green Gram),10405.00,4500.00
Haryana,HISAR,2007,Kharif,Moth,627.00,
Haryana,HISAR,2007,Kharif,Rice,37626.00,99000.00
Haryana,HISAR,2007,Kharif,Sesamum,325.00,200.00
Haryana,HISAR,2007,Kharif,Urad,158.00,100.00
Haryana,HISAR,2007,Rabi,Barley,7308.00,20000.00
Haryana,HISAR,2007,Rabi,Gram,11736.00,7000.00
Haryana,HISAR,2007,Rabi,Masoor,35.00,100.00
Haryana,HISAR,2007,Rabi,Peas & beans (Pulses),1.00,
Haryana,HISAR,2007,Rabi,Rapeseed &Mustard,46058.00,51000.00
Haryana,HISAR,2007,Rabi,Wheat,227049.00,890000.00
Haryana,HISAR,2007,Whole Year,Dry chillies,497.00,4900.00
Haryana,HISAR,2007,Whole Year,Potato,250.00,4200.00
Haryana,HISAR,2007,Whole Year,Sannhamp,3.00,
Haryana,HISAR,2007,Whole Year,Sugarcane,2669.00,170000.00
Haryana,HISAR,2008,Kharif,Arhar/Tur,128.00,100.00
Haryana,HISAR,2008,Kharif,Bajra,60159.00,134000.00
Haryana,HISAR,2008,Kharif,Castor seed,372.00,400.00
Haryana,HISAR,2008,Kharif,Cotton(lint),112152.00,468000.00
Haryana,HISAR,2008,Kharif,Groundnut,416.00,400.00
Haryana,HISAR,2008,Kharif,Maize,18.00,
Haryana,HISAR,2008,Kharif,Moong(Green Gram),7385.00,3300.00
Haryana,HISAR,2008,Kharif,Moth,682.00,100.00
Haryana,HISAR,2008,Kharif,Rice,48567.00,132000.00
Haryana,HISAR,2008,Kharif,Sesamum,419.00,200.00
Haryana,HISAR,2008,Kharif,Urad,182.00,100.00
Haryana,HISAR,2008,Rabi,Barley,9366.00,32000.00
Haryana,HISAR,2008,Rabi,Gram,21414.00,18000.00
Haryana,HISAR,2008,Rabi,Masoor,3.00,
Haryana,HISAR,2008,Rabi,Peas & beans (Pulses),61.00,100.00
Haryana,HISAR,2008,Rabi,Rapeseed &Mustard,51289.00,90200.00
Haryana,HISAR,2008,Rabi,Wheat,223118.00,1077000.00
Haryana,HISAR,2008,Whole Year,Dry chillies,391.00,4200.00
Haryana,HISAR,2008,Whole Year,Potato,76.00,1100.00
Haryana,HISAR,2008,Whole Year,Sannhamp,1.00,
Haryana,HISAR,2008,Whole Year,Sugarcane,1341.00,50000.00
Haryana,HISAR,2009,Kharif,Arhar/Tur,3.00,
Haryana,HISAR,2009,Kharif,Bajra,45706.00,92000.00
Haryana,HISAR,2009,Kharif,Castor seed,50.00,100.00
Haryana,HISAR,2009,Kharif,Cotton(lint),132751.00,477000.00
Haryana,HISAR,2009,Kharif,Groundnut,452.00,500.00
Haryana,HISAR,2009,Kharif,Maize,48.00,
Haryana,HISAR,2009,Kharif,Moong(Green Gram),10022.00,4300.00
Haryana,HISAR,2009,Kharif,Moth,527.00,100.00
Haryana,HISAR,2009,Kharif,Rice,43250.00,94000.00
Haryana,HISAR,2009,Kharif,Sesamum,226.00,200.00
Haryana,HISAR,2009,Kharif,Urad,42.00,
Haryana,HISAR,2009,Rabi,Barley,6968.00,22000.00
Haryana,HISAR,2009,Rabi,Gram,10579.00,7000.00
Haryana,HISAR,2009,Rabi,Masoor,4.00,
Haryana,HISAR,2009,Rabi,Peas & beans (Pulses),50.00,100.00
Haryana,HISAR,2009,Rabi,Wheat,225178.00,931000.00
Haryana,HISAR,2009,Whole Year,Dry chillies,319.00,700.00
Haryana,HISAR,2009,Whole Year,Potato,173.00,3200.00
Haryana,HISAR,2009,Whole Year,Sugarcane,757.00,55000.00
Haryana,HISAR,2010,Kharif,Arhar/Tur,361.00,400.00
Haryana,HISAR,2010,Kharif,Bajra,56801.00,127000.00
Haryana,HISAR,2010,Kharif,Castor seed,299.00,100.00
Haryana,HISAR,2010,Kharif,Cotton(lint),124277.00,431000.00
Haryana,HISAR,2010,Kharif,Groundnut,392.00,400.00
Haryana,HISAR,2010,Kharif,Maize,59.00,
Haryana,HISAR,2010,Kharif,Moong(Green Gram),15379.00,7100.00
Haryana,HISAR,2010,Kharif,Moth,1150.00,300.00
Haryana,HISAR,2010,Kharif,Other Kharif pulses,162.00,
Haryana,HISAR,2010,Kharif,Rice,44733.00,113000.00
Haryana,HISAR,2010,Kharif,Sesamum,305.00,200.00
Haryana,HISAR,2010,Kharif,Urad,2.00,
Haryana,HISAR,2010,Rabi,Barley,5675.00,22000.00
Haryana,HISAR,2010,Rabi,Gram,19090.00,17000.00
Haryana,HISAR,2010,Rabi,Masoor,8.00,
Haryana,HISAR,2010,Rabi,Rapeseed &Mustard,70207.00,141000.00
Haryana,HISAR,2010,Rabi,Wheat,221814.00,1026000.00
Haryana,HISAR,2010,Whole Year,Dry chillies,407.00,4500.00
Haryana,HISAR,2010,Whole Year,Onion,11.00,200.00
Haryana,HISAR,2010,Whole Year,Potato,151.00,2500.00
Haryana,HISAR,2010,Whole Year,Sugarcane,1120.00,7000.00
Haryana,HISAR,2011,Kharif,Arhar/Tur,68.00,100.00
Haryana,HISAR,2011,Kharif,Bajra,44941.00,99000.00
Haryana,HISAR,2011,Kharif,Castor seed,603.00,200.00
Haryana,HISAR,2011,Kharif,Cotton(lint),153514.00,667000.00
Haryana,HISAR,2011,Kharif,Groundnut,189.00,200.00
Haryana,HISAR,2011,Kharif,Maize,51.00,
Haryana,HISAR,2011,Kharif,Moong(Green Gram),9804.00,4600.00
Haryana,HISAR,2011,Kharif,Moth,276.00,100.00
Haryana,HISAR,2011,Kharif,Rice,42921.00,111000.00
Haryana,HISAR,2011,Kharif,Sesamum,141.00,100.00
Haryana,HISAR,2011,Kharif,Urad,3.00,
Haryana,HISAR,2011,Rabi,Barley,4350.00,15000.00
Haryana,HISAR,2011,Rabi,Gram,14044.00,12000.00
Haryana,HISAR,2011,Rabi,Masoor,7.00,
Haryana,HISAR,2011,Rabi,Rapeseed &Mustard,59725.00,102000.00
Haryana,HISAR,2011,Rabi,Wheat,237072.00,1208000.00
Haryana,HISAR,2011,Whole Year,Potato,229.00,3200.00
Haryana,HISAR,2011,Whole Year,Sugarcane,1193.00,7000.00
Haryana,HISAR,2012,Kharif,Arhar/Tur,8.00,8.00
Haryana,HISAR,2012,Kharif,Bajra,28423.00,60000.00
Haryana,HISAR,2012,Kharif,Castor seed,208.00,83.00
Haryana,HISAR,2012,Kharif,Cotton(lint),145604.00,528000.00
Haryana,HISAR,2012,Kharif,Groundnut,169.00,202.00
Haryana,HISAR,2012,Kharif,Maize,24.00,
Haryana,HISAR,2012,Kharif,Moong(Green Gram),5376.00,2546.00
Haryana,HISAR,2012,Kharif,Rice,42070.00,102000.00
Haryana,HISAR,2012,Kharif,Sesamum,63.00,35.00
Haryana,HISAR,2012,Rabi,Barley,6292.00,19000.00
Haryana,HISAR,2012,Rabi,Gram,5758.00,5000.00
Haryana,HISAR,2012,Rabi,Rapeseed &Mustard,61966.00,102800.00
Haryana,HISAR,2012,Rabi,Wheat,231555.00,987000.00
Haryana,HISAR,2012,Whole Year,Dry chillies,288.00,2400.00
Haryana,HISAR,2012,Whole Year,Guar seed,64142.00,44899.00
Haryana,HISAR,2012,Whole Year,Potato,145.00,3400.00
Haryana,HISAR,2012,Whole Year,Sugarcane,1035.00,60000.00
Haryana,HISAR,2012,Whole Year,Sweet potato,8.00,100.00
Haryana,JHAJJAR,1997,Kharif,Bajra,29000.00,33000.00
Haryana,JHAJJAR,1997,Kharif,Jowar,30000.00,5000.00
Haryana,JHAJJAR,1997,Kharif,Other Kharif pulses,2600.00,2100.00
Haryana,JHAJJAR,1997,Kharif,Rice,8000.00,13000.00
Haryana,JHAJJAR,1997,Rabi,Barley,3000.00,8000.00
Haryana,JHAJJAR,1997,Rabi,Gram,10000.00,6000.00
Haryana,JHAJJAR,1997,Rabi,Other  Rabi pulses,1000.00,1000.00
Haryana,JHAJJAR,1997,Rabi,Wheat,90000.00,337000.00
Haryana,JHAJJAR,1997,Whole Year,Cotton(lint),2000.00,3000.00
Haryana,JHAJJAR,1997,Whole Year,Sugarcane,4000.00,150000.00
Haryana,JHAJJAR,1998,Kharif,Arhar/Tur,2106.00,1700.00
Haryana,JHAJJAR,1998,Kharif,Bajra,36402.00,37000.00
Haryana,JHAJJAR,1998,Kharif,Cotton(lint),2339.00,3000.00
Haryana,JHAJJAR,1998,Kharif,Groundnut,18.00,
Haryana,JHAJJAR,1998,Kharif,Jowar,35738.00,8000.00
Haryana,JHAJJAR,1998,Kharif,Maize,19.00,
Haryana,JHAJJAR,1998,Kharif,Moong(Green Gram),3.00,
Haryana,JHAJJAR,1998,Kharif,Rice,19923.00,38000.00
Haryana,JHAJJAR,1998,Kharif,Sesamum,44.00,
Haryana,JHAJJAR,1998,Kharif,Urad,147.00,
Haryana,JHAJJAR,1998,Rabi,Barley,1916.00,6000.00
Haryana,JHAJJAR,1998,Rabi,Gram,8080.00,7000.00
Haryana,JHAJJAR,1998,Rabi,Peas & beans (Pulses),173.00,100.00
Haryana,JHAJJAR,1998,Rabi,Rapeseed &Mustard,31054.00,38000.00
Haryana,JHAJJAR,1998,Rabi,Wheat,98100.00,356000.00
Haryana,JHAJJAR,1998,Whole Year,Onion,9.00,100.00
Haryana,JHAJJAR,1998,Whole Year,Potato,9.00,100.00
Haryana,JHAJJAR,1998,Whole Year,Sannhamp,388.00,100.00
Haryana,JHAJJAR,1998,Whole Year,Sugarcane,3186.00,170000.00
Haryana,JHAJJAR,1999,Kharif,Arhar/Tur,1967.00,1200.00
Haryana,JHAJJAR,1999,Kharif,Bajra,25982.00,14000.00
Haryana,JHAJJAR,1999,Kharif,Cotton(lint),1094.00,1000.00
Haryana,JHAJJAR,1999,Kharif,Groundnut,138.00,100.00
Haryana,JHAJJAR,1999,Kharif,Jowar,26997.00,5000.00
Haryana,JHAJJAR,1999,Kharif,Maize,33.00,.00
Haryana,JHAJJAR,1999,Kharif,Rice,15097.00,14000.00
Haryana,JHAJJAR,1999,Kharif,Sesamum,29.00,.00
Haryana,JHAJJAR,1999,Rabi,Barley,3243.00,10000.00
Haryana,JHAJJAR,1999,Rabi,Gram,4495.00,2000.00
Haryana,JHAJJAR,1999,Rabi,Peas & beans (Pulses),50.00,.00
Haryana,JHAJJAR,1999,Rabi,Rapeseed &Mustard,20591.00,29000.00
Haryana,JHAJJAR,1999,Rabi,Wheat,103392.00,377000.00
Haryana,JHAJJAR,1999,Whole Year,Onion,55.00,1200.00
Haryana,JHAJJAR,1999,Whole Year,Potato,1.00,100.00
Haryana,JHAJJAR,1999,Whole Year,Sugarcane,1835.00,80000.00
Haryana,JHAJJAR,2000,Kharif,Arhar/Tur,2680.00,1700.00
Haryana,JHAJJAR,2000,Kharif,Bajra,28354.00,31000.00
Haryana,JHAJJAR,2000,Kharif,Cotton(lint),1577.00,2000.00
Haryana,JHAJJAR,2000,Kharif,Groundnut,3.00,.00
Haryana,JHAJJAR,2000,Kharif,Jowar,28523.00,6000.00
Haryana,JHAJJAR,2000,Kharif,Maize,25.00,.00
Haryana,JHAJJAR,2000,Kharif,Moong(Green Gram),1.00,.00
Haryana,JHAJJAR,2000,Kharif,Rice,16498.00,25000.00
Haryana,JHAJJAR,2000,Kharif,Sesamum,45.00,.00
Haryana,JHAJJAR,2000,Rabi,Barley,4234.00,12000.00
Haryana,JHAJJAR,2000,Rabi,Gram,2353.00,2000.00
Haryana,JHAJJAR,2000,Rabi,Peas & beans (Pulses),86.00,100.00
Haryana,JHAJJAR,2000,Rabi,Rapeseed &Mustard,23649.00,38000.00
Haryana,JHAJJAR,2000,Rabi,Wheat,105106.00,402000.00
Haryana,JHAJJAR,2000,Whole Year,Onion,35.00,800.00
Haryana,JHAJJAR,2000,Whole Year,Sannhamp,122.00,.00
Haryana,JHAJJAR,2000,Whole Year,Sugarcane,2005.00,90000.00
Haryana,JHAJJAR,2001,Kharif,Arhar/Tur,4362.00,2900.00
Haryana,JHAJJAR,2001,Kharif,Bajra,26082.00,32000.00
Haryana,JHAJJAR,2001,Kharif,Cotton(lint),1261.00,2000.00
Haryana,JHAJJAR,2001,Kharif,Groundnut,1.00,.00
Haryana,JHAJJAR,2001,Kharif,Jowar,26513.00,6000.00
Haryana,JHAJJAR,2001,Kharif,Maize,48.00,.00
Haryana,JHAJJAR,2001,Kharif,Moong(Green Gram),2.00,.00
Haryana,JHAJJAR,2001,Kharif,Rice,15794.00,22000.00
Haryana,JHAJJAR,2001,Kharif,Sesamum,35.00,.00
Haryana,JHAJJAR,2001,Rabi,Barley,1923.00,6000.00
Haryana,JHAJJAR,2001,Rabi,Gram,3570.00,4000.00
Haryana,JHAJJAR,2001,Rabi,Peas & beans (Pulses),110.00,100.00
Haryana,JHAJJAR,2001,Rabi,Rapeseed &Mustard,31127.00,49000.00
Haryana,JHAJJAR,2001,Rabi,Wheat,101209.00,396000.00
Haryana,JHAJJAR,2001,Whole Year,Potato,15.00,300.00
Haryana,JHAJJAR,2001,Whole Year,Sannhamp,124.00,.00
Haryana,JHAJJAR,2001,Whole Year,Sugarcane,2577.00,150000.00
Haryana,JHAJJAR,2002,Kharif,Arhar/Tur,7978.00,5200.00
Haryana,JHAJJAR,2002,Kharif,Bajra,27136.00,32000.00
Haryana,JHAJJAR,2002,Kharif,Cotton(lint),3657.00,4000.00
Haryana,JHAJJAR,2002,Kharif,Groundnut,14.00,.00
Haryana,JHAJJAR,2002,Kharif,Jowar,30559.00,6000.00
Haryana,JHAJJAR,2002,Kharif,Maize,24.00,.00
Haryana,JHAJJAR,2002,Kharif,Moong(Green Gram),43.00,.00
Haryana,JHAJJAR,2002,Kharif,Rice,6484.00,19000.00
Haryana,JHAJJAR,2002,Kharif,Sesamum,87.00,.00
Haryana,JHAJJAR,2002,Rabi,Barley,1437.00,3000.00
Haryana,JHAJJAR,2002,Rabi,Gram,1835.00,2000.00
Haryana,JHAJJAR,2002,Rabi,Peas & beans (Pulses),84.00,100.00
Haryana,JHAJJAR,2002,Rabi,Rapeseed &Mustard,42309.00,49000.00
Haryana,JHAJJAR,2002,Rabi,Wheat,93118.00,366000.00
Haryana,JHAJJAR,2002,Whole Year,Banana,103.00,.00
Haryana,JHAJJAR,2002,Whole Year,Onion,226.00,4400.00
Haryana,JHAJJAR,2002,Whole Year,Other Vegetables,764.00,2000.00
Haryana,JHAJJAR,2002,Whole Year,Potato,21.00,400.00
Haryana,JHAJJAR,2002,Whole Year,Sannhamp,128.00,.00
Haryana,JHAJJAR,2002,Whole Year,Sugarcane,3379.00,150000.00
Haryana,JHAJJAR,2003,Kharif,Arhar/Tur,3924.00,4300.00
Haryana,JHAJJAR,2003,Kharif,Bajra,26770.00,39000.00
Haryana,JHAJJAR,2003,Kharif,Cotton(lint),3397.00,8000.00
Haryana,JHAJJAR,2003,Kharif,Groundnut,29.00,.00
Haryana,JHAJJAR,2003,Kharif,Jowar,25387.00,7000.00
Haryana,JHAJJAR,2003,Kharif,Maize,98.00,.00
Haryana,JHAJJAR,2003,Kharif,Moong(Green Gram),52.00,.00
Haryana,JHAJJAR,2003,Kharif,Rice,11702.00,18000.00
Haryana,JHAJJAR,2003,Kharif,Sesamum,44.00,.00
Haryana,JHAJJAR,2003,Rabi,Barley,1415.00,3000.00
Haryana,JHAJJAR,2003,Rabi,Gram,1998.00,2000.00
Haryana,JHAJJAR,2003,Rabi,Peas & beans (Pulses),131.00,100.00
Haryana,JHAJJAR,2003,Rabi,Rapeseed &Mustard,43152.00,64000.00
Haryana,JHAJJAR,2003,Rabi,Wheat,92614.00,358000.00
Haryana,JHAJJAR,2003,Whole Year,Mango,125.00,2.00
Haryana,JHAJJAR,2003,Whole Year,Onion,134.00,2600.00
Haryana,JHAJJAR,2003,Whole Year,Other Vegetables,610.00,1600.00
Haryana,JHAJJAR,2003,Whole Year,Potato,19.00,300.00
Haryana,JHAJJAR,2003,Whole Year,Sannhamp,122.00,.00
Haryana,JHAJJAR,2003,Whole Year,Sugarcane,2772.00,150000.00
Haryana,JHAJJAR,2004,Kharif,Arhar/Tur,5508.00,5400.00
Haryana,JHAJJAR,2004,Kharif,Bajra,25432.00,36000.00
Haryana,JHAJJAR,2004,Kharif,Cotton(lint),5325.00,7000.00
Haryana,JHAJJAR,2004,Kharif,Groundnut,61.00,
Haryana,JHAJJAR,2004,Kharif,Jowar,26099.00,7000.00
Haryana,JHAJJAR,2004,Kharif,Maize,72.00,
Haryana,JHAJJAR,2004,Kharif,Moong(Green Gram),44.00,
Haryana,JHAJJAR,2004,Kharif,Rice,13362.00,16000.00
Haryana,JHAJJAR,2004,Kharif,Sesamum,73.00,
Haryana,JHAJJAR,2004,Rabi,Barley,1126.00,3000.00
Haryana,JHAJJAR,2004,Rabi,Gram,756.00,1000.00
Haryana,JHAJJAR,2004,Rabi,Peas & beans (Pulses),1.00,
Haryana,JHAJJAR,2004,Rabi,Rapeseed &Mustard,55470.00,73000.00
Haryana,JHAJJAR,2004,Rabi,Wheat,84057.00,302000.00
Haryana,JHAJJAR,2004,Whole Year,Onion,11.00,200.00
Haryana,JHAJJAR,2004,Whole Year,Potato,10.00,200.00
Haryana,JHAJJAR,2004,Whole Year,Sannhamp,144.00,
Haryana,JHAJJAR,2004,Whole Year,Sugarcane,2373.00,90000.00
Haryana,JHAJJAR,2005,Kharif,Arhar/Tur,5854.00,6400.00
Haryana,JHAJJAR,2005,Kharif,Bajra,26796.00,34000.00
Haryana,JHAJJAR,2005,Kharif,Cotton(lint),3617.00,7000.00
Haryana,JHAJJAR,2005,Kharif,Groundnut,162.00,100.00
Haryana,JHAJJAR,2005,Kharif,Jowar,25382.00,7000.00
Haryana,JHAJJAR,2005,Kharif,Maize,116.00,
Haryana,JHAJJAR,2005,Kharif,Moong(Green Gram),14.00,
Haryana,JHAJJAR,2005,Kharif,Rice,17028.00,29000.00
Haryana,JHAJJAR,2005,Kharif,Sesamum,26.00,
Haryana,JHAJJAR,2005,Rabi,Barley,1180.00,3000.00
Haryana,JHAJJAR,2005,Rabi,Gram,1321.00,1000.00
Haryana,JHAJJAR,2005,Rabi,Peas & beans (Pulses),47.00,
Haryana,JHAJJAR,2005,Rabi,Rapeseed &Mustard,56448.00,48000.00
Haryana,JHAJJAR,2005,Rabi,Wheat,85059.00,315000.00
Haryana,JHAJJAR,2005,Whole Year,Onion,163.00,2700.00
Haryana,JHAJJAR,2005,Whole Year,Potato,6.00,100.00
Haryana,JHAJJAR,2005,Whole Year,Sannhamp,116.00,
Haryana,JHAJJAR,2005,Whole Year,Sugarcane,1857.00,120000.00
Haryana,JHAJJAR,2006,Kharif,Arhar/Tur,6175.00,6800.00
Haryana,JHAJJAR,2006,Kharif,Bajra,30052.00,39000.00
Haryana,JHAJJAR,2006,Kharif,Cotton(lint),1736.00,5000.00
Haryana,JHAJJAR,2006,Kharif,Groundnut,182.00,100.00
Haryana,JHAJJAR,2006,Kharif,Jowar,25781.00,7000.00
Haryana,JHAJJAR,2006,Kharif,Maize,125.00,
Haryana,JHAJJAR,2006,Kharif,Moong(Green Gram),50.00,
Haryana,JHAJJAR,2006,Kharif,Rice,17210.00,31000.00
Haryana,JHAJJAR,2006,Kharif,Sesamum,54.00,
Haryana,JHAJJAR,2006,Rabi,Barley,2612.00,9000.00
Haryana,JHAJJAR,2006,Rabi,Gram,1292.00,1000.00
Haryana,JHAJJAR,2006,Rabi,Peas & beans (Pulses),156.00,200.00
Haryana,JHAJJAR,2006,Rabi,Rapeseed &Mustard,41170.00,54000.00
Haryana,JHAJJAR,2006,Rabi,Wheat,96315.00,376000.00
Haryana,JHAJJAR,2006,Whole Year,Onion,99.00,2100.00
Haryana,JHAJJAR,2006,Whole Year,Potato,4.00,100.00
Haryana,JHAJJAR,2006,Whole Year,Sannhamp,85.00,
Haryana,JHAJJAR,2006,Whole Year,Sugarcane,2559.00,192000.00
Haryana,JHAJJAR,2007,Kharif,Arhar/Tur,6478.00,7100.00
Haryana,JHAJJAR,2007,Kharif,Bajra,30983.00,55000.00
Haryana,JHAJJAR,2007,Kharif,Cotton(lint),923.00,2000.00
Haryana,JHAJJAR,2007,Kharif,Groundnut,135.00,100.00
Haryana,JHAJJAR,2007,Kharif,Jowar,26101.00,12000.00
Haryana,JHAJJAR,2007,Kharif,Maize,100.00,
Haryana,JHAJJAR,2007,Kharif,Moong(Green Gram),30.00,
Haryana,JHAJJAR,2007,Kharif,Rice,18778.00,43000.00
Haryana,JHAJJAR,2007,Kharif,Sesamum,29.00,
Haryana,JHAJJAR,2007,Rabi,Barley,1630.00,5000.00
Haryana,JHAJJAR,2007,Rabi,Gram,672.00,1000.00
Haryana,JHAJJAR,2007,Rabi,Peas & beans (Pulses),75.00,100.00
Haryana,JHAJJAR,2007,Rabi,Rapeseed &Mustard,34765.00,43000.00
Haryana,JHAJJAR,2007,Rabi,Wheat,98762.00,388000.00
Haryana,JHAJJAR,2007,Whole Year,Sannhamp,44.00,
Haryana,JHAJJAR,2007,Whole Year,Sugarcane,2474.00,180000.00
Haryana,JHAJJAR,2007,Whole Year,Sweet potato,1.00,
Haryana,JHAJJAR,2008,Kharif,Arhar/Tur,8422.00,9300.00
Haryana,JHAJJAR,2008,Kharif,Bajra,27287.00,44000.00
Haryana,JHAJJAR,2008,Kharif,Cotton(lint),559.00,3000.00
Haryana,JHAJJAR,2008,Kharif,Groundnut,135.00,200.00
Haryana,JHAJJAR,2008,Kharif,Jowar,21231.00,10000.00
Haryana,JHAJJAR,2008,Kharif,Maize,30.00,
Haryana,JHAJJAR,2008,Kharif,Moong(Green Gram),30.00,
Haryana,JHAJJAR,2008,Kharif,Rice,33888.00,33000.00
Haryana,JHAJJAR,2008,Kharif,Sesamum,31.00,
Haryana,JHAJJAR,2008,Rabi,Barley,3732.00,15000.00
Haryana,JHAJJAR,2008,Rabi,Gram,666.00,1000.00
Haryana,JHAJJAR,2008,Rabi,Masoor,75.00,100.00
Haryana,JHAJJAR,2008,Rabi,Rapeseed &Mustard,35301.00,65000.00
Haryana,JHAJJAR,2008,Rabi,Wheat,93716.00,409000.00
Haryana,JHAJJAR,2008,Whole Year,Sannhamp,44.00,
Haryana,JHAJJAR,2008,Whole Year,Sugarcane,1416.00,44000.00
Haryana,JHAJJAR,2008,Whole Year,Sweet potato,1.00,
Haryana,JHAJJAR,2009,Kharif,Arhar/Tur,4691.00,5200.00
Haryana,JHAJJAR,2009,Kharif,Bajra,30967.00,61000.00
Haryana,JHAJJAR,2009,Kharif,Cotton(lint),910.00,3000.00
Haryana,JHAJJAR,2009,Kharif,Groundnut,54.00,
Haryana,JHAJJAR,2009,Kharif,Jowar,18651.00,90.00
Haryana,JHAJJAR,2009,Kharif,Maize,99.00,
Haryana,JHAJJAR,2009,Kharif,Moong(Green Gram),15.00,
Haryana,JHAJJAR,2009,Kharif,Rice,25954.00,47000.00
Haryana,JHAJJAR,2009,Kharif,Sesamum,22.00,
Haryana,JHAJJAR,2009,Rabi,Barley,2611.00,8000.00
Haryana,JHAJJAR,2009,Rabi,Gram,562.00,1000.00
Haryana,JHAJJAR,2009,Rabi,Wheat,101063.00,417000.00
Haryana,JHAJJAR,2009,Whole Year,Sugarcane,791.00,70000.00
Haryana,JHAJJAR,2010,Kharif,Arhar/Tur,5138.00,5400.00
Haryana,JHAJJAR,2010,Kharif,Bajra,45629.00,78000.00
Haryana,JHAJJAR,2010,Kharif,Cotton(lint),513.00,1000.00
Haryana,JHAJJAR,2010,Kharif,Groundnut,146.00,100.00
Haryana,JHAJJAR,2010,Kharif,Jowar,15364.00,8000.00
Haryana,JHAJJAR,2010,Kharif,Maize,38.00,
Haryana,JHAJJAR,2010,Kharif,Moong(Green Gram),65.00,
Haryana,JHAJJAR,2010,Kharif,Rice,31014.00,62000.00
Haryana,JHAJJAR,2010,Kharif,Sesamum,14.00,
Haryana,JHAJJAR,2010,Rabi,Barley,2549.00,11000.00
Haryana,JHAJJAR,2010,Rabi,Gram,526.00,1000.00
Haryana,JHAJJAR,2010,Rabi,Rapeseed &Mustard,27132.00,48000.00
Haryana,JHAJJAR,2010,Rabi,Wheat,100978.00,455000.00
Haryana,JHAJJAR,2010,Whole Year,Sannhamp,16.00,
Haryana,JHAJJAR,2010,Whole Year,Sugarcane,1973.00,14000.00
Haryana,JHAJJAR,2011,Kharif,Arhar/Tur,4580.00,5300.00
Haryana,JHAJJAR,2011,Kharif,Bajra,37785.00,73000.00
Haryana,JHAJJAR,2011,Kharif,Cotton(lint),952.00,3000.00
Haryana,JHAJJAR,2011,Kharif,Groundnut,155.00,200.00
Haryana,JHAJJAR,2011,Kharif,Jowar,13412.00,6000.00
Haryana,JHAJJAR,2011,Kharif,Maize,98.00,
Haryana,JHAJJAR,2011,Kharif,Moong(Green Gram),43.00,
Haryana,JHAJJAR,2011,Kharif,Rice,30923.00,67000.00
Haryana,JHAJJAR,2011,Kharif,Sannhamp,4.00,
Haryana,JHAJJAR,2011,Kharif,Sesamum,38.00,
Haryana,JHAJJAR,2011,Kharif,Soyabean,3.00,
Haryana,JHAJJAR,2011,Rabi,Barley,4638.00,15000.00
Haryana,JHAJJAR,2011,Rabi,Gram,428.00,
Haryana,JHAJJAR,2011,Rabi,Peas & beans (Pulses),8.00,
Haryana,JHAJJAR,2011,Rabi,Rapeseed &Mustard,29079.00,46000.00
Haryana,JHAJJAR,2011,Rabi,Wheat,98419.00,481000.00
Haryana,JHAJJAR,2011,Whole Year,Sugarcane,2750.00,21000.00
Haryana,JHAJJAR,2012,Kharif,Arhar/Tur,4051.00,4812.00
Haryana,JHAJJAR,2012,Kharif,Bajra,28779.00,56000.00
Haryana,JHAJJAR,2012,Kharif,Cotton(lint),2872.00,7000.00
Haryana,JHAJJAR,2012,Kharif,Groundnut,72.00,81.00
Haryana,JHAJJAR,2012,Kharif,Jowar,12819.00,6500.00
Haryana,JHAJJAR,2012,Kharif,Maize,190.00,
Haryana,JHAJJAR,2012,Kharif,Moong(Green Gram),20.00,8.00
Haryana,JHAJJAR,2012,Kharif,Rice,23128.00,53000.00
Haryana,JHAJJAR,2012,Kharif,Sannhamp,17.00,6.00
Haryana,JHAJJAR,2012,Kharif,Sesamum,27.00,11.00
Haryana,JHAJJAR,2012,Rabi,Barley,6923.00,25000.00
Haryana,JHAJJAR,2012,Rabi,Gram,619.00,1000.00
Haryana,JHAJJAR,2012,Rabi,Peas & beans (Pulses),1.00,1.00
Haryana,JHAJJAR,2012,Rabi,Rapeseed &Mustard,35519.00,59000.00
Haryana,JHAJJAR,2012,Rabi,Wheat,95856.00,377000.00
Haryana,JHAJJAR,2012,Whole Year,Guar seed,6500.00,4550.00
Haryana,JHAJJAR,2012,Whole Year,Onion,29.00,500.00
Haryana,JHAJJAR,2012,Whole Year,Sugarcane,2970.00,191000.00
Haryana,JIND,1997,Kharif,Bajra,39000.00,56000.00
Haryana,JIND,1997,Kharif,Jowar,3000.00,1000.00
Haryana,JIND,1997,Kharif,Maize,1000.00,2000.00
Haryana,JIND,1997,Kharif,Other Kharif pulses,500.00,400.00
Haryana,JIND,1997,Kharif,Rice,81000.00,224000.00
Haryana,JIND,1997,Rabi,Barley,2000.00,5000.00
Haryana,JIND,1997,Rabi,Gram,10000.00,7000.00
Haryana,JIND,1997,Rabi,Other  Rabi pulses,2000.00,2000.00
Haryana,JIND,1997,Rabi,Wheat,175000.00,631000.00
Haryana,JIND,1997,Whole Year,Cotton(lint),60000.00,102000.00
Haryana,JIND,1997,Whole Year,Sugarcane,9000.00,460000.00
Haryana,JIND,1998,Kharif,Arhar/Tur,84.00,100.00
Haryana,JIND,1998,Kharif,Bajra,37110.00,57800.00
Haryana,JIND,1998,Kharif,Cotton(lint),45896.00,67000.00
Haryana,JIND,1998,Kharif,Jowar,2842.00,
Haryana,JIND,1998,Kharif,Maize,18.00,
Haryana,JIND,1998,Kharif,Moong(Green Gram),21.00,
Haryana,JIND,1998,Kharif,Rice,110962.00,230000.00
Haryana,JIND,1998,Kharif,Sesamum,161.00,
Haryana,JIND,1998,Rabi,Barley,1817.00,6000.00
Haryana,JIND,1998,Rabi,Gram,6557.00,5000.00
Haryana,JIND,1998,Rabi,Masoor,132.00,200.00
Haryana,JIND,1998,Rabi,Rapeseed &Mustard,7760.00,8000.00
Haryana,JIND,1998,Rabi,Sunflower,486.00,500.00
Haryana,JIND,1998,Rabi,Wheat,180895.00,734000.00
Haryana,JIND,1998,Whole Year,Dry chillies,18.00,
Haryana,JIND,1998,Whole Year,Onion,35.00,800.00
Haryana,JIND,1998,Whole Year,Potato,56.00,800.00
Haryana,JIND,1998,Whole Year,Sannhamp,25.00,
Haryana,JIND,1998,Whole Year,Sugarcane,5090.00,260000.00
Haryana,JIND,1999,Kharif,Arhar/Tur,74.00,100.00
Haryana,JIND,1999,Kharif,Bajra,34349.00,47000.00
Haryana,JIND,1999,Kharif,Cotton(lint),36705.00,82000.00
Haryana,JIND,1999,Kharif,Jowar,2306.00,1000.00
Haryana,JIND,1999,Kharif,Maize,4.00,.00
Haryana,JIND,1999,Kharif,Moong(Green Gram),26.00,.00
Haryana,JIND,1999,Kharif,Rice,116552.00,205000.00
Haryana,JIND,1999,Kharif,Sesamum,188.00,.00
Haryana,JIND,1999,Kharif,Urad,82.00,100.00
Haryana,JIND,1999,Rabi,Barley,554.00,3000.00
Haryana,JIND,1999,Rabi,Gram,2004.00,1000.00
Haryana,JIND,1999,Rabi,Masoor,82.00,100.00
Haryana,JIND,1999,Rabi,Rapeseed &Mustard,5816.00,6000.00
Haryana,JIND,1999,Rabi,Wheat,203157.00,860000.00
Haryana,JIND,1999,Whole Year,Dry chillies,20.00,
Haryana,JIND,1999,Whole Year,Sugarcane,6171.00,310000.00
Haryana,JIND,2000,Kharif,Arhar/Tur,41.00,100.00
Haryana,JIND,2000,Kharif,Bajra,40297.00,64000.00
Haryana,JIND,2000,Kharif,Cotton(lint),38866.00,77000.00
Haryana,JIND,2000,Kharif,Jowar,1360.00,600.00
Haryana,JIND,2000,Kharif,Maize,4.00,.00
Haryana,JIND,2000,Kharif,Moong(Green Gram),25.00,.00
Haryana,JIND,2000,Kharif,Rice,111598.00,222000.00
Haryana,JIND,2000,Kharif,Sesamum,234.00,.00
Haryana,JIND,2000,Rabi,Barley,1624.00,5000.00
Haryana,JIND,2000,Rabi,Gram,826.00,1000.00
Haryana,JIND,2000,Rabi,Masoor,72.00,100.00
Haryana,JIND,2000,Rabi,Rapeseed &Mustard,4057.00,5000.00
Haryana,JIND,2000,Rabi,Wheat,206513.00,891000.00
Haryana,JIND,2000,Whole Year,Dry chillies,9.00,.00
Haryana,JIND,2000,Whole Year,Sannhamp,43.00,.00
Haryana,JIND,2000,Whole Year,Sugarcane,7074.00,380000.00
Haryana,JIND,2001,Kharif,Arhar/Tur,100.00,100.00
Haryana,JIND,2001,Kharif,Bajra,38682.00,53000.00
Haryana,JIND,2001,Kharif,Cotton(lint),46826.00,77000.00
Haryana,JIND,2001,Kharif,Jowar,1364.00,.00
Haryana,JIND,2001,Kharif,Maize,30.00,.00
Haryana,JIND,2001,Kharif,Moong(Green Gram),41.00,.00
Haryana,JIND,2001,Kharif,Rice,104307.00,222000.00
Haryana,JIND,2001,Kharif,Sesamum,224.00,100.00
Haryana,JIND,2001,Rabi,Barley,1466.00,5000.00
Haryana,JIND,2001,Rabi,Gram,735.00,1000.00
Haryana,JIND,2001,Rabi,Masoor,65.00,100.00
Haryana,JIND,2001,Rabi,Peas & beans (Pulses),13.00,.00
Haryana,JIND,2001,Rabi,Rapeseed &Mustard,6169.00,9000.00
Haryana,JIND,2001,Rabi,Wheat,206820.00,877000.00
Haryana,JIND,2001,Whole Year,Dry chillies,13.00,.00
Haryana,JIND,2001,Whole Year,Sannhamp,22.00,.00
Haryana,JIND,2001,Whole Year,Sugarcane,8802.00,500000.00
Haryana,JIND,2002,Kharif,Arhar/Tur,1064.00,1100.00
Haryana,JIND,2002,Kharif,Bajra,40759.00,43000.00
Haryana,JIND,2002,Kharif,Cotton(lint),37753.00,49000.00
Haryana,JIND,2002,Kharif,Jowar,778.00,.00
Haryana,JIND,2002,Kharif,Maize,22.00,.00
Haryana,JIND,2002,Kharif,Moong(Green Gram),168.00,.00
Haryana,JIND,2002,Kharif,Rice,69245.00,130000.00
Haryana,JIND,2002,Kharif,Sesamum,939.00,200.00
Haryana,JIND,2002,Kharif,Urad,6.00,.00
Haryana,JIND,2002,Rabi,Barley,876.00,3000.00
Haryana,JIND,2002,Rabi,Gram,642.00,1000.00
Haryana,JIND,2002,Rabi,Masoor,42.00,100.00
Haryana,JIND,2002,Rabi,Rapeseed &Mustard,10695.00,13000.00
Haryana,JIND,2002,Rabi,Sunflower,1.00,.00
Haryana,JIND,2002,Rabi,Wheat,203405.00,855000.00
Haryana,JIND,2002,Whole Year,Other Fresh Fruits,996.00,8200.00
Haryana,JIND,2002,Whole Year,Other Vegetables,1956.00,17000.00
Haryana,JIND,2002,Whole Year,Sannhamp,28.00,.00
Haryana,JIND,2002,Whole Year,Sugarcane,11913.00,610000.00
Haryana,JIND,2003,Kharif,Arhar/Tur,706.00,700.00
Haryana,JIND,2003,Kharif,Bajra,46045.00,84000.00
Haryana,JIND,2003,Kharif,Cotton(lint),43210.00,111000.00
Haryana,JIND,2003,Kharif,Jowar,404.00,.00
Haryana,JIND,2003,Kharif,Maize,477.00,2000.00
Haryana,JIND,2003,Kharif,Moong(Green Gram),72.00,.00
Haryana,JIND,2003,Kharif,Rice,91072.00,218000.00
Haryana,JIND,2003,Kharif,Sesamum,398.00,100.00
Haryana,JIND,2003,Kharif,Urad,1.00,.00
Haryana,JIND,2003,Rabi,Barley,829.00,3000.00
Haryana,JIND,2003,Rabi,Gram,593.00,1000.00
Haryana,JIND,2003,Rabi,Masoor,48.00,100.00
Haryana,JIND,2003,Rabi,Rapeseed &Mustard,9786.00,16000.00
Haryana,JIND,2003,Rabi,Wheat,206844.00,819000.00
Haryana,JIND,2003,Whole Year,Dry chillies,12.00,.00
Haryana,JIND,2003,Whole Year,Other Fresh Fruits,993.00,2000.00
Haryana,JIND,2003,Whole Year,Other Vegetables,1776.00,15400.00
Haryana,JIND,2003,Whole Year,Sannhamp,28.00,.00
Haryana,JIND,2003,Whole Year,Sugarcane,9347.00,530000.00
Haryana,JIND,2004,Kharif,Arhar/Tur,890.00,900.00
Haryana,JIND,2004,Kharif,Bajra,45807.00,67000.00
Haryana,JIND,2004,Kharif,Cotton(lint),49970.00,148000.00
Haryana,JIND,2004,Kharif,Jowar,571.00,
Haryana,JIND,2004,Kharif,Moong(Green Gram),57.00,
Haryana,JIND,2004,Kharif,Rice,90894.00,201000.00
Haryana,JIND,2004,Kharif,Sesamum,371.00,100.00
Haryana,JIND,2004,Rabi,Barley,847.00,3000.00
Haryana,JIND,2004,Rabi,Gram,427.00,
Haryana,JIND,2004,Rabi,Masoor,36.00,100.00
Haryana,JIND,2004,Rabi,Rapeseed &Mustard,12545.00,16000.00
Haryana,JIND,2004,Rabi,Wheat,206902.00,859000.00
Haryana,JIND,2004,Whole Year,Sannhamp,42.00,
Haryana,JIND,2004,Whole Year,Sugarcane,5708.00,370000.00
Haryana,JIND,2005,Kharif,Arhar/Tur,797.00,700.00
Haryana,JIND,2005,Kharif,Bajra,46755.00,88000.00
Haryana,JIND,2005,Kharif,Cotton(lint),49688.00,129000.00
Haryana,JIND,2005,Kharif,Jowar,247.00,
Haryana,JIND,2005,Kharif,Maize,1.00,
Haryana,JIND,2005,Kharif,Moong(Green Gram),195.00,100.00
Haryana,JIND,2005,Kharif,Rice,96708.00,258000.00
Haryana,JIND,2005,Kharif,Sesamum,268.00,
Haryana,JIND,2005,Kharif,Urad,1.00,
Haryana,JIND,2005,Rabi,Barley,800.00,3000.00
Haryana,JIND,2005,Rabi,Gram,689.00,1000.00
Haryana,JIND,2005,Rabi,Masoor,35.00,100.00
Haryana,JIND,2005,Rabi,Rapeseed &Mustard,16115.00,11000.00
Haryana,JIND,2005,Rabi,Wheat,204623.00,820000.00
Haryana,JIND,2005,Whole Year,Potato,15.00,400.00
Haryana,JIND,2005,Whole Year,Sannhamp,15.00,
Haryana,JIND,2005,Whole Year,Sugarcane,3608.00,270000.00
Haryana,JIND,2006,Kharif,Arhar/Tur,1021.00,900.00
Haryana,JIND,2006,Kharif,Bajra,53955.00,109000.00
Haryana,JIND,2006,Kharif,Cotton(lint),45777.00,137000.00
Haryana,JIND,2006,Kharif,Jowar,144.00,
Haryana,JIND,2006,Kharif,Moong(Green Gram),74.00,100.00
Haryana,JIND,2006,Kharif,Rice,93719.00,248000.00
Haryana,JIND,2006,Kharif,Sesamum,267.00,100.00
Haryana,JIND,2006,Kharif,Urad,4.00,
Haryana,JIND,2006,Rabi,Barley,1088.00,2000.00
Haryana,JIND,2006,Rabi,Gram,515.00,1000.00
Haryana,JIND,2006,Rabi,Masoor,26.00,
Haryana,JIND,2006,Rabi,Rapeseed &Mustard,5856.00,7000.00
Haryana,JIND,2006,Rabi,Wheat,213270.00,897000.00
Haryana,JIND,2006,Whole Year,Dry chillies,13.00,
Haryana,JIND,2006,Whole Year,Sannhamp,5.00,
Haryana,JIND,2006,Whole Year,Sugarcane,5081.00,445000.00
Haryana,JIND,2007,Kharif,Arhar/Tur,1252.00,1400.00
Haryana,JIND,2007,Kharif,Bajra,55722.00,130000.00
Haryana,JIND,2007,Kharif,Cotton(lint),44338.00,165000.00
Haryana,JIND,2007,Kharif,Jowar,104.00,
Haryana,JIND,2007,Kharif,Maize,3.00,
Haryana,JIND,2007,Kharif,Moong(Green Gram),53.00,
Haryana,JIND,2007,Kharif,Rice,95256.00,249000.00
Haryana,JIND,2007,Kharif,Sesamum,234.00,100.00
Haryana,JIND,2007,Rabi,Barley,958.00,3000.00
Haryana,JIND,2007,Rabi,Gram,461.00,
Haryana,JIND,2007,Rabi,Masoor,15.00,
Haryana,JIND,2007,Rabi,Rapeseed &Mustard,5291.00,6000.00
Haryana,JIND,2007,Rabi,Wheat,213402.00,893000.00
Haryana,JIND,2007,Whole Year,Dry chillies,19.00,200.00
Haryana,JIND,2007,Whole Year,Sannhamp,7.00,
Haryana,JIND,2007,Whole Year,Sugarcane,5327.00,320000.00
Haryana,JIND,2008,Kharif,Arhar/Tur,1245.00,1400.00
Haryana,JIND,2008,Kharif,Bajra,53145.00,102000.00
Haryana,JIND,2008,Kharif,Cotton(lint),45062.00,153000.00
Haryana,JIND,2008,Kharif,Jowar,279.00,
Haryana,JIND,2008,Kharif,Moong(Green Gram),51.00,
Haryana,JIND,2008,Kharif,Moth,2.00,
Haryana,JIND,2008,Kharif,Rice,106846.00,250000.00
Haryana,JIND,2008,Kharif,Sesamum,177.00,100.00
Haryana,JIND,2008,Kharif,Urad,2.00,
Haryana,JIND,2008,Rabi,Barley,1041.00,3000.00
Haryana,JIND,2008,Rabi,Gram,391.00,
Haryana,JIND,2008,Rabi,Masoor,13.00,
Haryana,JIND,2008,Rabi,Rapeseed &Mustard,5942.00,9000.00
Haryana,JIND,2008,Rabi,Wheat,215214.00,1030000.00
Haryana,JIND,2008,Whole Year,Coriander,7.00,
Haryana,JIND,2008,Whole Year,Dry chillies,16.00,200.00
Haryana,JIND,2008,Whole Year,Sannhamp,3.00,
Haryana,JIND,2008,Whole Year,Sugarcane,2088.00,116000.00
Haryana,JIND,2009,Kharif,Arhar/Tur,1081.00,1100.00
Haryana,JIND,2009,Kharif,Bajra,44849.00,79000.00
Haryana,JIND,2009,Kharif,Cotton(lint),45989.00,141000.00
Haryana,JIND,2009,Kharif,Jowar,4.00,
Haryana,JIND,2009,Kharif,Moong(Green Gram),32.00,
Haryana,JIND,2009,Kharif,Rice,108272.00,296000.00
Haryana,JIND,2009,Kharif,Sesamum,101.00,
Haryana,JIND,2009,Rabi,Barley,872.00,3000.00
Haryana,JIND,2009,Rabi,Gram,180.00,
Haryana,JIND,2009,Rabi,Masoor,8.00,
Haryana,JIND,2009,Rabi,Wheat,215241.00,934000.00
Haryana,JIND,2009,Whole Year,Coriander,2.00,
Haryana,JIND,2009,Whole Year,Sugarcane,1201.00,62000.00
Haryana,JIND,2010,Kharif,Arhar/Tur,910.00,1000.00
Haryana,JIND,2010,Kharif,Bajra,43201.00,89000.00
Haryana,JIND,2010,Kharif,Cotton(lint),47272.00,161000.00
Haryana,JIND,2010,Kharif,Jowar,45.00,
Haryana,JIND,2010,Kharif,Moong(Green Gram),15.00,
Haryana,JIND,2010,Kharif,Rice,113883.00,284000.00
Haryana,JIND,2010,Kharif,Sesamum,102.00,
Haryana,JIND,2010,Rabi,Barley,612.00,3000.00
Haryana,JIND,2010,Rabi,Gram,171.00,
Haryana,JIND,2010,Rabi,Masoor,20.00,
Haryana,JIND,2010,Rabi,Rapeseed &Mustard,4924.00,9000.00
Haryana,JIND,2010,Rabi,Wheat,215854.00,982000.00
Haryana,JIND,2010,Whole Year,Coriander,1.00,
Haryana,JIND,2010,Whole Year,Dry chillies,29.00,300.00
Haryana,JIND,2010,Whole Year,Garlic,2.00,
Haryana,JIND,2010,Whole Year,Onion,13.00,300.00
Haryana,JIND,2010,Whole Year,Potato,341.00,8800.00
Haryana,JIND,2010,Whole Year,Sannhamp,2.00,
Haryana,JIND,2010,Whole Year,Sugarcane,2064.00,14000.00
Haryana,JIND,2011,Kharif,Bajra,28275.00,58000.00
Haryana,JIND,2011,Kharif,Cotton(lint),63012.00,255000.00
Haryana,JIND,2011,Kharif,Jowar,77.00,
Haryana,JIND,2011,Kharif,Moong(Green Gram),455.00,200.00
Haryana,JIND,2011,Kharif,Moth,3.00,
Haryana,JIND,2011,Kharif,Rice,114854.00,297000.00
Haryana,JIND,2011,Kharif,Sannhamp,2.00,
Haryana,JIND,2011,Kharif,Sesamum,69.00,
Haryana,JIND,2011,Rabi,Barley,611.00,4000.00
Haryana,JIND,2011,Rabi,Gram,74.00,
Haryana,JIND,2011,Rabi,Masoor,21.00,
Haryana,JIND,2011,Rabi,Rapeseed &Mustard,4417.00,7000.00
Haryana,JIND,2011,Rabi,Wheat,216610.00,1136000.00
Haryana,JIND,2011,Whole Year,Onion,35.00,600.00
Haryana,JIND,2011,Whole Year,Potato,252.00,5600.00
Haryana,JIND,2011,Whole Year,Sugarcane,2949.00,22000.00
Haryana,JIND,2011,Whole Year,Turmeric,1.00,
Haryana,JIND,2012,Kharif,Arhar/Tur,66.00,65.00
Haryana,JIND,2012,Kharif,Bajra,22684.00,47000.00
Haryana,JIND,2012,Kharif,Cotton(lint),66780.00,244000.00
Haryana,JIND,2012,Kharif,Jowar,81.00,
Haryana,JIND,2012,Kharif,Moth,86.00,43.00
Haryana,JIND,2012,Kharif,Rice,114012.00,318000.00
Haryana,JIND,2012,Kharif,Sannhamp,4.00,1.00
Haryana,JIND,2012,Kharif,Sesamum,57.00,24.00
Haryana,JIND,2012,Rabi,Barley,564.00,4000.00
Haryana,JIND,2012,Rabi,Gram,48.00,
Haryana,JIND,2012,Rabi,Masoor,23.00,30.00
Haryana,JIND,2012,Rabi,Rapeseed &Mustard,4576.00,8000.00
Haryana,JIND,2012,Rabi,Wheat,215979.00,922000.00
Haryana,JIND,2012,Whole Year,Dry chillies,8.00,100.00
Haryana,JIND,2012,Whole Year,Guar seed,711.00,462.00
Haryana,JIND,2012,Whole Year,Onion,85.00,2000.00
Haryana,JIND,2012,Whole Year,Potato,303.00,6800.00
Haryana,JIND,2012,Whole Year,Sugarcane,3387.00,195000.00
Haryana,KAITHAL,1997,Kharif,Bajra,6000.00,11000.00
Haryana,KAITHAL,1997,Kharif,Maize,1000.00,2000.00
Haryana,KAITHAL,1997,Kharif,Other Kharif pulses,100.00,100.00
Haryana,KAITHAL,1997,Kharif,Rice,150000.00,434000.00
Haryana,KAITHAL,1997,Rabi,Gram,1000.00,1000.00
Haryana,KAITHAL,1997,Rabi,Other  Rabi pulses,4000.00,4000.00
Haryana,KAITHAL,1997,Rabi,Wheat,160000.00,570000.00
Haryana,KAITHAL,1997,Whole Year,Cotton(lint),4000.00,6000.00
Haryana,KAITHAL,1997,Whole Year,Sugarcane,5000.00,250000.00
Haryana,KAITHAL,1998,Kharif,Arhar/Tur,56.00,100.00
Haryana,KAITHAL,1998,Kharif,Bajra,4377.00,5000.00
Haryana,KAITHAL,1998,Kharif,Cotton(lint),1383.00,1000.00
Haryana,KAITHAL,1998,Kharif,Groundnut,1.00,
Haryana,KAITHAL,1998,Kharif,Jowar,225.00,
Haryana,KAITHAL,1998,Kharif,Maize,277.00,
Haryana,KAITHAL,1998,Kharif,Moong(Green Gram),10.00,
Haryana,KAITHAL,1998,Kharif,Rice,162169.00,349000.00
Haryana,KAITHAL,1998,Kharif,Sesamum,66.00,
Haryana,KAITHAL,1998,Kharif,Urad,3.00,
Haryana,KAITHAL,1998,Rabi,Barley,37.00,
Haryana,KAITHAL,1998,Rabi,Gram,232.00,
Haryana,KAITHAL,1998,Rabi,Masoor,234.00,300.00
Haryana,KAITHAL,1998,Rabi,Peas & beans (Pulses),91.00,100.00
Haryana,KAITHAL,1998,Rabi,Rapeseed &Mustard,2200.00,3000.00
Haryana,KAITHAL,1998,Rabi,Sunflower,4416.00,5300.00
Haryana,KAITHAL,1998,Rabi,Wheat,159386.00,664000.00
Haryana,KAITHAL,1998,Whole Year,Dry chillies,80.00,100.00
Haryana,KAITHAL,1998,Whole Year,Onion,166.00,2500.00
Haryana,KAITHAL,1998,Whole Year,Potato,274.00,3700.00
Haryana,KAITHAL,1998,Whole Year,Sugarcane,3903.00,200000.00
Haryana,KAITHAL,1999,Kharif,Arhar/Tur,51.00,100.00
Haryana,KAITHAL,1999,Kharif,Bajra,4725.00,5000.00
Haryana,KAITHAL,1999,Kharif,Cotton(lint),828.00,2000.00
Haryana,KAITHAL,1999,Kharif,Jowar,10.00,.00
Haryana,KAITHAL,1999,Kharif,Maize,80.00,.00
Haryana,KAITHAL,1999,Kharif,Moong(Green Gram),5.00,.00
Haryana,KAITHAL,1999,Kharif,Rice,162873.00,364000.00
Haryana,KAITHAL,1999,Kharif,Sesamum,52.00,.00
Haryana,KAITHAL,1999,Kharif,Urad,213.00,300.00
Haryana,KAITHAL,1999,Rabi,Barley,60.00,.00
Haryana,KAITHAL,1999,Rabi,Gram,240.00,.00
Haryana,KAITHAL,1999,Rabi,Masoor,213.00,300.00
Haryana,KAITHAL,1999,Rabi,Peas & beans (Pulses),123.00,200.00
Haryana,KAITHAL,1999,Rabi,Rapeseed &Mustard,1581.00,2000.00
Haryana,KAITHAL,1999,Rabi,Sunflower,724.00,900.00
Haryana,KAITHAL,1999,Rabi,Wheat,174868.00,768000.00
Haryana,KAITHAL,1999,Whole Year,Dry chillies,8.00,
Haryana,KAITHAL,1999,Whole Year,Onion,288.00,4100.00
Haryana,KAITHAL,1999,Whole Year,Potato,357.00,5600.00
Haryana,KAITHAL,1999,Whole Year,Sugarcane,4144.00,220000.00
Haryana,KAITHAL,2000,Kharif,Arhar/Tur,30.00,.00
Haryana,KAITHAL,2000,Kharif,Bajra,5399.00,5000.00
Haryana,KAITHAL,2000,Kharif,Cotton(lint),783.00,2000.00
Haryana,KAITHAL,2000,Kharif,Jowar,156.00,.00
Haryana,KAITHAL,2000,Kharif,Maize,155.00,.00
Haryana,KAITHAL,2000,Kharif,Moong(Green Gram),5.00,.00
Haryana,KAITHAL,2000,Kharif,Rice,164224.00,391000.00
Haryana,KAITHAL,2000,Kharif,Sesamum,45.00,.00
Haryana,KAITHAL,2000,Kharif,Urad,4.00,.00
Haryana,KAITHAL,2000,Rabi,Barley,108.00,.00
Haryana,KAITHAL,2000,Rabi,Gram,262.00,.00
Haryana,KAITHAL,2000,Rabi,Masoor,219.00,300.00
Haryana,KAITHAL,2000,Rabi,Rapeseed &Mustard,1847.00,2000.00
Haryana,KAITHAL,2000,Rabi,Sunflower,431.00,600.00
Haryana,KAITHAL,2000,Rabi,Wheat,153454.00,688000.00
Haryana,KAITHAL,2000,Whole Year,Dry chillies,44.00,100.00
Haryana,KAITHAL,2000,Whole Year,Garlic,2.00,.00
Haryana,KAITHAL,2000,Whole Year,Onion,160.00,2200.00
Haryana,KAITHAL,2000,Whole Year,Potato,197.00,3100.00
Haryana,KAITHAL,2000,Whole Year,Sugarcane,4683.00,290000.00
Haryana,KAITHAL,2000,Whole Year,Turmeric,2.00,.00
Haryana,KAITHAL,2001,Kharif,Arhar/Tur,26.00,.00
Haryana,KAITHAL,2001,Kharif,Bajra,6086.00,9000.00
Haryana,KAITHAL,2001,Kharif,Cotton(lint),1110.00,1000.00
Haryana,KAITHAL,2001,Kharif,Jowar,81.00,.00
Haryana,KAITHAL,2001,Kharif,Maize,235.00,.00
Haryana,KAITHAL,2001,Kharif,Moong(Green Gram),2.00,.00
Haryana,KAITHAL,2001,Kharif,Rice,160911.00,402000.00
Haryana,KAITHAL,2001,Kharif,Sesamum,60.00,.00
Haryana,KAITHAL,2001,Kharif,Urad,4.00,.00
Haryana,KAITHAL,2001,Rabi,Barley,40.00,.00
Haryana,KAITHAL,2001,Rabi,Gram,483.00,.00
Haryana,KAITHAL,2001,Rabi,Masoor,325.00,400.00
Haryana,KAITHAL,2001,Rabi,Rapeseed &Mustard,1589.00,2000.00
Haryana,KAITHAL,2001,Rabi,Sunflower,250.00,400.00
Haryana,KAITHAL,2001,Rabi,Wheat,168755.00,769000.00
Haryana,KAITHAL,2001,Whole Year,Dry chillies,33.00,.00
Haryana,KAITHAL,2001,Whole Year,Garlic,1.00,.00
Haryana,KAITHAL,2001,Whole Year,Onion,102.00,1300.00
Haryana,KAITHAL,2001,Whole Year,Potato,202.00,3600.00
Haryana,KAITHAL,2001,Whole Year,Sugarcane,5177.00,290000.00
Haryana,KAITHAL,2002,Kharif,Arhar/Tur,85.00,100.00
Haryana,KAITHAL,2002,Kharif,Bajra,9642.00,9000.00
Haryana,KAITHAL,2002,Kharif,Cotton(lint),1312.00,2000.00
Haryana,KAITHAL,2002,Kharif,Maize,115.00,.00
Haryana,KAITHAL,2002,Kharif,Moong(Green Gram),11.00,.00
Haryana,KAITHAL,2002,Kharif,Rice,170163.00,444000.00
Haryana,KAITHAL,2002,Kharif,Sesamum,78.00,.00
Haryana,KAITHAL,2002,Rabi,Barley,33.00,.00
Haryana,KAITHAL,2002,Rabi,Gram,329.00,.00
Haryana,KAITHAL,2002,Rabi,Masoor,293.00,400.00
Haryana,KAITHAL,2002,Rabi,Rapeseed &Mustard,1877.00,3000.00
Haryana,KAITHAL,2002,Rabi,Sunflower,47.00,100.00
Haryana,KAITHAL,2002,Rabi,Wheat,171411.00,752000.00
Haryana,KAITHAL,2002,Whole Year,Mango,212.00,1100.00
Haryana,KAITHAL,2002,Whole Year,Onion,145.00,3600.00
Haryana,KAITHAL,2002,Whole Year,Other Vegetables,758.00,5800.00
Haryana,KAITHAL,2002,Whole Year,Potato,248.00,5900.00
Haryana,KAITHAL,2002,Whole Year,Sugarcane,4785.00,280000.00
Haryana,KAITHAL,2003,Kharif,Arhar/Tur,39.00,100.00
Haryana,KAITHAL,2003,Kharif,Bajra,10855.00,14000.00
Haryana,KAITHAL,2003,Kharif,Cotton(lint),1673.00,5000.00
Haryana,KAITHAL,2003,Kharif,Maize,86.00,.00
Haryana,KAITHAL,2003,Kharif,Moong(Green Gram),12.00,.00
Haryana,KAITHAL,2003,Kharif,Rice,156847.00,388000.00
Haryana,KAITHAL,2003,Kharif,Sesamum,64.00,.00
Haryana,KAITHAL,2003,Kharif,Urad,8.00,.00
Haryana,KAITHAL,2003,Rabi,Barley,29.00,.00
Haryana,KAITHAL,2003,Rabi,Gram,251.00,.00
Haryana,KAITHAL,2003,Rabi,Masoor,294.00,400.00
Haryana,KAITHAL,2003,Rabi,Rapeseed &Mustard,1289.00,2000.00
Haryana,KAITHAL,2003,Rabi,Sunflower,79.00,100.00
Haryana,KAITHAL,2003,Rabi,Wheat,173565.00,722000.00
Haryana,KAITHAL,2003,Whole Year,Dry chillies,58.00,100.00
Haryana,KAITHAL,2003,Whole Year,Onion,142.00,3500.00
Haryana,KAITHAL,2003,Whole Year,Other Fresh Fruits,327.00,.00
Haryana,KAITHAL,2003,Whole Year,Other Vegetables,895.00,6900.00
Haryana,KAITHAL,2003,Whole Year,Potato,197.00,4700.00
Haryana,KAITHAL,2003,Whole Year,Sugarcane,3418.00,160000.00
Haryana,KAITHAL,2004,Kharif,Arhar/Tur,25.00,
Haryana,KAITHAL,2004,Kharif,Bajra,10831.00,17000.00
Haryana,KAITHAL,2004,Kharif,Cotton(lint),2611.00,10000.00
Haryana,KAITHAL,2004,Kharif,Jowar,34.00,
Haryana,KAITHAL,2004,Kharif,Maize,99.00,
Haryana,KAITHAL,2004,Kharif,Moong(Green Gram),30.00,
Haryana,KAITHAL,2004,Kharif,Rice,152637.00,399000.00
Haryana,KAITHAL,2004,Kharif,Sesamum,80.00,
Haryana,KAITHAL,2004,Kharif,Urad,13.00,
Haryana,KAITHAL,2004,Rabi,Barley,33.00,
Haryana,KAITHAL,2004,Rabi,Gram,207.00,
Haryana,KAITHAL,2004,Rabi,Masoor,191.00,200.00
Haryana,KAITHAL,2004,Rabi,Rapeseed &Mustard,800.00,1000.00
Haryana,KAITHAL,2004,Rabi,Sunflower,63.00,100.00
Haryana,KAITHAL,2004,Rabi,Wheat,174257.00,716000.00
Haryana,KAITHAL,2004,Whole Year,Dry chillies,35.00,300.00
Haryana,KAITHAL,2004,Whole Year,Garlic,9.00,100.00
Haryana,KAITHAL,2004,Whole Year,Onion,110.00,2700.00
Haryana,KAITHAL,2004,Whole Year,Potato,199.00,4700.00
Haryana,KAITHAL,2004,Whole Year,Sugarcane,2315.00,120000.00
Haryana,KAITHAL,2005,Kharif,Arhar/Tur,30.00,
Haryana,KAITHAL,2005,Kharif,Bajra,11737.00,23000.00
Haryana,KAITHAL,2005,Kharif,Cotton(lint),4012.00,9000.00
Haryana,KAITHAL,2005,Kharif,Jowar,6.00,
Haryana,KAITHAL,2005,Kharif,Maize,108.00,
Haryana,KAITHAL,2005,Kharif,Moong(Green Gram),38.00,
Haryana,KAITHAL,2005,Kharif,Rice,150621.00,477000.00
Haryana,KAITHAL,2005,Kharif,Sesamum,127.00,100.00
Haryana,KAITHAL,2005,Kharif,Urad,11.00,
Haryana,KAITHAL,2005,Rabi,Barley,109.00,
Haryana,KAITHAL,2005,Rabi,Gram,204.00,
Haryana,KAITHAL,2005,Rabi,Masoor,175.00,200.00
Haryana,KAITHAL,2005,Rabi,Rapeseed &Mustard,762.00,1000.00
Haryana,KAITHAL,2005,Rabi,Wheat,172887.00,726000.00
Haryana,KAITHAL,2005,Whole Year,Dry chillies,25.00,
Haryana,KAITHAL,2005,Whole Year,Potato,103.00,2500.00
Haryana,KAITHAL,2005,Whole Year,Sugarcane,2268.00,100000.00
Haryana,KAITHAL,2006,Kharif,Arhar/Tur,19.00,
Haryana,KAITHAL,2006,Kharif,Bajra,12978.00,27000.00
Haryana,KAITHAL,2006,Kharif,Cotton(lint),3122.00,8000.00
Haryana,KAITHAL,2006,Kharif,Jowar,36.00,
Haryana,KAITHAL,2006,Kharif,Maize,90.00,
Haryana,KAITHAL,2006,Kharif,Moong(Green Gram),72.00,100.00
Haryana,KAITHAL,2006,Kharif,Rice,150635.00,473000.00
Haryana,KAITHAL,2006,Kharif,Sesamum,161.00,100.00
Haryana,KAITHAL,2006,Kharif,Urad,8.00,
Haryana,KAITHAL,2006,Rabi,Barley,43.00,
Haryana,KAITHAL,2006,Rabi,Gram,233.00,
Haryana,KAITHAL,2006,Rabi,Masoor,179.00,200.00
Haryana,KAITHAL,2006,Rabi,Rapeseed &Mustard,752.00,1100.00
Haryana,KAITHAL,2006,Rabi,Wheat,171678.00,752000.00
Haryana,KAITHAL,2006,Whole Year,Dry chillies,59.00,100.00
Haryana,KAITHAL,2006,Whole Year,Garlic,2.00,
Haryana,KAITHAL,2006,Whole Year,Onion,8.00,
Haryana,KAITHAL,2006,Whole Year,Potato,180.00,4300.00
Haryana,KAITHAL,2006,Whole Year,Sannhamp,294.00,100.00
Haryana,KAITHAL,2006,Whole Year,Sugarcane,2507.00,131000.00
Haryana,KAITHAL,2007,Kharif,Arhar/Tur,17.00,
Haryana,KAITHAL,2007,Kharif,Bajra,13944.00,46000.00
Haryana,KAITHAL,2007,Kharif,Cotton(lint),2418.00,7000.00
Haryana,KAITHAL,2007,Kharif,Jowar,39.00,
Haryana,KAITHAL,2007,Kharif,Maize,39.00,
Haryana,KAITHAL,2007,Kharif,Moong(Green Gram),56.00,
Haryana,KAITHAL,2007,Kharif,Rice,152110.00,513000.00
Haryana,KAITHAL,2007,Kharif,Sesamum,135.00,100.00
Haryana,KAITHAL,2007,Kharif,Urad,7.00,
Haryana,KAITHAL,2007,Rabi,Barley,16.00,
Haryana,KAITHAL,2007,Rabi,Gram,187.00,
Haryana,KAITHAL,2007,Rabi,Masoor,134.00,200.00
Haryana,KAITHAL,2007,Rabi,Rapeseed &Mustard,719.00,1000.00
Haryana,KAITHAL,2007,Rabi,Wheat,173041.00,768000.00
Haryana,KAITHAL,2007,Whole Year,Dry chillies,20.00,100.00
Haryana,KAITHAL,2007,Whole Year,Garlic,7.00,100.00
Haryana,KAITHAL,2007,Whole Year,Onion,3.00,100.00
Haryana,KAITHAL,2007,Whole Year,Potato,159.00,2600.00
Haryana,KAITHAL,2007,Whole Year,Sannhamp,6.00,
Haryana,KAITHAL,2007,Whole Year,Sugarcane,3384.00,190000.00
Haryana,KAITHAL,2008,Kharif,Arhar/Tur,193.00,300.00
Haryana,KAITHAL,2008,Kharif,Bajra,13505.00,31000.00
Haryana,KAITHAL,2008,Kharif,Cotton(lint),2524.00,12000.00
Haryana,KAITHAL,2008,Kharif,Jowar,17.00,
Haryana,KAITHAL,2008,Kharif,Maize,34.00,
Haryana,KAITHAL,2008,Kharif,Moong(Green Gram),7.00,
Haryana,KAITHAL,2008,Kharif,Rice,156311.00,391000.00
Haryana,KAITHAL,2008,Kharif,Sesamum,54.00,
Haryana,KAITHAL,2008,Kharif,Urad,5.00,
Haryana,KAITHAL,2008,Rabi,Barley,23.00,
Haryana,KAITHAL,2008,Rabi,Gram,136.00,
Haryana,KAITHAL,2008,Rabi,Masoor,107.00,300.00
Haryana,KAITHAL,2008,Rabi,Rapeseed &Mustard,662.00,2000.00
Haryana,KAITHAL,2008,Rabi,Wheat,171933.00,832000.00
Haryana,KAITHAL,2008,Whole Year,Dry chillies,14.00,100.00
Haryana,KAITHAL,2008,Whole Year,Garlic,10.00,
Haryana,KAITHAL,2008,Whole Year,Onion,12.00,300.00
Haryana,KAITHAL,2008,Whole Year,Potato,238.00,3800.00
Haryana,KAITHAL,2008,Whole Year,Sugarcane,1743.00,142000.00
Haryana,KAITHAL,2008,Whole Year,Turmeric,1.00,
Haryana,KAITHAL,2009,Kharif,Arhar/Tur,1.00,
Haryana,KAITHAL,2009,Kharif,Bajra,10883.00,20000.00
Haryana,KAITHAL,2009,Kharif,Cotton(lint),3475.00,12000.00
Haryana,KAITHAL,2009,Kharif,Jowar,16.00,
Haryana,KAITHAL,2009,Kharif,Maize,10.00,
Haryana,KAITHAL,2009,Kharif,Moong(Green Gram),8.00,
Haryana,KAITHAL,2009,Kharif,Rice,158348.00,462000.00
Haryana,KAITHAL,2009,Kharif,Sesamum,52.00,
Haryana,KAITHAL,2009,Rabi,Barley,23.00,
Haryana,KAITHAL,2009,Rabi,Gram,127.00,
Haryana,KAITHAL,2009,Rabi,Masoor,111.00,200.00
Haryana,KAITHAL,2009,Rabi,Peas & beans (Pulses),251.00,300.00
Haryana,KAITHAL,2009,Rabi,Wheat,171732.00,772000.00
Haryana,KAITHAL,2009,Whole Year,Coriander,6.00,
Haryana,KAITHAL,2009,Whole Year,Dry chillies,7.00,
Haryana,KAITHAL,2009,Whole Year,Garlic,9.00,100.00
Haryana,KAITHAL,2009,Whole Year,Onion,11.00,300.00
Haryana,KAITHAL,2009,Whole Year,Potato,223.00,4500.00
Haryana,KAITHAL,2009,Whole Year,Sugarcane,2926.00,225000.00
Haryana,KAITHAL,2010,Kharif,Arhar/Tur,1.00,
Haryana,KAITHAL,2010,Kharif,Bajra,9210.00,14000.00
Haryana,KAITHAL,2010,Kharif,Cotton(lint),4276.00,14000.00
Haryana,KAITHAL,2010,Kharif,Jowar,23.00,
Haryana,KAITHAL,2010,Kharif,Maize,4.00,
Haryana,KAITHAL,2010,Kharif,Moong(Green Gram),14.00,
Haryana,KAITHAL,2010,Kharif,Rice,158671.00,436000.00
Haryana,KAITHAL,2010,Kharif,Sesamum,22.00,
Haryana,KAITHAL,2010,Kharif,Urad,7.00,
Haryana,KAITHAL,2010,Rabi,Barley,25.00,
Haryana,KAITHAL,2010,Rabi,Gram,130.00,
Haryana,KAITHAL,2010,Rabi,Masoor,107.00,200.00
Haryana,KAITHAL,2010,Rabi,Rapeseed &Mustard,717.00,2000.00
Haryana,KAITHAL,2010,Rabi,Wheat,177464.00,835000.00
Haryana,KAITHAL,2010,Whole Year,Dry chillies,8.00,100.00
Haryana,KAITHAL,2010,Whole Year,Garlic,3.00,
Haryana,KAITHAL,2010,Whole Year,Potato,282.00,6100.00
Haryana,KAITHAL,2010,Whole Year,Sannhamp,2.00,
Haryana,KAITHAL,2010,Whole Year,Sugarcane,1981.00,15000.00
Haryana,KAITHAL,2010,Whole Year,Turmeric,1.00,
Haryana,KAITHAL,2011,Kharif,Arhar/Tur,1.00,
Haryana,KAITHAL,2011,Kharif,Bajra,5824.00,15000.00
Haryana,KAITHAL,2011,Kharif,Cotton(lint),8448.00,37000.00
Haryana,KAITHAL,2011,Kharif,Jowar,1.00,
Haryana,KAITHAL,2011,Kharif,Maize,16.00,
Haryana,KAITHAL,2011,Kharif,Moong(Green Gram),3.00,
Haryana,KAITHAL,2011,Kharif,Rice,158896.00,461000.00
Haryana,KAITHAL,2011,Kharif,Sesamum,7.00,
Haryana,KAITHAL,2011,Kharif,Urad,3.00,
Haryana,KAITHAL,2011,Rabi,Barley,16.00,
Haryana,KAITHAL,2011,Rabi,Gram,137.00,
Haryana,KAITHAL,2011,Rabi,Masoor,107.00,200.00
Haryana,KAITHAL,2011,Rabi,Rapeseed &Mustard,757.00,1000.00
Haryana,KAITHAL,2011,Rabi,Wheat,173134.00,943000.00
Haryana,KAITHAL,2011,Whole Year,Garlic,9.00,
Haryana,KAITHAL,2011,Whole Year,Potato,3.00,100.00
Haryana,KAITHAL,2011,Whole Year,Sugarcane,2617.00,16000.00
Haryana,KAITHAL,2011,Whole Year,Tobacco,1.00,
Haryana,KAITHAL,2011,Whole Year,Turmeric,10.00,
Haryana,KAITHAL,2012,Kharif,Bajra,4588.00,13000.00
Haryana,KAITHAL,2012,Kharif,Cotton(lint),10148.00,47000.00
Haryana,KAITHAL,2012,Kharif,Dry ginger,2.00,
Haryana,KAITHAL,2012,Kharif,Maize,9.00,
Haryana,KAITHAL,2012,Kharif,Moong(Green Gram),2.00,1.00
Haryana,KAITHAL,2012,Kharif,Rice,162461.00,512000.00
Haryana,KAITHAL,2012,Kharif,Sesamum,14.00,6.00
Haryana,KAITHAL,2012,Kharif,Urad,5.00,1.00
Haryana,KAITHAL,2012,Rabi,Barley,14.00,
Haryana,KAITHAL,2012,Rabi,Gram,133.00,
Haryana,KAITHAL,2012,Rabi,Masoor,108.00,151.00
Haryana,KAITHAL,2012,Rabi,Rapeseed &Mustard,868.00,2000.00
Haryana,KAITHAL,2012,Rabi,Wheat,172302.00,806000.00
Haryana,KAITHAL,2012,Whole Year,Coriander,11.00,10.00
Haryana,KAITHAL,2012,Whole Year,Dry chillies,19.00,200.00
Haryana,KAITHAL,2012,Whole Year,Garlic,11.00,100.00
Haryana,KAITHAL,2012,Whole Year,Guar seed,44.00,26.00
Haryana,KAITHAL,2012,Whole Year,Potato,348.00,8900.00
Haryana,KAITHAL,2012,Whole Year,Sugarcane,3511.00,349000.00
Haryana,KAITHAL,2012,Whole Year,Sweet potato,6.00,100.00
Haryana,KAITHAL,2012,Whole Year,Turmeric,2.00,2.00
Haryana,KARNAL,1997,Kharif,Bajra,2000.00,2000.00
Haryana,KARNAL,1997,Kharif,Maize,1000.00,2000.00
Haryana,KARNAL,1997,Kharif,Other Kharif pulses,800.00,900.00
Haryana,KARNAL,1997,Kharif,Rice,161000.00,427000.00
Haryana,KARNAL,1997,Rabi,Gram,1000.00,1000.00
Haryana,KARNAL,1997,Rabi,Other  Rabi pulses,12000.00,10000.00
Haryana,KARNAL,1997,Rabi,Wheat,163000.00,577000.00
Haryana,KARNAL,1997,Whole Year,Sugarcane,10000.00,630000.00
Haryana,KARNAL,1998,Kharif,Arhar/Tur,451.00,500.00
Haryana,KARNAL,1998,Kharif,Bajra,938.00,1000.00
Haryana,KARNAL,1998,Kharif,Cotton(lint),62.00,
Haryana,KARNAL,1998,Kharif,Groundnut,1.00,
Haryana,KARNAL,1998,Kharif,Maize,599.00,2000.00
Haryana,KARNAL,1998,Kharif,Moong(Green Gram),12.00,
Haryana,KARNAL,1998,Kharif,Rice,161526.00,357000.00
Haryana,KARNAL,1998,Kharif,Sesamum,28.00,
Haryana,KARNAL,1998,Kharif,Urad,158.00,100.00
Haryana,KARNAL,1998,Rabi,Barley,194.00,
Haryana,KARNAL,1998,Rabi,Gram,453.00,1000.00
Haryana,KARNAL,1998,Rabi,Masoor,801.00,700.00
Haryana,KARNAL,1998,Rabi,Peas & beans (Pulses),142.00,200.00
Haryana,KARNAL,1998,Rabi,Rapeseed &Mustard,1290.00,1000.00
Haryana,KARNAL,1998,Rabi,Sunflower,1717.00,2400.00
Haryana,KARNAL,1998,Rabi,Wheat,160080.00,661000.00
Haryana,KARNAL,1998,Whole Year,Dry chillies,144.00,100.00
Haryana,KARNAL,1998,Whole Year,Potato,1125.00,18000.00
Haryana,KARNAL,1998,Whole Year,Sannhamp,1.00,
Haryana,KARNAL,1998,Whole Year,Sugarcane,9137.00,470000.00
Haryana,KARNAL,1999,Kharif,Arhar/Tur,458.00,500.00
Haryana,KARNAL,1999,Kharif,Bajra,1438.00,1000.00
Haryana,KARNAL,1999,Kharif,Cotton(lint),62.00,.00
Haryana,KARNAL,1999,Kharif,Groundnut,1.00,.00
Haryana,KARNAL,1999,Kharif,Jowar,3965.00,1000.00
Haryana,KARNAL,1999,Kharif,Maize,599.00,2000.00
Haryana,KARNAL,1999,Kharif,Moong(Green Gram),12.00,.00
Haryana,KARNAL,1999,Kharif,Rice,161526.00,447000.00
Haryana,KARNAL,1999,Kharif,Sesamum,28.00,.00
Haryana,KARNAL,1999,Rabi,Barley,134.00,.00
Haryana,KARNAL,1999,Rabi,Gram,192.00,.00
Haryana,KARNAL,1999,Rabi,Masoor,692.00,700.00
Haryana,KARNAL,1999,Rabi,Peas & beans (Pulses),135.00,200.00
Haryana,KARNAL,1999,Rabi,Rapeseed &Mustard,575.00,
Haryana,KARNAL,1999,Rabi,Wheat,162723.00,716000.00
Haryana,KARNAL,1999,Whole Year,Dry chillies,144.00,200.00
Haryana,KARNAL,1999,Whole Year,Potato,1155.00,28400.00
Haryana,KARNAL,1999,Whole Year,Sugarcane,9137.00,550000.00
Haryana,KARNAL,2000,Kharif,Arhar/Tur,378.00,400.00
Haryana,KARNAL,2000,Kharif,Bajra,2828.00,3000.00
Haryana,KARNAL,2000,Kharif,Cotton(lint),59.00,.00
Haryana,KARNAL,2000,Kharif,Groundnut,2.00,.00
Haryana,KARNAL,2000,Kharif,Jowar,86.00,
Haryana,KARNAL,2000,Kharif,Maize,535.00,2000.00
Haryana,KARNAL,2000,Kharif,Moong(Green Gram),23.00,.00
Haryana,KARNAL,2000,Kharif,Other Kharif pulses,122.00,.00
Haryana,KARNAL,2000,Kharif,Rice,157949.00,444000.00
Haryana,KARNAL,2000,Kharif,Sesamum,23.00,.00
Haryana,KARNAL,2000,Kharif,Urad,79.00,.00
Haryana,KARNAL,2000,Rabi,Barley,311.00,.00
Haryana,KARNAL,2000,Rabi,Gram,481.00,1000.00
Haryana,KARNAL,2000,Rabi,Masoor,714.00,600.00
Haryana,KARNAL,2000,Rabi,Peas & beans (Pulses),128.00,200.00
Haryana,KARNAL,2000,Rabi,Rapeseed &Mustard,989.00,1000.00
Haryana,KARNAL,2000,Rabi,Sunflower,33.00,.00
Haryana,KARNAL,2000,Rabi,Wheat,166505.00,769000.00
Haryana,KARNAL,2000,Whole Year,Dry chillies,158.00,200.00
Haryana,KARNAL,2000,Whole Year,Garlic,216.00,1700.00
Haryana,KARNAL,2000,Whole Year,Onion,161.00,2600.00
Haryana,KARNAL,2000,Whole Year,Potato,961.00,17600.00
Haryana,KARNAL,2000,Whole Year,Sannhamp,2.00,.00
Haryana,KARNAL,2000,Whole Year,Sugarcane,9611.00,620000.00
Haryana,KARNAL,2000,Whole Year,Sweet potato,14.00,300.00
Haryana,KARNAL,2000,Whole Year,Turmeric,22.00,.00
Haryana,KARNAL,2001,Kharif,Arhar/Tur,408.00,400.00
Haryana,KARNAL,2001,Kharif,Bajra,1312.00,1000.00
Haryana,KARNAL,2001,Kharif,Cotton(lint),64.00,
Haryana,KARNAL,2001,Kharif,Horse-gram,137.00,.00
Haryana,KARNAL,2001,Kharif,Jowar,42.00,.00
Haryana,KARNAL,2001,Kharif,Maize,486.00,3000.00
Haryana,KARNAL,2001,Kharif,Moong(Green Gram),26.00,.00
Haryana,KARNAL,2001,Kharif,Moth,25.00,.00
Haryana,KARNAL,2001,Kharif,Rice,166037.00,494000.00
Haryana,KARNAL,2001,Kharif,Sesamum,47.00,.00
Haryana,KARNAL,2001,Kharif,Urad,89.00,.00
Haryana,KARNAL,2001,Rabi,Barley,186.00,.00
Haryana,KARNAL,2001,Rabi,Gram,323.00,.00
Haryana,KARNAL,2001,Rabi,Masoor,703.00,700.00
Haryana,KARNAL,2001,Rabi,Peas & beans (Pulses),202.00,300.00
Haryana,KARNAL,2001,Rabi,Rapeseed &Mustard,1004.00,1000.00
Haryana,KARNAL,2001,Rabi,Wheat,162854.00,747000.00
Haryana,KARNAL,2001,Whole Year,Dry chillies,119.00,100.00
Haryana,KARNAL,2001,Whole Year,Garlic,298.00,2400.00
Haryana,KARNAL,2001,Whole Year,Potato,789.00,21000.00
Haryana,KARNAL,2001,Whole Year,Sugarcane,11670.00,760000.00
Haryana,KARNAL,2001,Whole Year,Sweet potato,7.00,.00
Haryana,KARNAL,2002,Kharif,Arhar/Tur,216.00,200.00
Haryana,KARNAL,2002,Kharif,Bajra,958.00,1000.00
Haryana,KARNAL,2002,Kharif,Horse-gram,108.00,.00
Haryana,KARNAL,2002,Kharif,Jowar,190.00,.00
Haryana,KARNAL,2002,Kharif,Maize,266.00,.00
Haryana,KARNAL,2002,Kharif,Moong(Green Gram),17.00,.00
Haryana,KARNAL,2002,Kharif,Moth,26.00,.00
Haryana,KARNAL,2002,Kharif,Rice,159111.00,426000.00
Haryana,KARNAL,2002,Kharif,Sesamum,2.00,.00
Haryana,KARNAL,2002,Kharif,Urad,67.00,.00
Haryana,KARNAL,2002,Rabi,Barley,118.00,.00
Haryana,KARNAL,2002,Rabi,Gram,255.00,.00
Haryana,KARNAL,2002,Rabi,Masoor,683.00,700.00
Haryana,KARNAL,2002,Rabi,Peas & beans (Pulses),170.00,200.00
Haryana,KARNAL,2002,Rabi,Rapeseed &Mustard,881.00,1000.00
Haryana,KARNAL,2002,Rabi,Sunflower,2.00,.00
Haryana,KARNAL,2002,Rabi,Wheat,167483.00,729000.00
Haryana,KARNAL,2002,Whole Year,Other Fresh Fruits,625.00,2600.00
Haryana,KARNAL,2002,Whole Year,Other Vegetables,2506.00,2800.00
Haryana,KARNAL,2002,Whole Year,Potato,917.00,21300.00
Haryana,KARNAL,2002,Whole Year,Sugarcane,13535.00,870000.00
Haryana,KARNAL,2002,Whole Year,Sweet potato,4.00,100.00
Haryana,KARNAL,2003,Kharif,Arhar/Tur,345.00,500.00
Haryana,KARNAL,2003,Kharif,Bajra,1015.00,2000.00
Haryana,KARNAL,2003,Kharif,Cotton(lint),46.00,.00
Haryana,KARNAL,2003,Kharif,Groundnut,3.00,.00
Haryana,KARNAL,2003,Kharif,Horse-gram,137.00,
Haryana,KARNAL,2003,Kharif,Maize,339.00,.00
Haryana,KARNAL,2003,Kharif,Moong(Green Gram),20.00,.00
Haryana,KARNAL,2003,Kharif,Moth,24.00,.00
Haryana,KARNAL,2003,Kharif,Rice,167481.00,499000.00
Haryana,KARNAL,2003,Kharif,Sesamum,13.00,.00
Haryana,KARNAL,2003,Kharif,Urad,56.00,.00
Haryana,KARNAL,2003,Rabi,Barley,116.00,.00
Haryana,KARNAL,2003,Rabi,Gram,234.00,.00
Haryana,KARNAL,2003,Rabi,Masoor,453.00,500.00
Haryana,KARNAL,2003,Rabi,Peas & beans (Pulses),164.00,200.00
Haryana,KARNAL,2003,Rabi,Rapeseed &Mustard,800.00,1000.00
Haryana,KARNAL,2003,Rabi,Sunflower,1.00,.00
Haryana,KARNAL,2003,Rabi,Wheat,167222.00,691000.00
Haryana,KARNAL,2003,Whole Year,Dry chillies,121.00,100.00
Haryana,KARNAL,2003,Whole Year,Grapes,715.00,143.00
Haryana,KARNAL,2003,Whole Year,Onion,15.00,300.00
Haryana,KARNAL,2003,Whole Year,Other Fresh Fruits,2.00,.00
Haryana,KARNAL,2003,Whole Year,Other Vegetables,2569.00,2800.00
Haryana,KARNAL,2003,Whole Year,Potato,982.00,22800.00
Haryana,KARNAL,2003,Whole Year,Sugarcane,11343.00,720000.00
Haryana,KARNAL,2003,Whole Year,Sweet potato,23.00,500.00
Haryana,KARNAL,2004,Kharif,Arhar/Tur,246.00,300.00
Haryana,KARNAL,2004,Kharif,Bajra,1030.00,2000.00
Haryana,KARNAL,2004,Kharif,Cotton(lint),58.00,
Haryana,KARNAL,2004,Kharif,Maize,160.00,
Haryana,KARNAL,2004,Kharif,Moong(Green Gram),24.00,
Haryana,KARNAL,2004,Kharif,Rice,167405.00,567000.00
Haryana,KARNAL,2004,Kharif,Sesamum,33.00,
Haryana,KARNAL,2004,Kharif,Urad,49.00,
Haryana,KARNAL,2004,Rabi,Barley,106.00,
Haryana,KARNAL,2004,Rabi,Gram,215.00,
Haryana,KARNAL,2004,Rabi,Masoor,449.00,500.00
Haryana,KARNAL,2004,Rabi,Peas & beans (Pulses),166.00,200.00
Haryana,KARNAL,2004,Rabi,Rapeseed &Mustard,709.00,1000.00
Haryana,KARNAL,2004,Rabi,Sunflower,2.00,
Haryana,KARNAL,2004,Rabi,Wheat,170737.00,715000.00
Haryana,KARNAL,2004,Whole Year,Dry chillies,109.00,700.00
Haryana,KARNAL,2004,Whole Year,Garlic,313.00,2500.00
Haryana,KARNAL,2004,Whole Year,Onion,4.00,100.00
Haryana,KARNAL,2004,Whole Year,Potato,876.00,20400.00
Haryana,KARNAL,2004,Whole Year,Sugarcane,10632.00,740000.00
Haryana,KARNAL,2004,Whole Year,Sweet potato,3.00,
Haryana,KARNAL,2005,Kharif,Arhar/Tur,235.00,200.00
Haryana,KARNAL,2005,Kharif,Bajra,1276.00,3000.00
Haryana,KARNAL,2005,Kharif,Cotton(lint),51.00,
Haryana,KARNAL,2005,Kharif,Maize,276.00,
Haryana,KARNAL,2005,Kharif,Moong(Green Gram),71.00,
Haryana,KARNAL,2005,Kharif,Rice,169130.00,521000.00
Haryana,KARNAL,2005,Kharif,Sesamum,68.00,
Haryana,KARNAL,2005,Kharif,Urad,58.00,
Haryana,KARNAL,2005,Rabi,Barley,111.00,
Haryana,KARNAL,2005,Rabi,Gram,158.00,
Haryana,KARNAL,2005,Rabi,Masoor,348.00,300.00
Haryana,KARNAL,2005,Rabi,Peas & beans (Pulses),182.00,200.00
Haryana,KARNAL,2005,Rabi,Rapeseed &Mustard,621.00,1000.00
Haryana,KARNAL,2005,Rabi,Wheat,172756.00,755000.00
Haryana,KARNAL,2005,Whole Year,Dry chillies,108.00,100.00
Haryana,KARNAL,2005,Whole Year,Onion,2.00,
Haryana,KARNAL,2005,Whole Year,Potato,762.00,17700.00
Haryana,KARNAL,2005,Whole Year,Sugarcane,11976.00,820000.00
Haryana,KARNAL,2005,Whole Year,Sweet potato,7.00,100.00
Haryana,KARNAL,2006,Kharif,Arhar/Tur,283.00,300.00
Haryana,KARNAL,2006,Kharif,Bajra,1638.00,6000.00
Haryana,KARNAL,2006,Kharif,Cotton(lint),27.00,
Haryana,KARNAL,2006,Kharif,Maize,324.00,
Haryana,KARNAL,2006,Kharif,Moong(Green Gram),51.00,
Haryana,KARNAL,2006,Kharif,Rice,166200.00,553000.00
Haryana,KARNAL,2006,Kharif,Sesamum,64.00,
Haryana,KARNAL,2006,Kharif,Urad,326.00,200.00
Haryana,KARNAL,2006,Rabi,Barley,98.00,
Haryana,KARNAL,2006,Rabi,Gram,186.00,
Haryana,KARNAL,2006,Rabi,Masoor,304.00,300.00
Haryana,KARNAL,2006,Rabi,Peas & beans (Pulses),215.00,300.00
Haryana,KARNAL,2006,Rabi,Rapeseed &Mustard,672.00,1000.00
Haryana,KARNAL,2006,Rabi,Wheat,166697.00,739000.00
Haryana,KARNAL,2006,Whole Year,Dry chillies,85.00,100.00
Haryana,KARNAL,2006,Whole Year,Garlic,177.00,3500.00
Haryana,KARNAL,2006,Whole Year,Potato,826.00,19200.00
Haryana,KARNAL,2006,Whole Year,Sugarcane,12364.00,870000.00
Haryana,KARNAL,2006,Whole Year,Sweet potato,2.00,
Haryana,KARNAL,2007,Kharif,Arhar/Tur,259.00,300.00
Haryana,KARNAL,2007,Kharif,Bajra,1573.00,4000.00
Haryana,KARNAL,2007,Kharif,Cotton(lint),25.00,
Haryana,KARNAL,2007,Kharif,Jowar,58.00,
Haryana,KARNAL,2007,Kharif,Maize,563.00,2000.00
Haryana,KARNAL,2007,Kharif,Moong(Green Gram),38.00,
Haryana,KARNAL,2007,Kharif,Other Kharif pulses,137.00,100.00
Haryana,KARNAL,2007,Kharif,Rice,167149.00,610000.00
Haryana,KARNAL,2007,Kharif,Sesamum,55.00,
Haryana,KARNAL,2007,Kharif,Urad,304.00,100.00
Haryana,KARNAL,2007,Rabi,Barley,110.00,
Haryana,KARNAL,2007,Rabi,Gram,171.00,
Haryana,KARNAL,2007,Rabi,Masoor,228.00,200.00
Haryana,KARNAL,2007,Rabi,Peas & beans (Pulses),240.00,300.00
Haryana,KARNAL,2007,Rabi,Rapeseed &Mustard,873.00,1000.00
Haryana,KARNAL,2007,Rabi,Wheat,168670.00,782000.00
Haryana,KARNAL,2007,Whole Year,Dry chillies,53.00,300.00
Haryana,KARNAL,2007,Whole Year,Garlic,216.00,1500.00
Haryana,KARNAL,2007,Whole Year,Onion,5.00,100.00
Haryana,KARNAL,2007,Whole Year,Potato,980.00,16800.00
Haryana,KARNAL,2007,Whole Year,Sugarcane,12329.00,830000.00
Haryana,KARNAL,2008,Kharif,Arhar/Tur,325.00,400.00
Haryana,KARNAL,2008,Kharif,Bajra,2831.00,9000.00
Haryana,KARNAL,2008,Kharif,Cotton(lint),58.00,
Haryana,KARNAL,2008,Kharif,Groundnut,2.00,
Haryana,KARNAL,2008,Kharif,Horse-gram,124.00,100.00
Haryana,KARNAL,2008,Kharif,Jowar,139.00,
Haryana,KARNAL,2008,Kharif,Maize,583.00,1200.00
Haryana,KARNAL,2008,Kharif,Moong(Green Gram),23.00,
Haryana,KARNAL,2008,Kharif,Rice,169034.00,465000.00
Haryana,KARNAL,2008,Kharif,Sesamum,23.00,
Haryana,KARNAL,2008,Kharif,Urad,79.00,
Haryana,KARNAL,2008,Rabi,Barley,311.00,
Haryana,KARNAL,2008,Rabi,Gram,481.00,1000.00
Haryana,KARNAL,2008,Rabi,Masoor,704.00,600.00
Haryana,KARNAL,2008,Rabi,Peas & beans (Pulses),176.00,300.00
Haryana,KARNAL,2008,Rabi,Rapeseed &Mustard,989.00,2300.00
Haryana,KARNAL,2008,Rabi,Wheat,171983.00,791000.00
Haryana,KARNAL,2008,Whole Year,Dry chillies,139.00,100.00
Haryana,KARNAL,2008,Whole Year,Onion,2.00,4300.00
Haryana,KARNAL,2008,Whole Year,Potato,961.00,20100.00
Haryana,KARNAL,2008,Whole Year,Sannhamp,2.00,
Haryana,KARNAL,2008,Whole Year,Sugarcane,9611.00,638000.00
Haryana,KARNAL,2008,Whole Year,Sweet potato,14.00,200.00
Haryana,KARNAL,2008,Whole Year,Turmeric,22.00,200.00
Haryana,KARNAL,2009,Kharif,Arhar/Tur,185.00,200.00
Haryana,KARNAL,2009,Kharif,Bajra,1235.00,2000.00
Haryana,KARNAL,2009,Kharif,Jowar,31.00,
Haryana,KARNAL,2009,Kharif,Maize,287.00,2000.00
Haryana,KARNAL,2009,Kharif,Moong(Green Gram),38.00,
Haryana,KARNAL,2009,Kharif,Rice,171517.00,521000.00
Haryana,KARNAL,2009,Kharif,Sesamum,105.00,100.00
Haryana,KARNAL,2009,Kharif,Urad,278.00,100.00
Haryana,KARNAL,2009,Rabi,Barley,72.00,
Haryana,KARNAL,2009,Rabi,Gram,131.00,
Haryana,KARNAL,2009,Rabi,Masoor,271.00,300.00
Haryana,KARNAL,2009,Rabi,Peas & beans (Pulses),168.00,200.00
Haryana,KARNAL,2009,Rabi,Wheat,171412.00,773000.00
Haryana,KARNAL,2009,Whole Year,Coriander,29.00,100.00
Haryana,KARNAL,2009,Whole Year,Dry chillies,59.00,100.00
Haryana,KARNAL,2009,Whole Year,Garlic,363.00,3300.00
Haryana,KARNAL,2009,Whole Year,Onion,1.00,
Haryana,KARNAL,2009,Whole Year,Potato,941.00,15500.00
Haryana,KARNAL,2009,Whole Year,Sugarcane,8000.00,637000.00
Haryana,KARNAL,2010,Kharif,Arhar/Tur,148.00,100.00
Haryana,KARNAL,2010,Kharif,Bajra,408.00,
Haryana,KARNAL,2010,Kharif,Cotton(lint),9.00,
Haryana,KARNAL,2010,Kharif,Jowar,38.00,
Haryana,KARNAL,2010,Kharif,Maize,252.00,
Haryana,KARNAL,2010,Kharif,Moong(Green Gram),22.00,
Haryana,KARNAL,2010,Kharif,Other Kharif pulses,93.00,
Haryana,KARNAL,2010,Kharif,Rice,172698.00,461000.00
Haryana,KARNAL,2010,Kharif,Sesamum,264.00,200.00
Haryana,KARNAL,2010,Kharif,Sunflower,2.00,
Haryana,KARNAL,2010,Kharif,Urad,392.00,200.00
Haryana,KARNAL,2010,Rabi,Barley,31.00,
Haryana,KARNAL,2010,Rabi,Gram,101.00,
Haryana,KARNAL,2010,Rabi,Masoor,251.00,300.00
Haryana,KARNAL,2010,Rabi,Peas & beans (Pulses),178.00,400.00
Haryana,KARNAL,2010,Rabi,Rapeseed &Mustard,834.00,2000.00
Haryana,KARNAL,2010,Rabi,Wheat,170864.00,760000.00
Haryana,KARNAL,2010,Whole Year,Coriander,57.00,
Haryana,KARNAL,2010,Whole Year,Dry chillies,172.00,1400.00
Haryana,KARNAL,2010,Whole Year,Garlic,466.00,500.00
Haryana,KARNAL,2010,Whole Year,Onion,22.00,400.00
Haryana,KARNAL,2010,Whole Year,Potato,956.00,20300.00
Haryana,KARNAL,2010,Whole Year,Sugarcane,11587.00,91000.00
Haryana,KARNAL,2010,Whole Year,Sweet potato,8.00,
Haryana,KARNAL,2011,Kharif,Arhar/Tur,146.00,100.00
Haryana,KARNAL,2011,Kharif,Bajra,952.00,2000.00
Haryana,KARNAL,2011,Kharif,Cotton(lint),27.00,
Haryana,KARNAL,2011,Kharif,Maize,192.00,
Haryana,KARNAL,2011,Kharif,Moong(Green Gram),37.00,
Haryana,KARNAL,2011,Kharif,Other Kharif pulses,86.00,
Haryana,KARNAL,2011,Kharif,Rice,165034.00,501000.00
Haryana,KARNAL,2011,Kharif,Sesamum,34.00,
Haryana,KARNAL,2011,Kharif,Urad,143.00,100.00
Haryana,KARNAL,2011,Rabi,Barley,84.00,
Haryana,KARNAL,2011,Rabi,Gram,126.00,
Haryana,KARNAL,2011,Rabi,Masoor,352.00,400.00
Haryana,KARNAL,2011,Rabi,Peas & beans (Pulses),173.00,300.00
Haryana,KARNAL,2011,Rabi,Rapeseed &Mustard,987.00,1000.00
Haryana,KARNAL,2011,Rabi,Wheat,171771.00,975000.00
Haryana,KARNAL,2011,Whole Year,Coriander,65.00,100.00
Haryana,KARNAL,2011,Whole Year,Garlic,494.00,500.00
Haryana,KARNAL,2011,Whole Year,Onion,7.00,100.00
Haryana,KARNAL,2011,Whole Year,Potato,997.00,20000.00
Haryana,KARNAL,2011,Whole Year,Sugarcane,10732.00,88000.00
Haryana,KARNAL,2011,Whole Year,Sweet potato,12.00,
Haryana,KARNAL,2011,Whole Year,Turmeric,4.00,
Haryana,KARNAL,2012,Kharif,Arhar/Tur,139.00,132.00
Haryana,KARNAL,2012,Kharif,Bajra,902.00,2000.00
Haryana,KARNAL,2012,Kharif,Cotton(lint),14.00,
Haryana,KARNAL,2012,Kharif,Maize,215.00,
Haryana,KARNAL,2012,Kharif,Moong(Green Gram),36.00,18.00
Haryana,KARNAL,2012,Kharif,Rice,170172.00,572000.00
Haryana,KARNAL,2012,Kharif,Sesamum,34.00,17.00
Haryana,KARNAL,2012,Kharif,Urad,147.00,73.00
Haryana,KARNAL,2012,Rabi,Barley,28.00,
Haryana,KARNAL,2012,Rabi,Gram,97.00,
Haryana,KARNAL,2012,Rabi,Masoor,238.00,262.00
Haryana,KARNAL,2012,Rabi,Peas & beans (Pulses),212.00,318.00
Haryana,KARNAL,2012,Rabi,Rapeseed &Mustard,1085.00,2000.00
Haryana,KARNAL,2012,Rabi,Wheat,172790.00,808000.00
Haryana,KARNAL,2012,Whole Year,Coriander,86.00,90.00
Haryana,KARNAL,2012,Whole Year,Dry chillies,31.00,400.00
Haryana,KARNAL,2012,Whole Year,Garlic,404.00,4200.00
Haryana,KARNAL,2012,Whole Year,Guar seed,130.00,78.00
Haryana,KARNAL,2012,Whole Year,Onion,11.00,300.00
Haryana,KARNAL,2012,Whole Year,Potato,859.00,21100.00
Haryana,KARNAL,2012,Whole Year,Sugarcane,10609.00,862000.00
Haryana,KARNAL,2012,Whole Year,Sweet potato,8.00,100.00
Haryana,KARNAL,2012,Whole Year,Turmeric,13.00,12.00
Haryana,KURUKSHETRA,1997,Kharif,Maize,1000.00,2000.00
Haryana,KURUKSHETRA,1997,Kharif,Other Kharif pulses,400.00,300.00
Haryana,KURUKSHETRA,1997,Kharif,Rice,106000.00,327000.00
Haryana,KURUKSHETRA,1997,Rabi,Other  Rabi pulses,8000.00,9000.00
Haryana,KURUKSHETRA,1997,Rabi,Wheat,97000.00,371000.00
Haryana,KURUKSHETRA,1997,Whole Year,Sugarcane,14000.00,770000.00
Haryana,KURUKSHETRA,1998,Kharif,Arhar/Tur,18.00,
Haryana,KURUKSHETRA,1998,Kharif,Bajra,45.00,
Haryana,KURUKSHETRA,1998,Kharif,Cotton(lint),3.00,
Haryana,KURUKSHETRA,1998,Kharif,Maize,305.00,2000.00
Haryana,KURUKSHETRA,1998,Kharif,Rice,113715.00,267000.00
Haryana,KURUKSHETRA,1998,Kharif,Sesamum,2.00,
Haryana,KURUKSHETRA,1998,Kharif,Urad,25.00,
Haryana,KURUKSHETRA,1998,Rabi,Barley,77.00,
Haryana,KURUKSHETRA,1998,Rabi,Gram,140.00,
Haryana,KURUKSHETRA,1998,Rabi,Masoor,745.00,900.00
Haryana,KURUKSHETRA,1998,Rabi,Rapeseed &Mustard,570.00,
Haryana,KURUKSHETRA,1998,Rabi,Sunflower,12815.00,20500.00
Haryana,KURUKSHETRA,1998,Rabi,Wheat,106081.00,453000.00
Haryana,KURUKSHETRA,1998,Whole Year,Dry chillies,52.00,100.00
Haryana,KURUKSHETRA,1998,Whole Year,Onion,3003.00,34700.00
Haryana,KURUKSHETRA,1998,Whole Year,Potato,5325.00,90000.00
Haryana,KURUKSHETRA,1998,Whole Year,Sugarcane,12260.00,790000.00
Haryana,KURUKSHETRA,1999,Kharif,Arhar/Tur,138.00,200.00
Haryana,KURUKSHETRA,1999,Kharif,Bajra,54.00,.00
Haryana,KURUKSHETRA,1999,Kharif,Cotton(lint),22.00,.00
Haryana,KURUKSHETRA,1999,Kharif,Maize,183.00,.00
Haryana,KURUKSHETRA,1999,Kharif,Moong(Green Gram),37.00,.00
Haryana,KURUKSHETRA,1999,Kharif,Moth,1.00,.00
Haryana,KURUKSHETRA,1999,Kharif,Rice,111611.00,335000.00
Haryana,KURUKSHETRA,1999,Rabi,Barley,13.00,.00
Haryana,KURUKSHETRA,1999,Rabi,Gram,198.00,.00
Haryana,KURUKSHETRA,1999,Rabi,Masoor,523.00,600.00
Haryana,KURUKSHETRA,1999,Rabi,Peas & beans (Pulses),280.00,400.00
Haryana,KURUKSHETRA,1999,Rabi,Rapeseed &Mustard,556.00,
Haryana,KURUKSHETRA,1999,Rabi,Sunflower,4083.00,4100.00
Haryana,KURUKSHETRA,1999,Rabi,Wheat,106294.00,485000.00
Haryana,KURUKSHETRA,1999,Whole Year,Dry chillies,340.00,400.00
Haryana,KURUKSHETRA,1999,Whole Year,Onion,46.00,700.00
Haryana,KURUKSHETRA,1999,Whole Year,Potato,4772.00,64300.00
Haryana,KURUKSHETRA,1999,Whole Year,Sugarcane,17256.00,1110000.00
Haryana,KURUKSHETRA,2000,Kharif,Arhar/Tur,11.00,
Haryana,KURUKSHETRA,2000,Kharif,Bajra,141.00,.00
Haryana,KURUKSHETRA,2000,Kharif,Cotton(lint),2.00,.00
Haryana,KURUKSHETRA,2000,Kharif,Maize,251.00,.00
Haryana,KURUKSHETRA,2000,Kharif,Rice,111765.00,357000.00
Haryana,KURUKSHETRA,2000,Kharif,Urad,58.00,.00
Haryana,KURUKSHETRA,2000,Rabi,Barley,4.00,.00
Haryana,KURUKSHETRA,2000,Rabi,Gram,122.00,.00
Haryana,KURUKSHETRA,2000,Rabi,Masoor,668.00,800.00
Haryana,KURUKSHETRA,2000,Rabi,Rapeseed &Mustard,204.00,.00
Haryana,KURUKSHETRA,2000,Rabi,Wheat,108903.00,506000.00
Haryana,KURUKSHETRA,2000,Whole Year,Dry chillies,143.00,100.00
Haryana,KURUKSHETRA,2000,Whole Year,Onion,2.00,
Haryana,KURUKSHETRA,2000,Whole Year,Potato,3507.00,47200.00
Haryana,KURUKSHETRA,2000,Whole Year,Sugarcane,15945.00,1040000.00
Haryana,KURUKSHETRA,2000,Whole Year,Turmeric,4.00,.00
Haryana,KURUKSHETRA,2001,Kharif,Arhar/Tur,10.00,.00
Haryana,KURUKSHETRA,2001,Kharif,Bajra,40.00,.00
Haryana,KURUKSHETRA,2001,Kharif,Cotton(lint),1.00,
Haryana,KURUKSHETRA,2001,Kharif,Maize,382.00,.00
Haryana,KURUKSHETRA,2001,Kharif,Moong(Green Gram),6.00,.00
Haryana,KURUKSHETRA,2001,Kharif,Rice,111396.00,367000.00
Haryana,KURUKSHETRA,2001,Kharif,Sesamum,3.00,.00
Haryana,KURUKSHETRA,2001,Kharif,Urad,227.00,100.00
Haryana,KURUKSHETRA,2001,Rabi,Barley,10.00,.00
Haryana,KURUKSHETRA,2001,Rabi,Gram,202.00,.00
Haryana,KURUKSHETRA,2001,Rabi,Masoor,824.00,1000.00
Haryana,KURUKSHETRA,2001,Rabi,Peas & beans (Pulses),199.00,200.00
Haryana,KURUKSHETRA,2001,Rabi,Rapeseed &Mustard,523.00,.00
Haryana,KURUKSHETRA,2001,Rabi,Sunflower,891.00,1400.00
Haryana,KURUKSHETRA,2001,Rabi,Wheat,110370.00,491000.00
Haryana,KURUKSHETRA,2001,Whole Year,Dry chillies,126.00,100.00
Haryana,KURUKSHETRA,2001,Whole Year,Garlic,2.00,.00
Haryana,KURUKSHETRA,2001,Whole Year,Onion,364.00,5300.00
Haryana,KURUKSHETRA,2001,Whole Year,Potato,3089.00,59900.00
Haryana,KURUKSHETRA,2001,Whole Year,Sugarcane,17981.00,1180000.00
Haryana,KURUKSHETRA,2002,Kharif,Arhar/Tur,319.00,400.00
Haryana,KURUKSHETRA,2002,Kharif,Bajra,103.00,.00
Haryana,KURUKSHETRA,2002,Kharif,Cotton(lint),1.00,.00
Haryana,KURUKSHETRA,2002,Kharif,Maize,268.00,.00
Haryana,KURUKSHETRA,2002,Kharif,Moong(Green Gram),26.00,.00
Haryana,KURUKSHETRA,2002,Kharif,Rice,106928.00,371000.00
Haryana,KURUKSHETRA,2002,Kharif,Sesamum,7.00,.00
Haryana,KURUKSHETRA,2002,Rabi,Barley,7.00,.00
Haryana,KURUKSHETRA,2002,Rabi,Gram,143.00,.00
Haryana,KURUKSHETRA,2002,Rabi,Masoor,609.00,800.00
Haryana,KURUKSHETRA,2002,Rabi,Peas & beans (Pulses),185.00,300.00
Haryana,KURUKSHETRA,2002,Rabi,Rapeseed &Mustard,300.00,.00
Haryana,KURUKSHETRA,2002,Rabi,Sunflower,843.00,1500.00
Haryana,KURUKSHETRA,2002,Rabi,Wheat,108816.00,472000.00
Haryana,KURUKSHETRA,2002,Whole Year,Banana,2.00,.00
Haryana,KURUKSHETRA,2002,Whole Year,Onion,21.00,500.00
Haryana,KURUKSHETRA,2002,Whole Year,Other Fresh Fruits,611.00,1800.00
Haryana,KURUKSHETRA,2002,Whole Year,Other Vegetables,1361.00,9100.00
Haryana,KURUKSHETRA,2002,Whole Year,Potato,3994.00,102900.00
Haryana,KURUKSHETRA,2002,Whole Year,Sugarcane,18218.00,1210000.00
Haryana,KURUKSHETRA,2003,Kharif,Arhar/Tur,28.00,.00
Haryana,KURUKSHETRA,2003,Kharif,Bajra,93.00,.00
Haryana,KURUKSHETRA,2003,Kharif,Cotton(lint),1.00,.00
Haryana,KURUKSHETRA,2003,Kharif,Maize,260.00,.00
Haryana,KURUKSHETRA,2003,Kharif,Moong(Green Gram),40.00,.00
Haryana,KURUKSHETRA,2003,Kharif,Rice,111949.00,348000.00
Haryana,KURUKSHETRA,2003,Kharif,Urad,200.00,.00
Haryana,KURUKSHETRA,2003,Rabi,Barley,7.00,.00
Haryana,KURUKSHETRA,2003,Rabi,Gram,153.00,.00
Haryana,KURUKSHETRA,2003,Rabi,Masoor,472.00,600.00
Haryana,KURUKSHETRA,2003,Rabi,other oilseeds,9.00,
Haryana,KURUKSHETRA,2003,Rabi,Rapeseed &Mustard,318.00,.00
Haryana,KURUKSHETRA,2003,Rabi,Sunflower,2737.00,5000.00
Haryana,KURUKSHETRA,2003,Rabi,Wheat,112004.00,451000.00
Haryana,KURUKSHETRA,2003,Whole Year,Banana,2.00,.00
Haryana,KURUKSHETRA,2003,Whole Year,Dry chillies,116.00,100.00
Haryana,KURUKSHETRA,2003,Whole Year,Onion,292.00,6900.00
Haryana,KURUKSHETRA,2003,Whole Year,Other Fresh Fruits,663.00,3100.00
Haryana,KURUKSHETRA,2003,Whole Year,Other Vegetables,1708.00,11400.00
Haryana,KURUKSHETRA,2003,Whole Year,Potato,4719.00,121500.00
Haryana,KURUKSHETRA,2003,Whole Year,Sugarcane,14847.00,1020000.00
Haryana,KURUKSHETRA,2004,Kharif,Arhar/Tur,7.00,
Haryana,KURUKSHETRA,2004,Kharif,Bajra,51.00,
Haryana,KURUKSHETRA,2004,Kharif,Maize,208.00,
Haryana,KURUKSHETRA,2004,Kharif,Moong(Green Gram),6.00,
Haryana,KURUKSHETRA,2004,Kharif,Rice,121844.00,468000.00
Haryana,KURUKSHETRA,2004,Kharif,Urad,146.00,100.00
Haryana,KURUKSHETRA,2004,Rabi,Barley,11.00,
Haryana,KURUKSHETRA,2004,Rabi,Gram,143.00,
Haryana,KURUKSHETRA,2004,Rabi,Masoor,437.00,500.00
Haryana,KURUKSHETRA,2004,Rabi,Rapeseed &Mustard,685.00,1000.00
Haryana,KURUKSHETRA,2004,Rabi,Sunflower,2092.00,3900.00
Haryana,KURUKSHETRA,2004,Rabi,Wheat,113851.00,463000.00
Haryana,KURUKSHETRA,2004,Whole Year,Dry chillies,148.00,1600.00
Haryana,KURUKSHETRA,2004,Whole Year,Garlic,8.00,100.00
Haryana,KURUKSHETRA,2004,Whole Year,Onion,228.00,5400.00
Haryana,KURUKSHETRA,2004,Whole Year,Potato,4925.00,126800.00
Haryana,KURUKSHETRA,2004,Whole Year,Sugarcane,11792.00,910000.00
Haryana,KURUKSHETRA,2005,Kharif,Arhar/Tur,4.00,
Haryana,KURUKSHETRA,2005,Kharif,Bajra,98.00,
Haryana,KURUKSHETRA,2005,Kharif,Cotton(lint),11.00,
Haryana,KURUKSHETRA,2005,Kharif,Maize,179.00,
Haryana,KURUKSHETRA,2005,Kharif,Moong(Green Gram),238.00,100.00
Haryana,KURUKSHETRA,2005,Kharif,Rice,110791.00,416000.00
Haryana,KURUKSHETRA,2005,Kharif,Sesamum,1.00,
Haryana,KURUKSHETRA,2005,Kharif,Urad,256.00,100.00
Haryana,KURUKSHETRA,2005,Rabi,Barley,3.00,
Haryana,KURUKSHETRA,2005,Rabi,Gram,135.00,
Haryana,KURUKSHETRA,2005,Rabi,Masoor,353.00,400.00
Haryana,KURUKSHETRA,2005,Rabi,Peas & beans (Pulses),235.00,300.00
Haryana,KURUKSHETRA,2005,Rabi,Rapeseed &Mustard,769.00,1100.00
Haryana,KURUKSHETRA,2005,Rabi,Sunflower,6062.00,11200.00
Haryana,KURUKSHETRA,2005,Rabi,Wheat,109187.00,499000.00
Haryana,KURUKSHETRA,2005,Whole Year,Dry chillies,85.00,100.00
Haryana,KURUKSHETRA,2005,Whole Year,Onion,1456.00,34600.00
Haryana,KURUKSHETRA,2005,Whole Year,Potato,5371.00,137000.00
Haryana,KURUKSHETRA,2005,Whole Year,Sugarcane,13450.00,990000.00
Haryana,KURUKSHETRA,2006,Kharif,Arhar/Tur,56.00,100.00
Haryana,KURUKSHETRA,2006,Kharif,Bajra,93.00,
Haryana,KURUKSHETRA,2006,Kharif,Maize,124.00,
Haryana,KURUKSHETRA,2006,Kharif,Moong(Green Gram),266.00,100.00
Haryana,KURUKSHETRA,2006,Kharif,Rice,108950.00,440000.00
Haryana,KURUKSHETRA,2006,Kharif,Sesamum,6.00,
Haryana,KURUKSHETRA,2006,Kharif,Urad,391.00,100.00
Haryana,KURUKSHETRA,2006,Rabi,Barley,14.00,
Haryana,KURUKSHETRA,2006,Rabi,Gram,137.00,
Haryana,KURUKSHETRA,2006,Rabi,Masoor,386.00,500.00
Haryana,KURUKSHETRA,2006,Rabi,Peas & beans (Pulses),154.00,200.00
Haryana,KURUKSHETRA,2006,Rabi,Rapeseed &Mustard,885.00,1000.00
Haryana,KURUKSHETRA,2006,Rabi,Sunflower,3114.00,5900.00
Haryana,KURUKSHETRA,2006,Rabi,Wheat,110285.00,514000.00
Haryana,KURUKSHETRA,2006,Whole Year,Dry chillies,95.00,100.00
Haryana,KURUKSHETRA,2006,Whole Year,Onion,363.00,9100.00
Haryana,KURUKSHETRA,2006,Whole Year,Potato,6033.00,155300.00
Haryana,KURUKSHETRA,2006,Whole Year,Sugarcane,15187.00,1034000.00
Haryana,KURUKSHETRA,2007,Kharif,Bajra,99.00,
Haryana,KURUKSHETRA,2007,Kharif,Maize,87.00,
Haryana,KURUKSHETRA,2007,Kharif,Moong(Green Gram),48.00,
Haryana,KURUKSHETRA,2007,Kharif,Rice,114536.00,460000.00
Haryana,KURUKSHETRA,2007,Kharif,Sesamum,1.00,
Haryana,KURUKSHETRA,2007,Kharif,Urad,173.00,100.00
Haryana,KURUKSHETRA,2007,Rabi,Barley,5.00,
Haryana,KURUKSHETRA,2007,Rabi,Gram,110.00,
Haryana,KURUKSHETRA,2007,Rabi,Masoor,241.00,300.00
Haryana,KURUKSHETRA,2007,Rabi,Peas & beans (Pulses),27.00,
Haryana,KURUKSHETRA,2007,Rabi,Rapeseed &Mustard,577.00,1000.00
Haryana,KURUKSHETRA,2007,Rabi,Sunflower,4943.00,9400.00
Haryana,KURUKSHETRA,2007,Rabi,Wheat,112261.00,534000.00
Haryana,KURUKSHETRA,2007,Whole Year,Dry chillies,105.00,800.00
Haryana,KURUKSHETRA,2007,Whole Year,Garlic,6.00,
Haryana,KURUKSHETRA,2007,Whole Year,Onion,753.00,17500.00
Haryana,KURUKSHETRA,2007,Whole Year,Potato,5145.00,104300.00
Haryana,KURUKSHETRA,2007,Whole Year,Sannhamp,1.00,
Haryana,KURUKSHETRA,2007,Whole Year,Sugarcane,16038.00,1110000.00
Haryana,KURUKSHETRA,2008,Kharif,Arhar/Tur,40.00,
Haryana,KURUKSHETRA,2008,Kharif,Bajra,47.00,
Haryana,KURUKSHETRA,2008,Kharif,Maize,72.00,200.00
Haryana,KURUKSHETRA,2008,Kharif,Moong(Green Gram),144.00,100.00
Haryana,KURUKSHETRA,2008,Kharif,Rice,121530.00,408000.00
Haryana,KURUKSHETRA,2008,Kharif,Urad,89.00,100.00
Haryana,KURUKSHETRA,2008,Rabi,Barley,1.00,
Haryana,KURUKSHETRA,2008,Rabi,Gram,66.00,
Haryana,KURUKSHETRA,2008,Rabi,Masoor,216.00,300.00
Haryana,KURUKSHETRA,2008,Rabi,Peas & beans (Pulses),245.00,300.00
Haryana,KURUKSHETRA,2008,Rabi,Rapeseed &Mustard,794.00,2200.00
Haryana,KURUKSHETRA,2008,Rabi,Sunflower,5023.00,9300.00
Haryana,KURUKSHETRA,2008,Rabi,Wheat,115107.00,504000.00
Haryana,KURUKSHETRA,2008,Whole Year,Dry chillies,69.00,800.00
Haryana,KURUKSHETRA,2008,Whole Year,Garlic,6.00,
Haryana,KURUKSHETRA,2008,Whole Year,Onion,11.00,200.00
Haryana,KURUKSHETRA,2008,Whole Year,Potato,5893.00,157000.00
Haryana,KURUKSHETRA,2008,Whole Year,Sugarcane,11332.00,688000.00
Haryana,KURUKSHETRA,2009,Kharif,Arhar/Tur,6.00,
Haryana,KURUKSHETRA,2009,Kharif,Bajra,61.00,
Haryana,KURUKSHETRA,2009,Kharif,Maize,57.00,
Haryana,KURUKSHETRA,2009,Kharif,Moong(Green Gram),236.00,100.00
Haryana,KURUKSHETRA,2009,Kharif,Rice,117969.00,453000.00
Haryana,KURUKSHETRA,2009,Kharif,Sesamum,1.00,
Haryana,KURUKSHETRA,2009,Kharif,Urad,177.00,100.00
Haryana,KURUKSHETRA,2009,Rabi,Barley,5.00,
Haryana,KURUKSHETRA,2009,Rabi,Gram,68.00,
Haryana,KURUKSHETRA,2009,Rabi,Masoor,248.00,300.00
Haryana,KURUKSHETRA,2009,Rabi,Peas & beans (Pulses),193.00,200.00
Haryana,KURUKSHETRA,2009,Rabi,Sunflower,5099.00,9400.00
Haryana,KURUKSHETRA,2009,Rabi,Wheat,114204.00,526000.00
Haryana,KURUKSHETRA,2009,Whole Year,Coriander,9.00,
Haryana,KURUKSHETRA,2009,Whole Year,Dry chillies,68.00,200.00
Haryana,KURUKSHETRA,2009,Whole Year,Garlic,3.00,
Haryana,KURUKSHETRA,2009,Whole Year,Onion,291.00,6500.00
Haryana,KURUKSHETRA,2009,Whole Year,Potato,6173.00,16600.00
Haryana,KURUKSHETRA,2009,Whole Year,Sugarcane,13833.00,1038000.00
Haryana,KURUKSHETRA,2010,Kharif,Arhar/Tur,6.00,
Haryana,KURUKSHETRA,2010,Kharif,Bajra,61.00,
Haryana,KURUKSHETRA,2010,Kharif,Maize,34.00,
Haryana,KURUKSHETRA,2010,Kharif,Rice,119783.00,383000.00
Haryana,KURUKSHETRA,2010,Kharif,Sunflower,3194.00,6100.00
Haryana,KURUKSHETRA,2010,Kharif,Urad,89.00,200.00
Haryana,KURUKSHETRA,2010,Rabi,Barley,1.00,
Haryana,KURUKSHETRA,2010,Rabi,Gram,53.00,
Haryana,KURUKSHETRA,2010,Rabi,Masoor,287.00,400.00
Haryana,KURUKSHETRA,2010,Rabi,Peas & beans (Pulses),286.00,300.00
Haryana,KURUKSHETRA,2010,Rabi,Rapeseed &Mustard,1001.00,2000.00
Haryana,KURUKSHETRA,2010,Rabi,Wheat,114241.00,510000.00
Haryana,KURUKSHETRA,2010,Whole Year,Coriander,16.00,
Haryana,KURUKSHETRA,2010,Whole Year,Dry chillies,33.00,300.00
Haryana,KURUKSHETRA,2010,Whole Year,Garlic,10.00,
Haryana,KURUKSHETRA,2010,Whole Year,Onion,1.00,
Haryana,KURUKSHETRA,2010,Whole Year,Potato,6754.00,154400.00
Haryana,KURUKSHETRA,2010,Whole Year,Sugarcane,8451.00,63000.00
Haryana,KURUKSHETRA,2010,Whole Year,Turmeric,3.00,
Haryana,KURUKSHETRA,2011,Kharif,Arhar/Tur,6.00,
Haryana,KURUKSHETRA,2011,Kharif,Bajra,69.00,
Haryana,KURUKSHETRA,2011,Kharif,Cotton(lint),4.00,
Haryana,KURUKSHETRA,2011,Kharif,Maize,844.00,3000.00
Haryana,KURUKSHETRA,2011,Kharif,Moong(Green Gram),707.00,400.00
Haryana,KURUKSHETRA,2011,Kharif,Rice,121216.00,459000.00
Haryana,KURUKSHETRA,2011,Kharif,Sannhamp,1.00,
Haryana,KURUKSHETRA,2011,Kharif,Sunflower,2688.00,2800.00
Haryana,KURUKSHETRA,2011,Kharif,Urad,222.00,100.00
Haryana,KURUKSHETRA,2011,Rabi,Barley,4.00,
Haryana,KURUKSHETRA,2011,Rabi,Gram,68.00,
Haryana,KURUKSHETRA,2011,Rabi,Masoor,333.00,500.00
Haryana,KURUKSHETRA,2011,Rabi,Rapeseed &Mustard,1480.00,2000.00
Haryana,KURUKSHETRA,2011,Rabi,Wheat,112004.00,609000.00
Haryana,KURUKSHETRA,2011,Whole Year,Garlic,22.00,
Haryana,KURUKSHETRA,2011,Whole Year,Onion,651.00,11800.00
Haryana,KURUKSHETRA,2011,Whole Year,Potato,6695.00,154400.00
Haryana,KURUKSHETRA,2011,Whole Year,Sugarcane,9928.00,77000.00
Haryana,KURUKSHETRA,2011,Whole Year,Turmeric,16.00,
Haryana,KURUKSHETRA,2012,Kharif,Arhar/Tur,4.00,4.00
Haryana,KURUKSHETRA,2012,Kharif,Bajra,5.00,
Haryana,KURUKSHETRA,2012,Kharif,Cotton(lint),2.00,
Haryana,KURUKSHETRA,2012,Kharif,Jowar,12.00,
Haryana,KURUKSHETRA,2012,Kharif,Maize,329.00,
Haryana,KURUKSHETRA,2012,Kharif,Moong(Green Gram),171.00,94.00
Haryana,KURUKSHETRA,2012,Kharif,other oilseeds,53.00,
Haryana,KURUKSHETRA,2012,Kharif,Rice,110728.00,477000.00
Haryana,KURUKSHETRA,2012,Kharif,Sunflower,3476.00,7600.00
Haryana,KURUKSHETRA,2012,Kharif,Urad,89.00,40.00
Haryana,KURUKSHETRA,2012,Rabi,Barley,1.00,
Haryana,KURUKSHETRA,2012,Rabi,Gram,74.00,
Haryana,KURUKSHETRA,2012,Rabi,Masoor,216.00,302.00
Haryana,KURUKSHETRA,2012,Rabi,Peas & beans (Pulses),300.00,330.00
Haryana,KURUKSHETRA,2012,Rabi,Rapeseed &Mustard,1953.00,3200.00
Haryana,KURUKSHETRA,2012,Rabi,Wheat,112658.00,526000.00
Haryana,KURUKSHETRA,2012,Whole Year,Coriander,1.00,1.00
Haryana,KURUKSHETRA,2012,Whole Year,Dry chillies,63.00,600.00
Haryana,KURUKSHETRA,2012,Whole Year,Garlic,4.00,
Haryana,KURUKSHETRA,2012,Whole Year,Onion,340.00,12000.00
Haryana,KURUKSHETRA,2012,Whole Year,Potato,6954.00,160400.00
Haryana,KURUKSHETRA,2012,Whole Year,Sugarcane,9301.00,750000.00
Haryana,KURUKSHETRA,2012,Whole Year,Sweet potato,144.00,1700.00
Haryana,KURUKSHETRA,2012,Whole Year,Turmeric,40.00,36.00
Haryana,MAHENDRAGARH,1997,Kharif,Bajra,92000.00,117000.00
Haryana,MAHENDRAGARH,1997,Kharif,Other Kharif pulses,1300.00,600.00
Haryana,MAHENDRAGARH,1997,Rabi,Barley,1000.00,3000.00
Haryana,MAHENDRAGARH,1997,Rabi,Gram,27000.00,33000.00
Haryana,MAHENDRAGARH,1997,Rabi,Wheat,41000.00,171000.00
Haryana,MAHENDRAGARH,1997,Whole Year,Cotton(lint),7000.00,11000.00
Haryana,MAHENDRAGARH,1998,Kharif,Arhar/Tur,400.00,200.00
Haryana,MAHENDRAGARH,1998,Kharif,Bajra,96102.00,106000.00
Haryana,MAHENDRAGARH,1998,Kharif,Cotton(lint),7137.00,8000.00
Haryana,MAHENDRAGARH,1998,Kharif,Groundnut,224.00,200.00
Haryana,MAHENDRAGARH,1998,Kharif,Jowar,10.00,
Haryana,MAHENDRAGARH,1998,Kharif,Maize,4.00,
Haryana,MAHENDRAGARH,1998,Kharif,Moong(Green Gram),55.00,
Haryana,MAHENDRAGARH,1998,Kharif,Sesamum,4.00,
Haryana,MAHENDRAGARH,1998,Rabi,Barley,1032.00,3000.00
Haryana,MAHENDRAGARH,1998,Rabi,Gram,27414.00,20000.00
Haryana,MAHENDRAGARH,1998,Rabi,Peas & beans (Pulses),45.00,
Haryana,MAHENDRAGARH,1998,Rabi,Rapeseed &Mustard,76343.00,115000.00
Haryana,MAHENDRAGARH,1998,Rabi,Wheat,45074.00,186000.00
Haryana,MAHENDRAGARH,1998,Whole Year,Dry chillies,18.00,
Haryana,MAHENDRAGARH,1998,Whole Year,Onion,11.00,200.00
Haryana,MAHENDRAGARH,1998,Whole Year,Potato,6.00,100.00
Haryana,MAHENDRAGARH,1998,Whole Year,Sannhamp,15.00,
Haryana,MAHENDRAGARH,1998,Whole Year,Sugarcane,7.00,
Haryana,MAHENDRAGARH,1999,Kharif,Arhar/Tur,239.00,.00
Haryana,MAHENDRAGARH,1999,Kharif,Bajra,94624.00,93000.00
Haryana,MAHENDRAGARH,1999,Kharif,Cotton(lint),4239.00,7000.00
Haryana,MAHENDRAGARH,1999,Kharif,Groundnut,61.00,.00
Haryana,MAHENDRAGARH,1999,Kharif,Jowar,61.00,.00
Haryana,MAHENDRAGARH,1999,Kharif,Maize,2.00,.00
Haryana,MAHENDRAGARH,1999,Kharif,Moong(Green Gram),7.00,.00
Haryana,MAHENDRAGARH,1999,Kharif,Sesamum,3.00,.00
Haryana,MAHENDRAGARH,1999,Rabi,Barley,995.00,3000.00
Haryana,MAHENDRAGARH,1999,Rabi,Gram,7275.00,4000.00
Haryana,MAHENDRAGARH,1999,Rabi,Rapeseed &Mustard,87461.00,133000.00
Haryana,MAHENDRAGARH,1999,Rabi,Wheat,48458.00,199000.00
Haryana,MAHENDRAGARH,1999,Whole Year,Dry chillies,12.00,
Haryana,MAHENDRAGARH,1999,Whole Year,Sugarcane,1.00,.00
Haryana,MAHENDRAGARH,2000,Kharif,Arhar/Tur,94.00,100.00
Haryana,MAHENDRAGARH,2000,Kharif,Bajra,98498.00,110000.00
Haryana,MAHENDRAGARH,2000,Kharif,Cotton(lint),1493.00,2000.00
Haryana,MAHENDRAGARH,2000,Kharif,Groundnut,10.00,.00
Haryana,MAHENDRAGARH,2000,Kharif,Jowar,51.00,.00
Haryana,MAHENDRAGARH,2000,Kharif,Maize,1.00,.00
Haryana,MAHENDRAGARH,2000,Kharif,Moong(Green Gram),18.00,.00
Haryana,MAHENDRAGARH,2000,Kharif,Rice,1.00,
Haryana,MAHENDRAGARH,2000,Kharif,Sesamum,4.00,.00
Haryana,MAHENDRAGARH,2000,Rabi,Barley,1373.00,3000.00
Haryana,MAHENDRAGARH,2000,Rabi,Gram,7527.00,8000.00
Haryana,MAHENDRAGARH,2000,Rabi,Rapeseed &Mustard,78343.00,94000.00
Haryana,MAHENDRAGARH,2000,Rabi,Wheat,49133.00,182000.00
Haryana,MAHENDRAGARH,2000,Whole Year,Dry chillies,9.00,.00
Haryana,MAHENDRAGARH,2000,Whole Year,Sugarcane,1.00,
Haryana,MAHENDRAGARH,2001,Kharif,Arhar/Tur,37.00,.00
Haryana,MAHENDRAGARH,2001,Kharif,Bajra,103454.00,154000.00
Haryana,MAHENDRAGARH,2001,Kharif,Cotton(lint),1683.00,5000.00
Haryana,MAHENDRAGARH,2001,Kharif,Groundnut,77.00,100.00
Haryana,MAHENDRAGARH,2001,Kharif,Jowar,23.00,.00
Haryana,MAHENDRAGARH,2001,Kharif,Moong(Green Gram),86.00,.00
Haryana,MAHENDRAGARH,2001,Kharif,Sesamum,4.00,.00
Haryana,MAHENDRAGARH,2001,Rabi,Barley,1368.00,3000.00
Haryana,MAHENDRAGARH,2001,Rabi,Gram,13873.00,11000.00
Haryana,MAHENDRAGARH,2001,Rabi,Peas & beans (Pulses),40.00,.00
Haryana,MAHENDRAGARH,2001,Rabi,Rapeseed &Mustard,91829.00,126000.00
Haryana,MAHENDRAGARH,2001,Rabi,Wheat,41058.00,153000.00
Haryana,MAHENDRAGARH,2001,Whole Year,Dry chillies,6.00,.00
Haryana,MAHENDRAGARH,2001,Whole Year,Potato,1.00,.00
Haryana,MAHENDRAGARH,2001,Whole Year,Sannhamp,5.00,.00
Haryana,MAHENDRAGARH,2001,Whole Year,Sugarcane,1.00,.00
Haryana,MAHENDRAGARH,2002,Kharif,Arhar/Tur,76.00,
Haryana,MAHENDRAGARH,2002,Kharif,Bajra,56593.00,49000.00
Haryana,MAHENDRAGARH,2002,Kharif,Cotton(lint),3613.00,5000.00
Haryana,MAHENDRAGARH,2002,Kharif,Groundnut,296.00,200.00
Haryana,MAHENDRAGARH,2002,Kharif,Horse-gram,2.00,.00
Haryana,MAHENDRAGARH,2002,Kharif,Jowar,78.00,.00
Haryana,MAHENDRAGARH,2002,Kharif,Maize,5.00,.00
Haryana,MAHENDRAGARH,2002,Kharif,Moong(Green Gram),355.00,.00
Haryana,MAHENDRAGARH,2002,Kharif,Moth,12.00,.00
Haryana,MAHENDRAGARH,2002,Kharif,Sesamum,10.00,.00
Haryana,MAHENDRAGARH,2002,Kharif,Urad,1.00,.00
Haryana,MAHENDRAGARH,2002,Rabi,Barley,997.00,3000.00
Haryana,MAHENDRAGARH,2002,Rabi,Gram,7459.00,6000.00
Haryana,MAHENDRAGARH,2002,Rabi,Peas & beans (Pulses),55.00,.00
Haryana,MAHENDRAGARH,2002,Rabi,Rapeseed &Mustard,71993.00,77000.00
Haryana,MAHENDRAGARH,2002,Rabi,Wheat,45594.00,182000.00
Haryana,MAHENDRAGARH,2002,Whole Year,Onion,18.00,300.00
Haryana,MAHENDRAGARH,2002,Whole Year,Other Vegetables,1260.00,6900.00
Haryana,MAHENDRAGARH,2002,Whole Year,Potato,3.00,.00
Haryana,MAHENDRAGARH,2003,Kharif,Bajra,109115.00,213000.00
Haryana,MAHENDRAGARH,2003,Kharif,Cotton(lint),5432.00,18000.00
Haryana,MAHENDRAGARH,2003,Kharif,Groundnut,167.00,100.00
Haryana,MAHENDRAGARH,2003,Kharif,Jowar,105.00,.00
Haryana,MAHENDRAGARH,2003,Kharif,Moong(Green Gram),334.00,100.00
Haryana,MAHENDRAGARH,2003,Kharif,Sesamum,14.00,.00
Haryana,MAHENDRAGARH,2003,Rabi,Barley,692.00,3000.00
Haryana,MAHENDRAGARH,2003,Rabi,Gram,18272.00,17000.00
Haryana,MAHENDRAGARH,2003,Rabi,Peas & beans (Pulses),82.00,.00
Haryana,MAHENDRAGARH,2003,Rabi,Rapeseed &Mustard,84949.00,138000.00
Haryana,MAHENDRAGARH,2003,Rabi,Wheat,42954.00,170000.00
Haryana,MAHENDRAGARH,2003,Whole Year,Dry chillies,11.00,.00
Haryana,MAHENDRAGARH,2003,Whole Year,Onion,11.00,200.00
Haryana,MAHENDRAGARH,2003,Whole Year,Other Vegetables,767.00,4100.00
Haryana,MAHENDRAGARH,2003,Whole Year,Sannhamp,8.00,.00
Haryana,MAHENDRAGARH,2004,Kharif,Bajra,85078.00,102000.00
Haryana,MAHENDRAGARH,2004,Kharif,Cotton(lint),13686.00,29000.00
Haryana,MAHENDRAGARH,2004,Kharif,Groundnut,426.00,300.00
Haryana,MAHENDRAGARH,2004,Kharif,Jowar,444.00,
Haryana,MAHENDRAGARH,2004,Kharif,Moong(Green Gram),195.00,100.00
Haryana,MAHENDRAGARH,2004,Kharif,Sesamum,6.00,
Haryana,MAHENDRAGARH,2004,Rabi,Barley,439.00,
Haryana,MAHENDRAGARH,2004,Rabi,Gram,5442.00,4000.00
Haryana,MAHENDRAGARH,2004,Rabi,Peas & beans (Pulses),60.00,
Haryana,MAHENDRAGARH,2004,Rabi,Rapeseed &Mustard,99569.00,119000.00
Haryana,MAHENDRAGARH,2004,Rabi,Wheat,40575.00,154000.00
Haryana,MAHENDRAGARH,2004,Whole Year,Dry chillies,11.00,100.00
Haryana,MAHENDRAGARH,2004,Whole Year,Onion,3.00,100.00
Haryana,MAHENDRAGARH,2005,Kharif,Arhar/Tur,248.00,200.00
Haryana,MAHENDRAGARH,2005,Kharif,Bajra,98710.00,110000.00
Haryana,MAHENDRAGARH,2005,Kharif,Cotton(lint),9511.00,11000.00
Haryana,MAHENDRAGARH,2005,Kharif,Groundnut,497.00,300.00
Haryana,MAHENDRAGARH,2005,Kharif,Jowar,40.00,
Haryana,MAHENDRAGARH,2005,Kharif,Maize,1.00,
Haryana,MAHENDRAGARH,2005,Kharif,Moong(Green Gram),97.00,100.00
Haryana,MAHENDRAGARH,2005,Kharif,Moth,3.00,
Haryana,MAHENDRAGARH,2005,Kharif,Sesamum,10.00,
Haryana,MAHENDRAGARH,2005,Kharif,Urad,3.00,
Haryana,MAHENDRAGARH,2005,Rabi,Barley,550.00,3000.00
Haryana,MAHENDRAGARH,2005,Rabi,Gram,8128.00,4000.00
Haryana,MAHENDRAGARH,2005,Rabi,Rapeseed &Mustard,102284.00,119000.00
Haryana,MAHENDRAGARH,2005,Rabi,Wheat,38345.00,157000.00
Haryana,MAHENDRAGARH,2005,Whole Year,Dry chillies,5.00,
Haryana,MAHENDRAGARH,2005,Whole Year,Onion,9.00,200.00
Haryana,MAHENDRAGARH,2006,Kharif,Arhar/Tur,132.00,100.00
Haryana,MAHENDRAGARH,2006,Kharif,Bajra,100975.00,158000.00
Haryana,MAHENDRAGARH,2006,Kharif,Cotton(lint),4076.00,8000.00
Haryana,MAHENDRAGARH,2006,Kharif,Groundnut,490.00,300.00
Haryana,MAHENDRAGARH,2006,Kharif,Jowar,3.00,
Haryana,MAHENDRAGARH,2006,Kharif,Moong(Green Gram),179.00,
Haryana,MAHENDRAGARH,2006,Kharif,Rice,1.00,
Haryana,MAHENDRAGARH,2006,Kharif,Sesamum,3.00,
Haryana,MAHENDRAGARH,2006,Kharif,Urad,6.00,
Haryana,MAHENDRAGARH,2006,Rabi,Barley,670.00,3000.00
Haryana,MAHENDRAGARH,2006,Rabi,Gram,7584.00,9000.00
Haryana,MAHENDRAGARH,2006,Rabi,Rapeseed &Mustard,96125.00,136000.00
Haryana,MAHENDRAGARH,2006,Rabi,Wheat,43627.00,175000.00
Haryana,MAHENDRAGARH,2006,Whole Year,Dry chillies,9.00,
Haryana,MAHENDRAGARH,2006,Whole Year,Onion,3.00,100.00
Haryana,MAHENDRAGARH,2006,Whole Year,Sugarcane,1.00,
Haryana,MAHENDRAGARH,2007,Kharif,Arhar/Tur,133.00,100.00
Haryana,MAHENDRAGARH,2007,Kharif,Bajra,103100.00,177000.00
Haryana,MAHENDRAGARH,2007,Kharif,Castor seed,1.00,
Haryana,MAHENDRAGARH,2007,Kharif,Cotton(lint),1410.00,2000.00
Haryana,MAHENDRAGARH,2007,Kharif,Groundnut,231.00,200.00
Haryana,MAHENDRAGARH,2007,Kharif,Moong(Green Gram),175.00,100.00
Haryana,MAHENDRAGARH,2007,Kharif,Sesamum,6.00,
Haryana,MAHENDRAGARH,2007,Rabi,Barley,654.00,3000.00
Haryana,MAHENDRAGARH,2007,Rabi,Gram,10006.00,5000.00
Haryana,MAHENDRAGARH,2007,Rabi,Rapeseed &Mustard,86840.00,93000.00
Haryana,MAHENDRAGARH,2007,Rabi,Wheat,46916.00,175000.00
Haryana,MAHENDRAGARH,2007,Whole Year,Onion,1.00,
Haryana,MAHENDRAGARH,2007,Whole Year,Sannhamp,3.00,
Haryana,MAHENDRAGARH,2007,Whole Year,Sugarcane,2.00,
Haryana,MAHENDRAGARH,2008,Kharif,Arhar/Tur,156.00,100.00
Haryana,MAHENDRAGARH,2008,Kharif,Bajra,102963.00,182000.00
Haryana,MAHENDRAGARH,2008,Kharif,Cotton(lint),898.00,2000.00
Haryana,MAHENDRAGARH,2008,Kharif,Groundnut,44.00,
Haryana,MAHENDRAGARH,2008,Kharif,Moong(Green Gram),194.00,100.00
Haryana,MAHENDRAGARH,2008,Kharif,Sesamum,5.00,
Haryana,MAHENDRAGARH,2008,Rabi,Barley,778.00,3000.00
Haryana,MAHENDRAGARH,2008,Rabi,Gram,10988.00,12000.00
Haryana,MAHENDRAGARH,2008,Rabi,Rapeseed &Mustard,92968.00,173000.00
Haryana,MAHENDRAGARH,2008,Rabi,Wheat,42601.00,201000.00
Haryana,MAHENDRAGARH,2008,Whole Year,Coriander,7.00,
Haryana,MAHENDRAGARH,2008,Whole Year,Dry chillies,2.00,
Haryana,MAHENDRAGARH,2008,Whole Year,Onion,1.00,
Haryana,MAHENDRAGARH,2008,Whole Year,Sannhamp,4.00,
Haryana,MAHENDRAGARH,2009,Kharif,Arhar/Tur,156.00,200.00
Haryana,MAHENDRAGARH,2009,Kharif,Bajra,102969.00,183000.00
Haryana,MAHENDRAGARH,2009,Kharif,Cotton(lint),898.00,2000.00
Haryana,MAHENDRAGARH,2009,Kharif,Groundnut,46.00,
Haryana,MAHENDRAGARH,2009,Kharif,Jowar,40.00,
Haryana,MAHENDRAGARH,2009,Kharif,Moong(Green Gram),194.00,100.00
Haryana,MAHENDRAGARH,2009,Kharif,Moth,52.00,
Haryana,MAHENDRAGARH,2009,Kharif,Rice,33.00,
Haryana,MAHENDRAGARH,2009,Kharif,Sesamum,3.00,
Haryana,MAHENDRAGARH,2009,Rabi,Barley,638.00,2000.00
Haryana,MAHENDRAGARH,2009,Rabi,Gram,3254.00,2000.00
Haryana,MAHENDRAGARH,2009,Rabi,Peas & beans (Pulses),155.00,100.00
Haryana,MAHENDRAGARH,2009,Rabi,Wheat,40736.00,159000.00
Haryana,MAHENDRAGARH,2009,Whole Year,Coriander,11.00,
Haryana,MAHENDRAGARH,2009,Whole Year,Dry chillies,1.00,
Haryana,MAHENDRAGARH,2009,Whole Year,Garlic,2.00,
Haryana,MAHENDRAGARH,2009,Whole Year,Onion,16.00,300.00
Haryana,MAHENDRAGARH,2009,Whole Year,Potato,3.00,
Haryana,MAHENDRAGARH,2009,Whole Year,Sweet potato,5.00,100.00
Haryana,MAHENDRAGARH,2010,Kharif,Arhar/Tur,176.00,200.00
Haryana,MAHENDRAGARH,2010,Kharif,Bajra,111683.00,200000.00
Haryana,MAHENDRAGARH,2010,Kharif,Castor seed,17.00,
Haryana,MAHENDRAGARH,2010,Kharif,Cotton(lint),566.00,4000.00
Haryana,MAHENDRAGARH,2010,Kharif,Groundnut,82.00,100.00
Haryana,MAHENDRAGARH,2010,Kharif,Jowar,3.00,
Haryana,MAHENDRAGARH,2010,Kharif,Moong(Green Gram),236.00,100.00
Haryana,MAHENDRAGARH,2010,Kharif,Moth,106.00,100.00
Haryana,MAHENDRAGARH,2010,Kharif,Other Kharif pulses,7.00,
Haryana,MAHENDRAGARH,2010,Kharif,Rice,25.00,
Haryana,MAHENDRAGARH,2010,Kharif,Sesamum,34.00,
Haryana,MAHENDRAGARH,2010,Rabi,Barley,847.00,3000.00
Haryana,MAHENDRAGARH,2010,Rabi,Gram,11065.00,12000.00
Haryana,MAHENDRAGARH,2010,Rabi,Peas & beans (Pulses),519.00,300.00
Haryana,MAHENDRAGARH,2010,Rabi,Rapeseed &Mustard,89554.00,171000.00
Haryana,MAHENDRAGARH,2010,Rabi,Wheat,46017.00,213000.00
Haryana,MAHENDRAGARH,2010,Whole Year,Dry chillies,1.00,
Haryana,MAHENDRAGARH,2010,Whole Year,Garlic,12.00,
Haryana,MAHENDRAGARH,2010,Whole Year,Onion,6.00,100.00
Haryana,MAHENDRAGARH,2010,Whole Year,Potato,2.00,
Haryana,MAHENDRAGARH,2010,Whole Year,Sannhamp,3.00,
Haryana,MAHENDRAGARH,2011,Kharif,Arhar/Tur,93.00,100.00
Haryana,MAHENDRAGARH,2011,Kharif,Bajra,113217.00,256000.00
Haryana,MAHENDRAGARH,2011,Kharif,Castor seed,78.00,100.00
Haryana,MAHENDRAGARH,2011,Kharif,Cotton(lint),1921.00,5000.00
Haryana,MAHENDRAGARH,2011,Kharif,Groundnut,104.00,100.00
Haryana,MAHENDRAGARH,2011,Kharif,Moong(Green Gram),215.00,100.00
Haryana,MAHENDRAGARH,2011,Kharif,Moth,3.00,
Haryana,MAHENDRAGARH,2011,Kharif,Other Kharif pulses,132.00,
Haryana,MAHENDRAGARH,2011,Kharif,Rice,39.00,
Haryana,MAHENDRAGARH,2011,Kharif,Sesamum,24.00,
Haryana,MAHENDRAGARH,2011,Rabi,Barley,872.00,2000.00
Haryana,MAHENDRAGARH,2011,Rabi,Gram,7513.00,8000.00
Haryana,MAHENDRAGARH,2011,Rabi,Rapeseed &Mustard,98299.00,81000.00
Haryana,MAHENDRAGARH,2011,Rabi,Wheat,41029.00,189000.00
Haryana,MAHENDRAGARH,2011,Whole Year,Garlic,7.00,
Haryana,MAHENDRAGARH,2011,Whole Year,Onion,17.00,200.00
Haryana,MAHENDRAGARH,2011,Whole Year,Potato,6.00,100.00
Haryana,MAHENDRAGARH,2011,Whole Year,Sugarcane,1.00,
Haryana,MAHENDRAGARH,2012,Kharif,Arhar/Tur,156.00,155.00
Haryana,MAHENDRAGARH,2012,Kharif,Bajra,90744.00,198000.00
Haryana,MAHENDRAGARH,2012,Kharif,Castor seed,6.00,3.00
Haryana,MAHENDRAGARH,2012,Kharif,Cotton(lint),4461.00,10000.00
Haryana,MAHENDRAGARH,2012,Kharif,Groundnut,47.00,56.00
Haryana,MAHENDRAGARH,2012,Kharif,Jowar,222.00,
Haryana,MAHENDRAGARH,2012,Kharif,Sesamum,6.00,2.00
Haryana,MAHENDRAGARH,2012,Rabi,Barley,679.00,4000.00
Haryana,MAHENDRAGARH,2012,Rabi,Gram,7566.00,10000.00
Haryana,MAHENDRAGARH,2012,Rabi,Rapeseed &Mustard,96681.00,165000.00
Haryana,MAHENDRAGARH,2012,Rabi,Wheat,42876.00,205000.00
Haryana,MAHENDRAGARH,2012,Whole Year,Guar seed,40598.00,28419.00
Haryana,MEWAT,2005,Kharif,Arhar/Tur,401.00,400.00
Haryana,MEWAT,2005,Kharif,Bajra,25413.00,26000.00
Haryana,MEWAT,2005,Kharif,Cotton(lint),85.00,
Haryana,MEWAT,2005,Kharif,Groundnut,12.00,
Haryana,MEWAT,2005,Kharif,Horse-gram,3388.00,600.00
Haryana,MEWAT,2005,Kharif,Jowar,11542.00,3000.00
Haryana,MEWAT,2005,Kharif,Maize,3.00,
Haryana,MEWAT,2005,Kharif,Moong(Green Gram),31.00,
Haryana,MEWAT,2005,Kharif,Rice,8623.00,27000.00
Haryana,MEWAT,2005,Kharif,Sesamum,217.00,
Haryana,MEWAT,2005,Kharif,Urad,13.00,
Haryana,MEWAT,2005,Rabi,Barley,1873.00,6000.00
Haryana,MEWAT,2005,Rabi,Gram,880.00,1000.00
Haryana,MEWAT,2005,Rabi,Masoor,1031.00,500.00
Haryana,MEWAT,2005,Rabi,Peas & beans (Pulses),2.00,
Haryana,MEWAT,2005,Rabi,Rapeseed &Mustard,40998.00,43100.00
Haryana,MEWAT,2005,Rabi,Wheat,89998.00,276000.00
Haryana,MEWAT,2005,Whole Year,Onion,587.00,9400.00
Haryana,MEWAT,2005,Whole Year,Sugarcane,671.00,50000.00
Haryana,MEWAT,2005,Whole Year,Sweet potato,1.00,
Haryana,MEWAT,2006,Kharif,Arhar/Tur,293.00,1200.00
Haryana,MEWAT,2006,Kharif,Bajra,26248.00,34000.00
Haryana,MEWAT,2006,Kharif,Cotton(lint),41.00,
Haryana,MEWAT,2006,Kharif,Groundnut,3.00,
Haryana,MEWAT,2006,Kharif,Horse-gram,5.00,
Haryana,MEWAT,2006,Kharif,Jowar,12827.00,4000.00
Haryana,MEWAT,2006,Kharif,Moong(Green Gram),51.00,
Haryana,MEWAT,2006,Kharif,Rice,8097.00,15000.00
Haryana,MEWAT,2006,Kharif,Sesamum,284.00,100.00
Haryana,MEWAT,2006,Kharif,Urad,4.00,
Haryana,MEWAT,2006,Rabi,Barley,1542.00,5000.00
Haryana,MEWAT,2006,Rabi,Gram,889.00,1000.00
Haryana,MEWAT,2006,Rabi,Masoor,528.00,300.00
Haryana,MEWAT,2006,Rabi,Peas & beans (Pulses),6.00,
Haryana,MEWAT,2006,Rabi,Rapeseed &Mustard,33434.00,35000.00
Haryana,MEWAT,2006,Rabi,Wheat,93462.00,289000.00
Haryana,MEWAT,2006,Whole Year,Garlic,1.00,
Haryana,MEWAT,2006,Whole Year,Onion,861.00,18300.00
Haryana,MEWAT,2006,Whole Year,Sugarcane,811.00,46000.00
Haryana,MEWAT,2007,Kharif,Arhar/Tur,304.00,300.00
Haryana,MEWAT,2007,Kharif,Bajra,27025.00,44000.00
Haryana,MEWAT,2007,Kharif,Cotton(lint),27.00,
Haryana,MEWAT,2007,Kharif,Jowar,14036.00,6000.00
Haryana,MEWAT,2007,Kharif,Moong(Green Gram),32.00,
Haryana,MEWAT,2007,Kharif,Rice,8541.00,22000.00
Haryana,MEWAT,2007,Kharif,Sesamum,434.00,100.00
Haryana,MEWAT,2007,Kharif,Urad,2.00,
Haryana,MEWAT,2007,Rabi,Barley,1003.00,2000.00
Haryana,MEWAT,2007,Rabi,Gram,881.00,1000.00
Haryana,MEWAT,2007,Rabi,Masoor,697.00,300.00
Haryana,MEWAT,2007,Rabi,Peas & beans (Pulses),9.00,
Haryana,MEWAT,2007,Rabi,Rapeseed &Mustard,30774.00,44000.00
Haryana,MEWAT,2007,Rabi,Wheat,98099.00,361000.00
Haryana,MEWAT,2007,Whole Year,Garlic,3.00,
Haryana,MEWAT,2007,Whole Year,Onion,841.00,15400.00
Haryana,MEWAT,2007,Whole Year,Sugarcane,849.00,60000.00
Haryana,MEWAT,2008,Kharif,Arhar/Tur,406.00,400.00
Haryana,MEWAT,2008,Kharif,Bajra,22523.00,35000.00
Haryana,MEWAT,2008,Kharif,Cotton(lint),20.00,
Haryana,MEWAT,2008,Kharif,Jowar,9370.00,5000.00
Haryana,MEWAT,2008,Kharif,Moong(Green Gram),29.00,
Haryana,MEWAT,2008,Kharif,Rice,7110.00,16000.00
Haryana,MEWAT,2008,Kharif,Sesamum,640.00,200.00
Haryana,MEWAT,2008,Rabi,Barley,807.00,3000.00
Haryana,MEWAT,2008,Rabi,Gram,760.00,1000.00
Haryana,MEWAT,2008,Rabi,Masoor,954.00,400.00
Haryana,MEWAT,2008,Rabi,Peas & beans (Pulses),7.00,
Haryana,MEWAT,2008,Rabi,Rapeseed &Mustard,29360.00,48000.00
Haryana,MEWAT,2008,Rabi,Wheat,71445.00,271000.00
Haryana,MEWAT,2008,Whole Year,Dry chillies,329.00,3300.00
Haryana,MEWAT,2008,Whole Year,Garlic,3.00,
Haryana,MEWAT,2008,Whole Year,Onion,755.00,14000.00
Haryana,MEWAT,2008,Whole Year,Sugarcane,48.00,
Haryana,MEWAT,2009,Kharif,Arhar/Tur,6.00,
Haryana,MEWAT,2009,Kharif,Bajra,25597.00,44000.00
Haryana,MEWAT,2009,Kharif,Cotton(lint),15.00,
Haryana,MEWAT,2009,Kharif,Jowar,9783.00,50.00
Haryana,MEWAT,2009,Kharif,Maize,3.00,
Haryana,MEWAT,2009,Kharif,Rice,6050.00,18000.00
Haryana,MEWAT,2009,Kharif,Sesamum,435.00,100.00
Haryana,MEWAT,2009,Rabi,Barley,912.00,2000.00
Haryana,MEWAT,2009,Rabi,Gram,697.00,1000.00
Haryana,MEWAT,2009,Rabi,Masoor,1606.00,700.00
Haryana,MEWAT,2009,Rabi,Peas & beans (Pulses),5.00,
Haryana,MEWAT,2009,Rabi,Wheat,73702.00,301000.00
Haryana,MEWAT,2009,Whole Year,Onion,748.00,15200.00
Haryana,MEWAT,2009,Whole Year,Sugarcane,83.00,
Haryana,MEWAT,2010,Kharif,Bajra,26589.00,38000.00
Haryana,MEWAT,2010,Kharif,Cotton(lint),7.00,
Haryana,MEWAT,2010,Kharif,Jowar,12420.00,6000.00
Haryana,MEWAT,2010,Kharif,Moong(Green Gram),606.00,100.00
Haryana,MEWAT,2010,Kharif,Moth,3.00,
Haryana,MEWAT,2010,Kharif,Rice,6177.00,17000.00
Haryana,MEWAT,2010,Kharif,Sesamum,385.00,
Haryana,MEWAT,2010,Rabi,Barley,917.00,3000.00
Haryana,MEWAT,2010,Rabi,Gram,409.00,1000.00
Haryana,MEWAT,2010,Rabi,Masoor,877.00,400.00
Haryana,MEWAT,2010,Rabi,Peas & beans (Pulses),8.00,
Haryana,MEWAT,2010,Rabi,Rapeseed &Mustard,23445.00,42000.00
Haryana,MEWAT,2010,Rabi,Wheat,72167.00,306000.00
Haryana,MEWAT,2010,Whole Year,Dry chillies,2.00,
Haryana,MEWAT,2010,Whole Year,Onion,634.00,13300.00
Haryana,MEWAT,2010,Whole Year,Sugarcane,162.00,
Haryana,MEWAT,2011,Kharif,Arhar/Tur,581.00,600.00
Haryana,MEWAT,2011,Kharif,Bajra,25119.00,47000.00
Haryana,MEWAT,2011,Kharif,Cotton(lint),53.00,
Haryana,MEWAT,2011,Kharif,Jowar,12812.00,6000.00
Haryana,MEWAT,2011,Kharif,Maize,9.00,
Haryana,MEWAT,2011,Kharif,Moong(Green Gram),39.00,
Haryana,MEWAT,2011,Kharif,Moth,18.00,
Haryana,MEWAT,2011,Kharif,Rice,6069.00,18000.00
Haryana,MEWAT,2011,Kharif,Sesamum,430.00,100.00
Haryana,MEWAT,2011,Kharif,Urad,1.00,
Haryana,MEWAT,2011,Rabi,Barley,986.00,4000.00
Haryana,MEWAT,2011,Rabi,Gram,423.00,1000.00
Haryana,MEWAT,2011,Rabi,Masoor,1222.00,600.00
Haryana,MEWAT,2011,Rabi,Rapeseed &Mustard,25660.00,47000.00
Haryana,MEWAT,2011,Rabi,Wheat,71378.00,312000.00
Haryana,MEWAT,2011,Whole Year,Sugarcane,710.00,7000.00
Haryana,MEWAT,2012,Kharif,Arhar/Tur,612.00,603.00
Haryana,MEWAT,2012,Kharif,Bajra,22382.00,43000.00
Haryana,MEWAT,2012,Kharif,Cotton(lint),79.00,
Haryana,MEWAT,2012,Kharif,Groundnut,2.00,2.00
Haryana,MEWAT,2012,Kharif,Jowar,9048.00,4500.00
Haryana,MEWAT,2012,Kharif,Moong(Green Gram),29.00,8.00
Haryana,MEWAT,2012,Kharif,Moth,35.00,19.00
Haryana,MEWAT,2012,Kharif,Rice,4051.00,13000.00
Haryana,MEWAT,2012,Kharif,Sesamum,288.00,91.00
Haryana,MEWAT,2012,Rabi,Barley,1317.00,3000.00
Haryana,MEWAT,2012,Rabi,Gram,286.00,
Haryana,MEWAT,2012,Rabi,Masoor,515.00,349.00
Haryana,MEWAT,2012,Rabi,Rapeseed &Mustard,28825.00,46000.00
Haryana,MEWAT,2012,Rabi,Wheat,71677.00,296000.00
Haryana,MEWAT,2012,Whole Year,Guar seed,611.00,367.00
Haryana,MEWAT,2012,Whole Year,Sugarcane,836.00,72000.00
Haryana,PALWAL,2008,Kharif,Arhar/Tur,1591.00,1600.00
Haryana,PALWAL,2008,Kharif,Bajra,7784.00,15000.00
Haryana,PALWAL,2008,Kharif,Cotton(lint),173.00,
Haryana,PALWAL,2008,Kharif,Jowar,9158.00,4000.00
Haryana,PALWAL,2008,Kharif,Maize,52.00,200.00
Haryana,PALWAL,2008,Kharif,Moong(Green Gram),248.00,100.00
Haryana,PALWAL,2008,Kharif,Moth,2.00,
Haryana,PALWAL,2008,Kharif,Rice,27185.00,74000.00
Haryana,PALWAL,2008,Kharif,Sesamum,273.00,100.00
Haryana,PALWAL,2008,Kharif,Urad,77.00,
Haryana,PALWAL,2008,Rabi,Barley,1027.00,3000.00
Haryana,PALWAL,2008,Rabi,Gram,1.00,
Haryana,PALWAL,2008,Rabi,Masoor,21.00,
Haryana,PALWAL,2008,Rabi,Rapeseed &Mustard,3511.00,8000.00
Haryana,PALWAL,2008,Rabi,Wheat,93263.00,466000.00
Haryana,PALWAL,2008,Whole Year,Potato,25.00,600.00
Haryana,PALWAL,2008,Whole Year,Sugarcane,3622.00,251000.00
Haryana,PALWAL,2009,Kharif,Arhar/Tur,1056.00,1100.00
Haryana,PALWAL,2009,Kharif,Bajra,6676.00,13000.00
Haryana,PALWAL,2009,Kharif,Cotton(lint),341.00,
Haryana,PALWAL,2009,Kharif,Jowar,7464.00,40.00
Haryana,PALWAL,2009,Kharif,Maize,16.00,
Haryana,PALWAL,2009,Kharif,Moong(Green Gram),48.00,
Haryana,PALWAL,2009,Kharif,Rice,30738.00,85000.00
Haryana,PALWAL,2009,Kharif,Sesamum,81.00,
Haryana,PALWAL,2009,Kharif,Urad,16.00,
Haryana,PALWAL,2009,Rabi,Barley,945.00,3000.00
Haryana,PALWAL,2009,Rabi,Gram,3.00,
Haryana,PALWAL,2009,Rabi,Masoor,4.00,
Haryana,PALWAL,2009,Rabi,Peas & beans (Pulses),6.00,
Haryana,PALWAL,2009,Rabi,Wheat,98609.00,409000.00
Haryana,PALWAL,2009,Whole Year,Potato,34.00,700.00
Haryana,PALWAL,2009,Whole Year,Sugarcane,2218.00,108000.00
Haryana,PALWAL,2010,Kharif,Arhar/Tur,983.00,1100.00
Haryana,PALWAL,2010,Kharif,Bajra,8358.00,15000.00
Haryana,PALWAL,2010,Kharif,Cotton(lint),360.00,
Haryana,PALWAL,2010,Kharif,Horse-gram,34.00,
Haryana,PALWAL,2010,Kharif,Jowar,9199.00,5000.00
Haryana,PALWAL,2010,Kharif,Maize,27.00,
Haryana,PALWAL,2010,Kharif,Moong(Green Gram),74.00,
Haryana,PALWAL,2010,Kharif,Rice,33070.00,91000.00
Haryana,PALWAL,2010,Kharif,Sesamum,74.00,
Haryana,PALWAL,2010,Rabi,Barley,993.00,3000.00
Haryana,PALWAL,2010,Rabi,Gram,3.00,
Haryana,PALWAL,2010,Rabi,Masoor,3.00,
Haryana,PALWAL,2010,Rabi,Rapeseed &Mustard,3358.00,6000.00
Haryana,PALWAL,2010,Rabi,Wheat,97589.00,449000.00
Haryana,PALWAL,2010,Whole Year,Sugarcane,2129.00,12000.00
Haryana,PALWAL,2011,Kharif,Arhar/Tur,892.00,900.00
Haryana,PALWAL,2011,Kharif,Bajra,7953.00,15000.00
Haryana,PALWAL,2011,Kharif,Cotton(lint),326.00,
Haryana,PALWAL,2011,Kharif,Jowar,8162.00,4000.00
Haryana,PALWAL,2011,Kharif,Maize,14.00,
Haryana,PALWAL,2011,Kharif,Moong(Green Gram),249.00,100.00
Haryana,PALWAL,2011,Kharif,Rice,32387.00,88000.00
Haryana,PALWAL,2011,Kharif,Sesamum,93.00,100.00
Haryana,PALWAL,2011,Kharif,Urad,17.00,
Haryana,PALWAL,2011,Rabi,Barley,929.00,4000.00
Haryana,PALWAL,2011,Rabi,Masoor,3.00,
Haryana,PALWAL,2011,Rabi,Rapeseed &Mustard,2847.00,6000.00
Haryana,PALWAL,2011,Rabi,Wheat,99588.00,507000.00
Haryana,PALWAL,2011,Whole Year,Sugarcane,2095.00,11000.00
Haryana,PALWAL,2011,Whole Year,Sweet potato,1.00,
Haryana,PALWAL,2012,Kharif,Arhar/Tur,963.00,958.00
Haryana,PALWAL,2012,Kharif,Bajra,7601.00,15000.00
Haryana,PALWAL,2012,Kharif,Cotton(lint),876.00,4000.00
Haryana,PALWAL,2012,Kharif,Jowar,6011.00,3000.00
Haryana,PALWAL,2012,Kharif,Maize,44.00,
Haryana,PALWAL,2012,Kharif,Moong(Green Gram),56.00,27.00
Haryana,PALWAL,2012,Kharif,Rice,30021.00,83000.00
Haryana,PALWAL,2012,Kharif,Sesamum,70.00,27.00
Haryana,PALWAL,2012,Kharif,Urad,36.00,13.00
Haryana,PALWAL,2012,Rabi,Barley,1035.00,3000.00
Haryana,PALWAL,2012,Rabi,Gram,1.00,
Haryana,PALWAL,2012,Rabi,Masoor,5.00,2.00
Haryana,PALWAL,2012,Rabi,Rapeseed &Mustard,3807.00,7000.00
Haryana,PALWAL,2012,Rabi,Wheat,96044.00,442000.00
Haryana,PALWAL,2012,Whole Year,Sugarcane,2978.00,155000.00
Haryana,PANCHKULA,1997,Kharif,Bajra,1000.00,1000.00
Haryana,PANCHKULA,1997,Kharif,Maize,10000.00,19000.00
Haryana,PANCHKULA,1997,Kharif,Other Kharif pulses,1600.00,1100.00
Haryana,PANCHKULA,1997,Kharif,Rice,6000.00,16000.00
Haryana,PANCHKULA,1997,Rabi,Gram,2000.00,2000.00
Haryana,PANCHKULA,1997,Rabi,Other  Rabi pulses,7000.00,4000.00
Haryana,PANCHKULA,1997,Rabi,Wheat,15000.00,47000.00
Haryana,PANCHKULA,1997,Whole Year,Sugarcane,1000.00,40000.00
Haryana,PANCHKULA,1998,Kharif,Arhar/Tur,672.00,700.00
Haryana,PANCHKULA,1998,Kharif,Bajra,480.00,1000.00
Haryana,PANCHKULA,1998,Kharif,Cotton(lint),56.00,
Haryana,PANCHKULA,1998,Kharif,Groundnut,197.00,200.00
Haryana,PANCHKULA,1998,Kharif,Maize,10543.00,20000.00
Haryana,PANCHKULA,1998,Kharif,Moong(Green Gram),3.00,
Haryana,PANCHKULA,1998,Kharif,Rice,6084.00,16000.00
Haryana,PANCHKULA,1998,Kharif,Sesamum,103.00,
Haryana,PANCHKULA,1998,Kharif,Urad,685.00,200.00
Haryana,PANCHKULA,1998,Rabi,Barley,61.00,
Haryana,PANCHKULA,1998,Rabi,Gram,1423.00,1000.00
Haryana,PANCHKULA,1998,Rabi,Masoor,757.00,500.00
Haryana,PANCHKULA,1998,Rabi,Peas & beans (Pulses),16.00,
Haryana,PANCHKULA,1998,Rabi,Rapeseed &Mustard,1431.00,1000.00
Haryana,PANCHKULA,1998,Rabi,Wheat,17650.00,43000.00
Haryana,PANCHKULA,1998,Whole Year,Dry chillies,67.00,100.00
Haryana,PANCHKULA,1998,Whole Year,Onion,23.00,200.00
Haryana,PANCHKULA,1998,Whole Year,Potato,293.00,4300.00
Haryana,PANCHKULA,1998,Whole Year,Sannhamp,1.00,
Haryana,PANCHKULA,1998,Whole Year,Sugarcane,868.00,60000.00
Haryana,PANCHKULA,1999,Kharif,Arhar/Tur,290.00,300.00
Haryana,PANCHKULA,1999,Kharif,Bajra,406.00,1000.00
Haryana,PANCHKULA,1999,Kharif,Cotton(lint),49.00,
Haryana,PANCHKULA,1999,Kharif,Groundnut,75.00,100.00
Haryana,PANCHKULA,1999,Kharif,Maize,10019.00,25000.00
Haryana,PANCHKULA,1999,Kharif,Moong(Green Gram),3.00,.00
Haryana,PANCHKULA,1999,Kharif,Rice,6384.00,18000.00
Haryana,PANCHKULA,1999,Kharif,Sesamum,109.00,.00
Haryana,PANCHKULA,1999,Kharif,Urad,582.00,1.00
Haryana,PANCHKULA,1999,Rabi,Barley,71.00,.00
Haryana,PANCHKULA,1999,Rabi,Gram,1386.00,1000.00
Haryana,PANCHKULA,1999,Rabi,Masoor,700.00,400.00
Haryana,PANCHKULA,1999,Rabi,Peas & beans (Pulses),12.00,.00
Haryana,PANCHKULA,1999,Rabi,Rapeseed &Mustard,1307.00,1000.00
Haryana,PANCHKULA,1999,Rabi,Sunflower,258.00,300.00
Haryana,PANCHKULA,1999,Rabi,Wheat,16659.00,41000.00
Haryana,PANCHKULA,1999,Whole Year,Dry chillies,95.00,100.00
Haryana,PANCHKULA,1999,Whole Year,Onion,176.00,2500.00
Haryana,PANCHKULA,1999,Whole Year,Potato,218.00,3500.00
Haryana,PANCHKULA,1999,Whole Year,Sugarcane,981.00,50000.00
Haryana,PANCHKULA,2000,Kharif,Arhar/Tur,212.00,200.00
Haryana,PANCHKULA,2000,Kharif,Bajra,228.00,.00
Haryana,PANCHKULA,2000,Kharif,Cotton(lint),19.00,.00
Haryana,PANCHKULA,2000,Kharif,Dry ginger,63.00,
Haryana,PANCHKULA,2000,Kharif,Groundnut,62.00,.00
Haryana,PANCHKULA,2000,Kharif,Maize,7196.00,16000.00
Haryana,PANCHKULA,2000,Kharif,Moong(Green Gram),3.00,.00
Haryana,PANCHKULA,2000,Kharif,Other Kharif pulses,195.00,.00
Haryana,PANCHKULA,2000,Kharif,Rice,6183.00,18000.00
Haryana,PANCHKULA,2000,Kharif,Sesamum,94.00,.00
Haryana,PANCHKULA,2000,Kharif,Urad,459.00,100.00
Haryana,PANCHKULA,2000,Rabi,Barley,57.00,.00
Haryana,PANCHKULA,2000,Rabi,Gram,1144.00,1000.00
Haryana,PANCHKULA,2000,Rabi,Masoor,457.00,400.00
Haryana,PANCHKULA,2000,Rabi,Rapeseed &Mustard,1140.00,1000.00
Haryana,PANCHKULA,2000,Rabi,Sunflower,219.00,200.00
Haryana,PANCHKULA,2000,Rabi,Wheat,16526.00,44000.00
Haryana,PANCHKULA,2000,Whole Year,Dry chillies,21.00,.00
Haryana,PANCHKULA,2000,Whole Year,Garlic,16.00,200.00
Haryana,PANCHKULA,2000,Whole Year,Onion,290.00,2300.00
Haryana,PANCHKULA,2000,Whole Year,Potato,22.00,400.00
Haryana,PANCHKULA,2000,Whole Year,Sugarcane,830.00,60000.00
Haryana,PANCHKULA,2000,Whole Year,Turmeric,1.00,.00
Haryana,PANCHKULA,2001,Kharif,Arhar/Tur,128.00,100.00
Haryana,PANCHKULA,2001,Kharif,Bajra,345.00,.00
Haryana,PANCHKULA,2001,Kharif,Cotton(lint),19.00,
Haryana,PANCHKULA,2001,Kharif,Groundnut,60.00,.00
Haryana,PANCHKULA,2001,Kharif,Horse-gram,162.00,.00
Haryana,PANCHKULA,2001,Kharif,Maize,9782.00,25000.00
Haryana,PANCHKULA,2001,Kharif,Moong(Green Gram),1.00,.00
Haryana,PANCHKULA,2001,Kharif,Rice,6933.00,20000.00
Haryana,PANCHKULA,2001,Kharif,Sesamum,49.00,.00
Haryana,PANCHKULA,2001,Kharif,Urad,233.00,100.00
Haryana,PANCHKULA,2001,Rabi,Barley,29.00,.00
Haryana,PANCHKULA,2001,Rabi,Gram,554.00,1000.00
Haryana,PANCHKULA,2001,Rabi,Masoor,382.00,300.00
Haryana,PANCHKULA,2001,Rabi,Peas & beans (Pulses),6.00,.00
Haryana,PANCHKULA,2001,Rabi,Rapeseed &Mustard,1373.00,1000.00
Haryana,PANCHKULA,2001,Rabi,Sunflower,458.00,500.00
Haryana,PANCHKULA,2001,Rabi,Wheat,16679.00,45000.00
Haryana,PANCHKULA,2001,Whole Year,Dry chillies,59.00,100.00
Haryana,PANCHKULA,2001,Whole Year,Potato,156.00,3500.00
Haryana,PANCHKULA,2001,Whole Year,Sugarcane,1106.00,60000.00
Haryana,PANCHKULA,2002,Kharif,Arhar/Tur,51.00,100.00
Haryana,PANCHKULA,2002,Kharif,Bajra,782.00,1000.00
Haryana,PANCHKULA,2002,Kharif,Cotton(lint),16.00,.00
Haryana,PANCHKULA,2002,Kharif,Groundnut,77.00,100.00
Haryana,PANCHKULA,2002,Kharif,Horse-gram,322.00,100.00
Haryana,PANCHKULA,2002,Kharif,Maize,9458.00,18000.00
Haryana,PANCHKULA,2002,Kharif,Rice,5702.00,16000.00
Haryana,PANCHKULA,2002,Kharif,Sesamum,124.00,.00
Haryana,PANCHKULA,2002,Kharif,Urad,666.00,100.00
Haryana,PANCHKULA,2002,Rabi,Barley,21.00,.00
Haryana,PANCHKULA,2002,Rabi,Gram,586.00,1000.00
Haryana,PANCHKULA,2002,Rabi,Masoor,339.00,300.00
Haryana,PANCHKULA,2002,Rabi,Peas & beans (Pulses),5.00,.00
Haryana,PANCHKULA,2002,Rabi,Rapeseed &Mustard,1250.00,1000.00
Haryana,PANCHKULA,2002,Rabi,Sunflower,635.00,700.00
Haryana,PANCHKULA,2002,Rabi,Wheat,16551.00,44000.00
Haryana,PANCHKULA,2002,Whole Year,Other Fresh Fruits,16.00,.00
Haryana,PANCHKULA,2002,Whole Year,Other Vegetables,501.00,1600.00
Haryana,PANCHKULA,2002,Whole Year,Potato,220.00,5300.00
Haryana,PANCHKULA,2002,Whole Year,Sugarcane,1197.00,60000.00
Haryana,PANCHKULA,2003,Kharif,Arhar/Tur,61.00,100.00
Haryana,PANCHKULA,2003,Kharif,Bajra,499.00,2000.00
Haryana,PANCHKULA,2003,Kharif,Cotton(lint),11.00,.00
Haryana,PANCHKULA,2003,Kharif,Groundnut,73.00,.00
Haryana,PANCHKULA,2003,Kharif,Horse-gram,373.00,100.00
Haryana,PANCHKULA,2003,Kharif,Maize,9579.00,25000.00
Haryana,PANCHKULA,2003,Kharif,Rice,6924.00,21000.00
Haryana,PANCHKULA,2003,Kharif,Sesamum,66.00,.00
Haryana,PANCHKULA,2003,Kharif,Urad,595.00,100.00
Haryana,PANCHKULA,2003,Rabi,Barley,32.00,.00
Haryana,PANCHKULA,2003,Rabi,Gram,502.00,1000.00
Haryana,PANCHKULA,2003,Rabi,Masoor,395.00,300.00
Haryana,PANCHKULA,2003,Rabi,Peas & beans (Pulses),5.00,.00
Haryana,PANCHKULA,2003,Rabi,Rapeseed &Mustard,1454.00,1000.00
Haryana,PANCHKULA,2003,Rabi,Sunflower,816.00,1100.00
Haryana,PANCHKULA,2003,Rabi,Wheat,17362.00,44000.00
Haryana,PANCHKULA,2003,Whole Year,Dry chillies,62.00,100.00
Haryana,PANCHKULA,2003,Whole Year,Mango,34.00,1.00
Haryana,PANCHKULA,2003,Whole Year,Onion,292.00,6400.00
Haryana,PANCHKULA,2003,Whole Year,Other Fresh Fruits,15.00,.00
Haryana,PANCHKULA,2003,Whole Year,Other Vegetables,420.00,1400.00
Haryana,PANCHKULA,2003,Whole Year,Potato,371.00,8900.00
Haryana,PANCHKULA,2003,Whole Year,Sugarcane,909.00,60000.00
Haryana,PANCHKULA,2004,Kharif,Arhar/Tur,37.00,
Haryana,PANCHKULA,2004,Kharif,Bajra,475.00,3000.00
Haryana,PANCHKULA,2004,Kharif,Cotton(lint),4.00,
Haryana,PANCHKULA,2004,Kharif,Groundnut,56.00,
Haryana,PANCHKULA,2004,Kharif,Horse-gram,324.00,100.00
Haryana,PANCHKULA,2004,Kharif,Maize,9421.00,25000.00
Haryana,PANCHKULA,2004,Kharif,Rice,6776.00,18000.00
Haryana,PANCHKULA,2004,Kharif,Sesamum,47.00,
Haryana,PANCHKULA,2004,Kharif,Urad,191.00,100.00
Haryana,PANCHKULA,2004,Rabi,Barley,24.00,
Haryana,PANCHKULA,2004,Rabi,Gram,664.00,1000.00
Haryana,PANCHKULA,2004,Rabi,Masoor,335.00,300.00
Haryana,PANCHKULA,2004,Rabi,Peas & beans (Pulses),2.00,
Haryana,PANCHKULA,2004,Rabi,Rapeseed &Mustard,1208.00,1000.00
Haryana,PANCHKULA,2004,Rabi,Sunflower,190.00,200.00
Haryana,PANCHKULA,2004,Rabi,Wheat,17523.00,39000.00
Haryana,PANCHKULA,2004,Whole Year,Dry chillies,61.00,300.00
Haryana,PANCHKULA,2004,Whole Year,Garlic,1.00,
Haryana,PANCHKULA,2004,Whole Year,Onion,20.00,400.00
Haryana,PANCHKULA,2004,Whole Year,Potato,224.00,5400.00
Haryana,PANCHKULA,2004,Whole Year,Sannhamp,75.00,
Haryana,PANCHKULA,2004,Whole Year,Sugarcane,847.00,60000.00
Haryana,PANCHKULA,2005,Kharif,Arhar/Tur,67.00,100.00
Haryana,PANCHKULA,2005,Kharif,Bajra,710.00,1000.00
Haryana,PANCHKULA,2005,Kharif,Cotton(lint),17.00,
Haryana,PANCHKULA,2005,Kharif,Groundnut,47.00,
Haryana,PANCHKULA,2005,Kharif,Horse-gram,370.00,100.00
Haryana,PANCHKULA,2005,Kharif,Maize,10252.00,21000.00
Haryana,PANCHKULA,2005,Kharif,Rice,6087.00,17000.00
Haryana,PANCHKULA,2005,Kharif,Sesamum,206.00,100.00
Haryana,PANCHKULA,2005,Kharif,Urad,594.00,200.00
Haryana,PANCHKULA,2005,Rabi,Barley,31.00,
Haryana,PANCHKULA,2005,Rabi,Gram,525.00,1000.00
Haryana,PANCHKULA,2005,Rabi,Masoor,378.00,300.00
Haryana,PANCHKULA,2005,Rabi,Peas & beans (Pulses),7.00,
Haryana,PANCHKULA,2005,Rabi,Rapeseed &Mustard,1221.00,1900.00
Haryana,PANCHKULA,2005,Rabi,Sunflower,1746.00,2600.00
Haryana,PANCHKULA,2005,Rabi,Wheat,16978.00,32000.00
Haryana,PANCHKULA,2005,Whole Year,Dry chillies,35.00,
Haryana,PANCHKULA,2005,Whole Year,Potato,258.00,6200.00
Haryana,PANCHKULA,2005,Whole Year,Sugarcane,1139.00,60000.00
Haryana,PANCHKULA,2006,Kharif,Arhar/Tur,24.00,
Haryana,PANCHKULA,2006,Kharif,Bajra,513.00,2000.00
Haryana,PANCHKULA,2006,Kharif,Cotton(lint),3.00,
Haryana,PANCHKULA,2006,Kharif,Groundnut,47.00,
Haryana,PANCHKULA,2006,Kharif,Horse-gram,317.00,100.00
Haryana,PANCHKULA,2006,Kharif,Jowar,1.00,
Haryana,PANCHKULA,2006,Kharif,Maize,8153.00,18000.00
Haryana,PANCHKULA,2006,Kharif,Moong(Green Gram),1.00,
Haryana,PANCHKULA,2006,Kharif,Rice,7340.00,28000.00
Haryana,PANCHKULA,2006,Kharif,Sesamum,43.00,
Haryana,PANCHKULA,2006,Kharif,Urad,430.00,100.00
Haryana,PANCHKULA,2006,Rabi,Barley,25.00,
Haryana,PANCHKULA,2006,Rabi,Gram,220.00,
Haryana,PANCHKULA,2006,Rabi,Masoor,311.00,200.00
Haryana,PANCHKULA,2006,Rabi,Rapeseed &Mustard,917.00,
Haryana,PANCHKULA,2006,Rabi,Sunflower,1756.00,2700.00
Haryana,PANCHKULA,2006,Rabi,Wheat,16848.00,40000.00
Haryana,PANCHKULA,2006,Whole Year,Dry chillies,72.00,100.00
Haryana,PANCHKULA,2006,Whole Year,Garlic,1.00,
Haryana,PANCHKULA,2006,Whole Year,Onion,90.00,1700.00
Haryana,PANCHKULA,2006,Whole Year,Potato,244.00,5900.00
Haryana,PANCHKULA,2006,Whole Year,Sugarcane,736.00,68000.00
Haryana,PANCHKULA,2007,Kharif,Arhar/Tur,19.00,
Haryana,PANCHKULA,2007,Kharif,Bajra,539.00,2000.00
Haryana,PANCHKULA,2007,Kharif,Cotton(lint),9.00,
Haryana,PANCHKULA,2007,Kharif,Groundnut,61.00,
Haryana,PANCHKULA,2007,Kharif,Horse-gram,303.00,100.00
Haryana,PANCHKULA,2007,Kharif,Maize,8118.00,21000.00
Haryana,PANCHKULA,2007,Kharif,Other Kharif pulses,5.00,
Haryana,PANCHKULA,2007,Kharif,Rice,7088.00,20000.00
Haryana,PANCHKULA,2007,Kharif,Sesamum,42.00,
Haryana,PANCHKULA,2007,Kharif,Urad,489.00,200.00
Haryana,PANCHKULA,2007,Rabi,Barley,52.00,
Haryana,PANCHKULA,2007,Rabi,Gram,352.00,
Haryana,PANCHKULA,2007,Rabi,Masoor,25.00,
Haryana,PANCHKULA,2007,Rabi,Peas & beans (Pulses),222.00,200.00
Haryana,PANCHKULA,2007,Rabi,Rapeseed &Mustard,1008.00,2000.00
Haryana,PANCHKULA,2007,Rabi,Sunflower,2.00,
Haryana,PANCHKULA,2007,Rabi,Wheat,15676.00,41000.00
Haryana,PANCHKULA,2007,Whole Year,Dry chillies,74.00,900.00
Haryana,PANCHKULA,2007,Whole Year,Garlic,24.00,200.00
Haryana,PANCHKULA,2007,Whole Year,Onion,111.00,2200.00
Haryana,PANCHKULA,2007,Whole Year,Potato,246.00,4800.00
Haryana,PANCHKULA,2007,Whole Year,Sugarcane,660.00,30000.00
Haryana,PANCHKULA,2008,Kharif,Arhar/Tur,37.00,
Haryana,PANCHKULA,2008,Kharif,Bajra,679.00,2000.00
Haryana,PANCHKULA,2008,Kharif,Cotton(lint),3.00,
Haryana,PANCHKULA,2008,Kharif,Groundnut,41.00,
Haryana,PANCHKULA,2008,Kharif,Horse-gram,351.00,100.00
Haryana,PANCHKULA,2008,Kharif,Jowar,4606.00,3000.00
Haryana,PANCHKULA,2008,Kharif,Maize,7115.00,14400.00
Haryana,PANCHKULA,2008,Kharif,Rice,8797.00,24000.00
Haryana,PANCHKULA,2008,Kharif,Sesamum,45.00,
Haryana,PANCHKULA,2008,Kharif,Urad,515.00,200.00
Haryana,PANCHKULA,2008,Rabi,Barley,56.00,
Haryana,PANCHKULA,2008,Rabi,Gram,733.00,1000.00
Haryana,PANCHKULA,2008,Rabi,Masoor,612.00,500.00
Haryana,PANCHKULA,2008,Rabi,Rapeseed &Mustard,2611.00,5000.00
Haryana,PANCHKULA,2008,Rabi,Wheat,15511.00,39000.00
Haryana,PANCHKULA,2008,Whole Year,Coriander,5.00,
Haryana,PANCHKULA,2008,Whole Year,Dry chillies,23.00,100.00
Haryana,PANCHKULA,2008,Whole Year,Garlic,61.00,400.00
Haryana,PANCHKULA,2008,Whole Year,Onion,231.00,4800.00
Haryana,PANCHKULA,2008,Whole Year,Potato,629.00,13300.00
Haryana,PANCHKULA,2008,Whole Year,Sugarcane,413.00,44000.00
Haryana,PANCHKULA,2009,Kharif,Arhar/Tur,62.00,100.00
Haryana,PANCHKULA,2009,Kharif,Bajra,727.00,2000.00
Haryana,PANCHKULA,2009,Kharif,Cotton(lint),2.00,
Haryana,PANCHKULA,2009,Kharif,Groundnut,30.00,
Haryana,PANCHKULA,2009,Kharif,Horse-gram,366.00,100.00
Haryana,PANCHKULA,2009,Kharif,Maize,6190.00,13000.00
Haryana,PANCHKULA,2009,Kharif,Rice,8415.00,23000.00
Haryana,PANCHKULA,2009,Kharif,Sesamum,58.00,
Haryana,PANCHKULA,2009,Kharif,Urad,477.00,200.00
Haryana,PANCHKULA,2009,Rabi,Barley,87.00,
Haryana,PANCHKULA,2009,Rabi,Gram,429.00,
Haryana,PANCHKULA,2009,Rabi,Masoor,404.00,400.00
Haryana,PANCHKULA,2009,Rabi,Peas & beans (Pulses),2.00,
Haryana,PANCHKULA,2009,Rabi,Wheat,15675.00,38000.00
Haryana,PANCHKULA,2009,Whole Year,Coriander,7.00,
Haryana,PANCHKULA,2009,Whole Year,Dry chillies,62.00,100.00
Haryana,PANCHKULA,2009,Whole Year,Garlic,52.00,500.00
Haryana,PANCHKULA,2009,Whole Year,Onion,59.00,1700.00
Haryana,PANCHKULA,2009,Whole Year,Potato,622.00,15900.00
Haryana,PANCHKULA,2009,Whole Year,Sugarcane,426.00,
Haryana,PANCHKULA,2010,Kharif,Arhar/Tur,10.00,
Haryana,PANCHKULA,2010,Kharif,Bajra,1329.00,2000.00
Haryana,PANCHKULA,2010,Kharif,Dry ginger,61.00,100.00
Haryana,PANCHKULA,2010,Kharif,Groundnut,39.00,100.00
Haryana,PANCHKULA,2010,Kharif,Horse-gram,350.00,100.00
Haryana,PANCHKULA,2010,Kharif,Jowar,656.00,1000.00
Haryana,PANCHKULA,2010,Kharif,Maize,5528.00,10000.00
Haryana,PANCHKULA,2010,Kharif,Moth,4.00,
Haryana,PANCHKULA,2010,Kharif,Rice,9070.00,30000.00
Haryana,PANCHKULA,2010,Kharif,Sesamum,33.00,
Haryana,PANCHKULA,2010,Kharif,Urad,221.00,100.00
Haryana,PANCHKULA,2010,Rabi,Barley,37.00,
Haryana,PANCHKULA,2010,Rabi,Gram,287.00,
Haryana,PANCHKULA,2010,Rabi,Masoor,185.00,200.00
Haryana,PANCHKULA,2010,Rabi,Rapeseed &Mustard,1349.00,2000.00
Haryana,PANCHKULA,2010,Rabi,Wheat,16270.00,42000.00
Haryana,PANCHKULA,2010,Whole Year,Dry chillies,52.00,600.00
Haryana,PANCHKULA,2010,Whole Year,Onion,69.00,1600.00
Haryana,PANCHKULA,2010,Whole Year,Potato,296.00,7400.00
Haryana,PANCHKULA,2010,Whole Year,Sugarcane,355.00,
Haryana,PANCHKULA,2010,Whole Year,Turmeric,6.00,
Haryana,PANCHKULA,2011,Kharif,Arhar/Tur,7.00,
Haryana,PANCHKULA,2011,Kharif,Bajra,1125.00,2000.00
Haryana,PANCHKULA,2011,Kharif,Dry ginger,57.00,100.00
Haryana,PANCHKULA,2011,Kharif,Groundnut,45.00,
Haryana,PANCHKULA,2011,Kharif,Horse-gram,353.00,100.00
Haryana,PANCHKULA,2011,Kharif,Maize,5896.00,15000.00
Haryana,PANCHKULA,2011,Kharif,Rice,9151.00,25000.00
Haryana,PANCHKULA,2011,Kharif,Sesamum,34.00,
Haryana,PANCHKULA,2011,Kharif,Urad,300.00,100.00
Haryana,PANCHKULA,2011,Rabi,Barley,33.00,
Haryana,PANCHKULA,2011,Rabi,Gram,162.00,
Haryana,PANCHKULA,2011,Rabi,Masoor,200.00,200.00
Haryana,PANCHKULA,2011,Rabi,Peas & beans (Pulses),3.00,
Haryana,PANCHKULA,2011,Rabi,Rapeseed &Mustard,1453.00,1800.00
Haryana,PANCHKULA,2011,Rabi,Wheat,15987.00,57000.00
Haryana,PANCHKULA,2011,Whole Year,Garlic,21.00,
Haryana,PANCHKULA,2011,Whole Year,Onion,27.00,500.00
Haryana,PANCHKULA,2011,Whole Year,Potato,211.00,4000.00
Haryana,PANCHKULA,2011,Whole Year,Sugarcane,459.00,
Haryana,PANCHKULA,2011,Whole Year,Turmeric,11.00,
Haryana,PANCHKULA,2012,Kharif,Arhar/Tur,34.00,20.00
Haryana,PANCHKULA,2012,Kharif,Bajra,986.00,2000.00
Haryana,PANCHKULA,2012,Kharif,Dry ginger,62.00,
Haryana,PANCHKULA,2012,Kharif,Horse-gram,307.00,123.00
Haryana,PANCHKULA,2012,Kharif,Maize,6103.00,15000.00
Haryana,PANCHKULA,2012,Kharif,Moong(Green Gram),32.00,9.00
Haryana,PANCHKULA,2012,Kharif,Rice,9453.00,25000.00
Haryana,PANCHKULA,2012,Kharif,Sesamum,21.00,5.00
Haryana,PANCHKULA,2012,Kharif,Urad,412.00,125.00
Haryana,PANCHKULA,2012,Rabi,Barley,36.00,
Haryana,PANCHKULA,2012,Rabi,Gram,139.00,
Haryana,PANCHKULA,2012,Rabi,Masoor,200.00,187.00
Haryana,PANCHKULA,2012,Rabi,Peas & beans (Pulses),4.00,5.00
Haryana,PANCHKULA,2012,Rabi,Rapeseed &Mustard,1750.00,3500.00
Haryana,PANCHKULA,2012,Rabi,Wheat,16823.00,59000.00
Haryana,PANCHKULA,2012,Whole Year,Coriander,3.00,3.00
Haryana,PANCHKULA,2012,Whole Year,Dry chillies,6.00,100.00
Haryana,PANCHKULA,2012,Whole Year,Garlic,25.00,200.00
Haryana,PANCHKULA,2012,Whole Year,Guar seed,9.00,5.00
Haryana,PANCHKULA,2012,Whole Year,Onion,47.00,1100.00
Haryana,PANCHKULA,2012,Whole Year,Potato,195.00,3800.00
Haryana,PANCHKULA,2012,Whole Year,Sugarcane,519.00,59000.00
Haryana,PANCHKULA,2012,Whole Year,Tobacco,11.00,
Haryana,PANCHKULA,2012,Whole Year,Turmeric,23.00,18.00
Haryana,PANIPAT,1997,Kharif,Bajra,1000.00,1000.00
Haryana,PANIPAT,1997,Kharif,Other Kharif pulses,1300.00,1600.00
Haryana,PANIPAT,1997,Kharif,Rice,69000.00,169000.00
Haryana,PANIPAT,1997,Rabi,Other  Rabi pulses,3000.00,4000.00
Haryana,PANIPAT,1997,Rabi,Wheat,76000.00,252000.00
Haryana,PANIPAT,1997,Whole Year,Sugarcane,5000.00,290000.00
Haryana,PANIPAT,1998,Kharif,Arhar/Tur,928.00,1100.00
Haryana,PANIPAT,1998,Kharif,Bajra,448.00,
Haryana,PANIPAT,1998,Kharif,Cotton(lint),138.00,
Haryana,PANIPAT,1998,Kharif,Jowar,166.00,
Haryana,PANIPAT,1998,Kharif,Maize,56.00,
Haryana,PANIPAT,1998,Kharif,Rice,71746.00,154000.00
Haryana,PANIPAT,1998,Kharif,Sesamum,1.00,
Haryana,PANIPAT,1998,Rabi,Barley,51.00,
Haryana,PANIPAT,1998,Rabi,Gram,80.00,
Haryana,PANIPAT,1998,Rabi,Masoor,72.00,100.00
Haryana,PANIPAT,1998,Rabi,Peas & beans (Pulses),230.00,300.00
Haryana,PANIPAT,1998,Rabi,Rapeseed &Mustard,722.00,1000.00
Haryana,PANIPAT,1998,Rabi,Sunflower,55.00,100.00
Haryana,PANIPAT,1998,Rabi,Wheat,81821.00,326000.00
Haryana,PANIPAT,1998,Whole Year,Dry chillies,369.00,400.00
Haryana,PANIPAT,1998,Whole Year,Onion,143.00,3100.00
Haryana,PANIPAT,1998,Whole Year,Potato,170.00,2600.00
Haryana,PANIPAT,1998,Whole Year,Sannhamp,4.00,
Haryana,PANIPAT,1998,Whole Year,Sugarcane,4278.00,220000.00
Haryana,PANIPAT,1998,Whole Year,Sweet potato,21.00,500.00
Haryana,PANIPAT,1999,Kharif,Arhar/Tur,699.00,800.00
Haryana,PANIPAT,1999,Kharif,Bajra,589.00,.00
Haryana,PANIPAT,1999,Kharif,Cotton(lint),93.00,.00
Haryana,PANIPAT,1999,Kharif,Jowar,124.00,.00
Haryana,PANIPAT,1999,Kharif,Maize,106.00,.00
Haryana,PANIPAT,1999,Kharif,Moong(Green Gram),1.00,.00
Haryana,PANIPAT,1999,Kharif,Rice,70637.00,144000.00
Haryana,PANIPAT,1999,Rabi,Barley,47.00,.00
Haryana,PANIPAT,1999,Rabi,Gram,63.00,.00
Haryana,PANIPAT,1999,Rabi,Masoor,54.00,100.00
Haryana,PANIPAT,1999,Rabi,Peas & beans (Pulses),265.00,400.00
Haryana,PANIPAT,1999,Rabi,Rapeseed &Mustard,688.00,1000.00
Haryana,PANIPAT,1999,Rabi,Wheat,81924.00,356000.00
Haryana,PANIPAT,1999,Whole Year,Dry chillies,389.00,400.00
Haryana,PANIPAT,1999,Whole Year,Onion,45.00,300.00
Haryana,PANIPAT,1999,Whole Year,Potato,177.00,3800.00
Haryana,PANIPAT,1999,Whole Year,Sugarcane,4360.00,330000.00
Haryana,PANIPAT,2000,Kharif,Arhar/Tur,464.00,500.00
Haryana,PANIPAT,2000,Kharif,Bajra,450.00,.00
Haryana,PANIPAT,2000,Kharif,Cotton(lint),56.00,.00
Haryana,PANIPAT,2000,Kharif,Jowar,145.00,.00
Haryana,PANIPAT,2000,Kharif,Maize,13.00,.00
Haryana,PANIPAT,2000,Kharif,Other Kharif pulses,7.00,.00
Haryana,PANIPAT,2000,Kharif,Rice,77458.00,187000.00
Haryana,PANIPAT,2000,Kharif,Urad,150.00,.00
Haryana,PANIPAT,2000,Rabi,Barley,142.00,.00
Haryana,PANIPAT,2000,Rabi,Gram,61.00,.00
Haryana,PANIPAT,2000,Rabi,Masoor,52.00,100.00
Haryana,PANIPAT,2000,Rabi,Peas & beans (Pulses),193.00,200.00
Haryana,PANIPAT,2000,Rabi,Rapeseed &Mustard,709.00,1000.00
Haryana,PANIPAT,2000,Rabi,Wheat,82626.00,391000.00
Haryana,PANIPAT,2000,Whole Year,Dry chillies,299.00,300.00
Haryana,PANIPAT,2000,Whole Year,Garlic,6.00,.00
Haryana,PANIPAT,2000,Whole Year,Onion,30.00,500.00
Haryana,PANIPAT,2000,Whole Year,Potato,152.00,3200.00
Haryana,PANIPAT,2000,Whole Year,Sugarcane,4849.00,320000.00
Haryana,PANIPAT,2000,Whole Year,Sweet potato,35.00,700.00
Haryana,PANIPAT,2000,Whole Year,Turmeric,5.00,.00
Haryana,PANIPAT,2001,Kharif,Arhar/Tur,528.00,600.00
Haryana,PANIPAT,2001,Kharif,Bajra,410.00,.00
Haryana,PANIPAT,2001,Kharif,Cotton(lint),41.00,
Haryana,PANIPAT,2001,Kharif,Jowar,229.00,.00
Haryana,PANIPAT,2001,Kharif,Maize,93.00,.00
Haryana,PANIPAT,2001,Kharif,Rice,71831.00,167000.00
Haryana,PANIPAT,2001,Kharif,Urad,3.00,.00
Haryana,PANIPAT,2001,Rabi,Barley,37.00,.00
Haryana,PANIPAT,2001,Rabi,Gram,165.00,.00
Haryana,PANIPAT,2001,Rabi,Masoor,28.00,.00
Haryana,PANIPAT,2001,Rabi,Peas & beans (Pulses),235.00,300.00
Haryana,PANIPAT,2001,Rabi,Rapeseed &Mustard,748.00,1000.00
Haryana,PANIPAT,2001,Rabi,Sunflower,803.00,1200.00
Haryana,PANIPAT,2001,Rabi,Wheat,81743.00,357000.00
Haryana,PANIPAT,2001,Whole Year,Dry chillies,318.00,300.00
Haryana,PANIPAT,2001,Whole Year,Garlic,5.00,.00
Haryana,PANIPAT,2001,Whole Year,Onion,38.00,800.00
Haryana,PANIPAT,2001,Whole Year,Potato,156.00,4400.00
Haryana,PANIPAT,2001,Whole Year,Sugarcane,6281.00,390000.00
Haryana,PANIPAT,2001,Whole Year,Sweet potato,29.00,.00
Haryana,PANIPAT,2002,Kharif,Arhar/Tur,358.00,400.00
Haryana,PANIPAT,2002,Kharif,Bajra,551.00,1000.00
Haryana,PANIPAT,2002,Kharif,Cotton(lint),72.00,.00
Haryana,PANIPAT,2002,Kharif,Jowar,342.00,.00
Haryana,PANIPAT,2002,Kharif,Maize,4.00,.00
Haryana,PANIPAT,2002,Kharif,Moth,1.00,.00
Haryana,PANIPAT,2002,Kharif,Rice,64007.00,161000.00
Haryana,PANIPAT,2002,Kharif,Sesamum,4.00,.00
Haryana,PANIPAT,2002,Kharif,Urad,4.00,.00
Haryana,PANIPAT,2002,Rabi,Barley,77.00,.00
Haryana,PANIPAT,2002,Rabi,Gram,161.00,.00
Haryana,PANIPAT,2002,Rabi,Masoor,34.00,.00
Haryana,PANIPAT,2002,Rabi,Peas & beans (Pulses),163.00,200.00
Haryana,PANIPAT,2002,Rabi,Rapeseed &Mustard,861.00,1000.00
Haryana,PANIPAT,2002,Rabi,Wheat,81137.00,355000.00
Haryana,PANIPAT,2002,Whole Year,Mango,344.00,1800.00
Haryana,PANIPAT,2002,Whole Year,Onion,58.00,900.00
Haryana,PANIPAT,2002,Whole Year,Other Fresh Fruits,27.00,100.00
Haryana,PANIPAT,2002,Whole Year,Other Vegetables,2447.00,46500.00
Haryana,PANIPAT,2002,Whole Year,Potato,195.00,41700.00
Haryana,PANIPAT,2002,Whole Year,Sannhamp,27.00,.00
Haryana,PANIPAT,2002,Whole Year,Sugarcane,7349.00,380000.00
Haryana,PANIPAT,2002,Whole Year,Sweet potato,18.00,400.00
Haryana,PANIPAT,2003,Kharif,Arhar/Tur,476.00,500.00
Haryana,PANIPAT,2003,Kharif,Bajra,575.00,2000.00
Haryana,PANIPAT,2003,Kharif,Cotton(lint),222.00,.00
Haryana,PANIPAT,2003,Kharif,Jowar,75.00,.00
Haryana,PANIPAT,2003,Kharif,Maize,60.00,.00
Haryana,PANIPAT,2003,Kharif,Moong(Green Gram),2.00,.00
Haryana,PANIPAT,2003,Kharif,Rice,72317.00,164000.00
Haryana,PANIPAT,2003,Kharif,Sesamum,9.00,.00
Haryana,PANIPAT,2003,Kharif,Urad,6.00,.00
Haryana,PANIPAT,2003,Rabi,Barley,31.00,.00
Haryana,PANIPAT,2003,Rabi,Gram,115.00,.00
Haryana,PANIPAT,2003,Rabi,Masoor,57.00,100.00
Haryana,PANIPAT,2003,Rabi,other oilseeds,4.00,
Haryana,PANIPAT,2003,Rabi,Peas & beans (Pulses),24.00,100.00
Haryana,PANIPAT,2003,Rabi,Rapeseed &Mustard,638.00,1000.00
Haryana,PANIPAT,2003,Rabi,Wheat,81294.00,343000.00
Haryana,PANIPAT,2003,Whole Year,Banana,2.00,.00
Haryana,PANIPAT,2003,Whole Year,Dry chillies,227.00,200.00
Haryana,PANIPAT,2003,Whole Year,Mango,421.00,17.00
Haryana,PANIPAT,2003,Whole Year,Onion,29.00,400.00
Haryana,PANIPAT,2003,Whole Year,Other Fresh Fruits,23.00,100.00
Haryana,PANIPAT,2003,Whole Year,Other Vegetables,2658.00,50500.00
Haryana,PANIPAT,2003,Whole Year,Potato,184.00,4400.00
Haryana,PANIPAT,2003,Whole Year,Sannhamp,28.00,.00
Haryana,PANIPAT,2003,Whole Year,Sugarcane,7821.00,480000.00
Haryana,PANIPAT,2003,Whole Year,Sweet potato,17.00,400.00
Haryana,PANIPAT,2004,Kharif,Arhar/Tur,378.00,400.00
Haryana,PANIPAT,2004,Kharif,Bajra,704.00,3000.00
Haryana,PANIPAT,2004,Kharif,Cotton(lint),67.00,
Haryana,PANIPAT,2004,Kharif,Jowar,28.00,
Haryana,PANIPAT,2004,Kharif,Maize,10.00,
Haryana,PANIPAT,2004,Kharif,Moong(Green Gram),2.00,
Haryana,PANIPAT,2004,Kharif,Rice,72281.00,164000.00
Haryana,PANIPAT,2004,Kharif,Sesamum,3.00,
Haryana,PANIPAT,2004,Kharif,Urad,5.00,
Haryana,PANIPAT,2004,Rabi,Barley,48.00,
Haryana,PANIPAT,2004,Rabi,Gram,81.00,
Haryana,PANIPAT,2004,Rabi,Masoor,37.00,100.00
Haryana,PANIPAT,2004,Rabi,Rapeseed &Mustard,712.00,1000.00
Haryana,PANIPAT,2004,Rabi,Wheat,83827.00,362000.00
Haryana,PANIPAT,2004,Whole Year,Dry chillies,226.00,
Haryana,PANIPAT,2004,Whole Year,Garlic,5.00,
Haryana,PANIPAT,2004,Whole Year,Onion,45.00,700.00
Haryana,PANIPAT,2004,Whole Year,Potato,206.00,4900.00
Haryana,PANIPAT,2004,Whole Year,Sugarcane,6527.00,450000.00
Haryana,PANIPAT,2004,Whole Year,Sweet potato,16.00,300.00
Haryana,PANIPAT,2005,Kharif,Arhar/Tur,336.00,300.00
Haryana,PANIPAT,2005,Kharif,Bajra,617.00,2000.00
Haryana,PANIPAT,2005,Kharif,Cotton(lint),56.00,
Haryana,PANIPAT,2005,Kharif,Maize,45.00,
Haryana,PANIPAT,2005,Kharif,Rice,70753.00,181000.00
Haryana,PANIPAT,2005,Kharif,Sesamum,5.00,
Haryana,PANIPAT,2005,Kharif,Urad,2.00,
Haryana,PANIPAT,2005,Rabi,Barley,34.00,
Haryana,PANIPAT,2005,Rabi,Gram,104.00,
Haryana,PANIPAT,2005,Rabi,Masoor,52.00,100.00
Haryana,PANIPAT,2005,Rabi,Rapeseed &Mustard,999.00,1000.00
Haryana,PANIPAT,2005,Rabi,Sunflower,5.00,
Haryana,PANIPAT,2005,Rabi,Wheat,82947.00,365000.00
Haryana,PANIPAT,2005,Whole Year,Dry chillies,187.00,200.00
Haryana,PANIPAT,2005,Whole Year,Onion,53.00,1300.00
Haryana,PANIPAT,2005,Whole Year,Potato,208.00,5000.00
Haryana,PANIPAT,2005,Whole Year,Sannhamp,2.00,
Haryana,PANIPAT,2005,Whole Year,Sugarcane,6372.00,400000.00
Haryana,PANIPAT,2005,Whole Year,Sweet potato,12.00,300.00
Haryana,PANIPAT,2006,Kharif,Arhar/Tur,316.00,300.00
Haryana,PANIPAT,2006,Kharif,Bajra,698.00,2000.00
Haryana,PANIPAT,2006,Kharif,Cotton(lint),48.00,
Haryana,PANIPAT,2006,Kharif,Jowar,3.00,
Haryana,PANIPAT,2006,Kharif,Maize,39.00,
Haryana,PANIPAT,2006,Kharif,Moong(Green Gram),4.00,
Haryana,PANIPAT,2006,Kharif,Rice,70777.00,194000.00
Haryana,PANIPAT,2006,Kharif,Sesamum,3.00,
Haryana,PANIPAT,2006,Kharif,Urad,3.00,
Haryana,PANIPAT,2006,Rabi,Barley,50.00,
Haryana,PANIPAT,2006,Rabi,Gram,84.00,
Haryana,PANIPAT,2006,Rabi,Masoor,118.00,100.00
Haryana,PANIPAT,2006,Rabi,Peas & beans (Pulses),176.00,200.00
Haryana,PANIPAT,2006,Rabi,Rapeseed &Mustard,1016.00,1000.00
Haryana,PANIPAT,2006,Rabi,Wheat,81598.00,367000.00
Haryana,PANIPAT,2006,Whole Year,Dry chillies,182.00,100.00
Haryana,PANIPAT,2006,Whole Year,Garlic,22.00,200.00
Haryana,PANIPAT,2006,Whole Year,Onion,32.00,600.00
Haryana,PANIPAT,2006,Whole Year,Potato,184.00,4400.00
Haryana,PANIPAT,2006,Whole Year,Sannhamp,3.00,
Haryana,PANIPAT,2006,Whole Year,Sugarcane,7820.00,605000.00
Haryana,PANIPAT,2006,Whole Year,Sweet potato,9.00,200.00
Haryana,PANIPAT,2007,Kharif,Arhar/Tur,284.00,400.00
Haryana,PANIPAT,2007,Kharif,Bajra,681.00,2000.00
Haryana,PANIPAT,2007,Kharif,Cotton(lint),31.00,
Haryana,PANIPAT,2007,Kharif,Maize,38.00,
Haryana,PANIPAT,2007,Kharif,Moong(Green Gram),13.00,
Haryana,PANIPAT,2007,Kharif,Rice,73632.00,188000.00
Haryana,PANIPAT,2007,Rabi,Barley,44.00,
Haryana,PANIPAT,2007,Rabi,Gram,32.00,
Haryana,PANIPAT,2007,Rabi,Masoor,53.00,100.00
Haryana,PANIPAT,2007,Rabi,Peas & beans (Pulses),262.00,400.00
Haryana,PANIPAT,2007,Rabi,Rapeseed &Mustard,809.00,1000.00
Haryana,PANIPAT,2007,Rabi,Wheat,83945.00,368000.00
Haryana,PANIPAT,2007,Whole Year,Dry chillies,141.00,3500.00
Haryana,PANIPAT,2007,Whole Year,Onion,19.00,400.00
Haryana,PANIPAT,2007,Whole Year,Potato,198.00,3600.00
Haryana,PANIPAT,2007,Whole Year,Sannhamp,4.00,
Haryana,PANIPAT,2007,Whole Year,Sugarcane,7848.00,550000.00
Haryana,PANIPAT,2007,Whole Year,Sweet potato,9.00,100.00
Haryana,PANIPAT,2008,Kharif,Arhar/Tur,329.00,400.00
Haryana,PANIPAT,2008,Kharif,Bajra,527.00,2000.00
Haryana,PANIPAT,2008,Kharif,Cotton(lint),22.00,
Haryana,PANIPAT,2008,Kharif,Maize,26.00,
Haryana,PANIPAT,2008,Kharif,Moong(Green Gram),3.00,
Haryana,PANIPAT,2008,Kharif,Rice,77763.00,169000.00
Haryana,PANIPAT,2008,Kharif,Sesamum,2.00,
Haryana,PANIPAT,2008,Rabi,Barley,65.00,
Haryana,PANIPAT,2008,Rabi,Gram,34.00,
Haryana,PANIPAT,2008,Rabi,Masoor,44.00,
Haryana,PANIPAT,2008,Rabi,Peas & beans (Pulses),93.00,100.00
Haryana,PANIPAT,2008,Rabi,Rapeseed &Mustard,767.00,2000.00
Haryana,PANIPAT,2008,Rabi,Wheat,87947.00,427000.00
Haryana,PANIPAT,2008,Whole Year,Coriander,349.00,800.00
Haryana,PANIPAT,2008,Whole Year,Dry chillies,172.00,1600.00
Haryana,PANIPAT,2008,Whole Year,Onion,21.00,600.00
Haryana,PANIPAT,2008,Whole Year,Potato,148.00,400.00
Haryana,PANIPAT,2008,Whole Year,Sannhamp,5.00,
Haryana,PANIPAT,2008,Whole Year,Sugarcane,3423.00,202000.00
Haryana,PANIPAT,2008,Whole Year,Sweet potato,7.00,100.00
Haryana,PANIPAT,2009,Kharif,Arhar/Tur,267.00,300.00
Haryana,PANIPAT,2009,Kharif,Bajra,558.00,
Haryana,PANIPAT,2009,Kharif,Cotton(lint),17.00,
Haryana,PANIPAT,2009,Kharif,Jowar,1.00,
Haryana,PANIPAT,2009,Kharif,Maize,15.00,
Haryana,PANIPAT,2009,Kharif,Rice,76960.00,205000.00
Haryana,PANIPAT,2009,Kharif,Sesamum,15.00,
Haryana,PANIPAT,2009,Kharif,Urad,1.00,
Haryana,PANIPAT,2009,Rabi,Barley,68.00,
Haryana,PANIPAT,2009,Rabi,Gram,34.00,
Haryana,PANIPAT,2009,Rabi,Masoor,40.00,100.00
Haryana,PANIPAT,2009,Rabi,Peas & beans (Pulses),211.00,300.00
Haryana,PANIPAT,2009,Rabi,Wheat,86736.00,387000.00
Haryana,PANIPAT,2009,Whole Year,Coriander,306.00,500.00
Haryana,PANIPAT,2009,Whole Year,Dry chillies,117.00,200.00
Haryana,PANIPAT,2009,Whole Year,Garlic,1.00,
Haryana,PANIPAT,2009,Whole Year,Onion,20.00,300.00
Haryana,PANIPAT,2009,Whole Year,Potato,171.00,3000.00
Haryana,PANIPAT,2009,Whole Year,Sugarcane,3960.00,311000.00
Haryana,PANIPAT,2009,Whole Year,Sweet potato,14.00,200.00
Haryana,PANIPAT,2010,Kharif,Arhar/Tur,271.00,300.00
Haryana,PANIPAT,2010,Kharif,Bajra,476.00,2000.00
Haryana,PANIPAT,2010,Kharif,Cotton(lint),35.00,
Haryana,PANIPAT,2010,Kharif,Jowar,8.00,
Haryana,PANIPAT,2010,Kharif,Maize,11.00,
Haryana,PANIPAT,2010,Kharif,Moong(Green Gram),11.00,
Haryana,PANIPAT,2010,Kharif,Other Kharif pulses,2.00,
Haryana,PANIPAT,2010,Kharif,Rice,76905.00,174000.00
Haryana,PANIPAT,2010,Kharif,Sesamum,2.00,
Haryana,PANIPAT,2010,Kharif,Urad,7.00,
Haryana,PANIPAT,2010,Rabi,Barley,44.00,
Haryana,PANIPAT,2010,Rabi,Gram,14.00,
Haryana,PANIPAT,2010,Rabi,Masoor,25.00,
Haryana,PANIPAT,2010,Rabi,Peas & beans (Pulses),230.00,300.00
Haryana,PANIPAT,2010,Rabi,Rapeseed &Mustard,874.00,2000.00
Haryana,PANIPAT,2010,Rabi,Wheat,86569.00,399000.00
Haryana,PANIPAT,2010,Whole Year,Coriander,217.00,
Haryana,PANIPAT,2010,Whole Year,Dry chillies,133.00,1300.00
Haryana,PANIPAT,2010,Whole Year,Garlic,1.00,
Haryana,PANIPAT,2010,Whole Year,Onion,16.00,300.00
Haryana,PANIPAT,2010,Whole Year,Potato,164.00,3100.00
Haryana,PANIPAT,2010,Whole Year,Sugarcane,5827.00,46000.00
Haryana,PANIPAT,2010,Whole Year,Sweet potato,12.00,
Haryana,PANIPAT,2011,Kharif,Arhar/Tur,235.00,200.00
Haryana,PANIPAT,2011,Kharif,Bajra,430.00,
Haryana,PANIPAT,2011,Kharif,Cotton(lint),54.00,
Haryana,PANIPAT,2011,Kharif,Maize,9.00,
Haryana,PANIPAT,2011,Kharif,Rice,76032.00,201000.00
Haryana,PANIPAT,2011,Kharif,Sesamum,2.00,
Haryana,PANIPAT,2011,Kharif,Urad,6.00,
Haryana,PANIPAT,2011,Rabi,Barley,63.00,
Haryana,PANIPAT,2011,Rabi,Gram,13.00,
Haryana,PANIPAT,2011,Rabi,Masoor,37.00,
Haryana,PANIPAT,2011,Rabi,Peas & beans (Pulses),546.00,500.00
Haryana,PANIPAT,2011,Rabi,Rapeseed &Mustard,867.00,1000.00
Haryana,PANIPAT,2011,Rabi,Wheat,86807.00,483000.00
Haryana,PANIPAT,2011,Whole Year,Coriander,156.00,200.00
Haryana,PANIPAT,2011,Whole Year,Garlic,3.00,
Haryana,PANIPAT,2011,Whole Year,Onion,29.00,500.00
Haryana,PANIPAT,2011,Whole Year,Potato,151.00,3800.00
Haryana,PANIPAT,2011,Whole Year,Sugarcane,6820.00,58000.00
Haryana,PANIPAT,2011,Whole Year,Sweet potato,5.00,
Haryana,PANIPAT,2011,Whole Year,Turmeric,9.00,
Haryana,PANIPAT,2012,Kharif,Arhar/Tur,209.00,209.00
Haryana,PANIPAT,2012,Kharif,Bajra,401.00,
Haryana,PANIPAT,2012,Kharif,Cotton(lint),66.00,
Haryana,PANIPAT,2012,Kharif,Maize,8.00,
Haryana,PANIPAT,2012,Kharif,Rice,75683.00,210000.00
Haryana,PANIPAT,2012,Kharif,Sesamum,2.00,
Haryana,PANIPAT,2012,Rabi,Barley,49.00,
Haryana,PANIPAT,2012,Rabi,Gram,11.00,
Haryana,PANIPAT,2012,Rabi,Masoor,38.00,47.00
Haryana,PANIPAT,2012,Rabi,Peas & beans (Pulses),515.00,773.00
Haryana,PANIPAT,2012,Rabi,Rapeseed &Mustard,877.00,2000.00
Haryana,PANIPAT,2012,Rabi,Wheat,85907.00,395000.00
Haryana,PANIPAT,2012,Whole Year,Coriander,193.00,203.00
Haryana,PANIPAT,2012,Whole Year,Dry chillies,110.00,1000.00
Haryana,PANIPAT,2012,Whole Year,Garlic,7.00,100.00
Haryana,PANIPAT,2012,Whole Year,Guar seed,155.00,101.00
Haryana,PANIPAT,2012,Whole Year,Onion,24.00,700.00
Haryana,PANIPAT,2012,Whole Year,Potato,178.00,3600.00
Haryana,PANIPAT,2012,Whole Year,Sugarcane,7067.00,647000.00
Haryana,PANIPAT,2012,Whole Year,Sweet potato,4.00,100.00
Haryana,PANIPAT,2012,Whole Year,Turmeric,4.00,4.00
Haryana,REWARI,1997,Kharif,Bajra,49000.00,53000.00
Haryana,REWARI,1997,Kharif,Jowar,1000.00,1000.00
Haryana,REWARI,1997,Kharif,Other Kharif pulses,1300.00,600.00
Haryana,REWARI,1997,Rabi,Barley,2000.00,5000.00
Haryana,REWARI,1997,Rabi,Gram,4000.00,3000.00
Haryana,REWARI,1997,Rabi,Wheat,45000.00,171000.00
Haryana,REWARI,1997,Whole Year,Cotton(lint),2000.00,3000.00
Haryana,REWARI,1998,Kharif,Arhar/Tur,417.00,200.00
Haryana,REWARI,1998,Kharif,Bajra,54879.00,60000.00
Haryana,REWARI,1998,Kharif,Cotton(lint),2523.00,3000.00
Haryana,REWARI,1998,Kharif,Groundnut,22.00,
Haryana,REWARI,1998,Kharif,Jowar,2209.00,
Haryana,REWARI,1998,Kharif,Moong(Green Gram),2.00,
Haryana,REWARI,1998,Kharif,Moth,1.00,
Haryana,REWARI,1998,Kharif,Rice,723.00,2000.00
Haryana,REWARI,1998,Kharif,Sesamum,212.00,100.00
Haryana,REWARI,1998,Rabi,Barley,1822.00,6000.00
Haryana,REWARI,1998,Rabi,Gram,4623.00,2000.00
Haryana,REWARI,1998,Rabi,Rapeseed &Mustard,59157.00,87000.00
Haryana,REWARI,1998,Rabi,Wheat,51579.00,203000.00
Haryana,REWARI,1998,Whole Year,Dry chillies,38.00,
Haryana,REWARI,1998,Whole Year,Onion,76.00,800.00
Haryana,REWARI,1998,Whole Year,Potato,15.00,200.00
Haryana,REWARI,1998,Whole Year,Sannhamp,20.00,
Haryana,REWARI,1998,Whole Year,Sugarcane,36.00,
Haryana,REWARI,1998,Whole Year,Sweet potato,3.00,
Haryana,REWARI,1999,Kharif,Arhar/Tur,277.00,100.00
Haryana,REWARI,1999,Kharif,Bajra,54299.00,56000.00
Haryana,REWARI,1999,Kharif,Cotton(lint),2364.00,3000.00
Haryana,REWARI,1999,Kharif,Groundnut,10.00,.00
Haryana,REWARI,1999,Kharif,Jowar,1662.00,1000.00
Haryana,REWARI,1999,Kharif,Maize,1.00,.00
Haryana,REWARI,1999,Kharif,Moong(Green Gram),2.00,.00
Haryana,REWARI,1999,Kharif,Moth,1.00,.00
Haryana,REWARI,1999,Kharif,Rice,1132.00,2000.00
Haryana,REWARI,1999,Kharif,Sesamum,318.00,.00
Haryana,REWARI,1999,Rabi,Barley,1674.00,7000.00
Haryana,REWARI,1999,Rabi,Gram,2108.00,2000.00
Haryana,REWARI,1999,Rabi,Peas & beans (Pulses),1.00,
Haryana,REWARI,1999,Rabi,Rapeseed &Mustard,60114.00,89000.00
Haryana,REWARI,1999,Rabi,Wheat,53873.00,216000.00
Haryana,REWARI,1999,Whole Year,Dry chillies,42.00,
Haryana,REWARI,1999,Whole Year,Onion,71.00,1000.00
Haryana,REWARI,1999,Whole Year,Potato,8.00,100.00
Haryana,REWARI,1999,Whole Year,Sugarcane,23.00,.00
Haryana,REWARI,2000,Kharif,Arhar/Tur,90.00,.00
Haryana,REWARI,2000,Kharif,Bajra,54421.00,59000.00
Haryana,REWARI,2000,Kharif,Cotton(lint),1628.00,5000.00
Haryana,REWARI,2000,Kharif,Groundnut,3.00,.00
Haryana,REWARI,2000,Kharif,Jowar,1168.00,600.00
Haryana,REWARI,2000,Kharif,Moong(Green Gram),9.00,.00
Haryana,REWARI,2000,Kharif,Rice,705.00,3000.00
Haryana,REWARI,2000,Kharif,Sesamum,312.00,.00
Haryana,REWARI,2000,Rabi,Barley,4443.00,15000.00
Haryana,REWARI,2000,Rabi,Gram,894.00,1000.00
Haryana,REWARI,2000,Rabi,Rapeseed &Mustard,54452.00,97000.00
Haryana,REWARI,2000,Rabi,Wheat,54781.00,228000.00
Haryana,REWARI,2000,Whole Year,Dry chillies,21.00,.00
Haryana,REWARI,2000,Whole Year,Onion,59.00,900.00
Haryana,REWARI,2000,Whole Year,Potato,3.00,
Haryana,REWARI,2000,Whole Year,Sannhamp,3.00,.00
Haryana,REWARI,2000,Whole Year,Sugarcane,21.00,
Haryana,REWARI,2000,Whole Year,Sweet potato,9.00,200.00
Haryana,REWARI,2001,Kharif,Arhar/Tur,84.00,.00
Haryana,REWARI,2001,Kharif,Bajra,58775.00,91000.00
Haryana,REWARI,2001,Kharif,Cotton(lint),1777.00,3000.00
Haryana,REWARI,2001,Kharif,Groundnut,18.00,.00
Haryana,REWARI,2001,Kharif,Jowar,1667.00,.00
Haryana,REWARI,2001,Kharif,Moong(Green Gram),3.00,.00
Haryana,REWARI,2001,Kharif,Rice,686.00,3000.00
Haryana,REWARI,2001,Kharif,Sesamum,463.00,100.00
Haryana,REWARI,2001,Kharif,Urad,1.00,.00
Haryana,REWARI,2001,Rabi,Barley,1416.00,3000.00
Haryana,REWARI,2001,Rabi,Gram,1052.00,1000.00
Haryana,REWARI,2001,Rabi,Peas & beans (Pulses),5.00,.00
Haryana,REWARI,2001,Rabi,Rapeseed &Mustard,66726.00,113000.00
Haryana,REWARI,2001,Rabi,Wheat,51182.00,210000.00
Haryana,REWARI,2001,Whole Year,Dry chillies,15.00,.00
Haryana,REWARI,2001,Whole Year,Onion,63.00,1200.00
Haryana,REWARI,2001,Whole Year,Potato,1.00,.00
Haryana,REWARI,2001,Whole Year,Sannhamp,10.00,.00
Haryana,REWARI,2001,Whole Year,Sugarcane,33.00,.00
Haryana,REWARI,2001,Whole Year,Sweet potato,2.00,.00
Haryana,REWARI,2002,Kharif,Arhar/Tur,78.00,.00
Haryana,REWARI,2002,Kharif,Bajra,38030.00,26000.00
Haryana,REWARI,2002,Kharif,Cotton(lint),2103.00,3000.00
Haryana,REWARI,2002,Kharif,Groundnut,47.00,.00
Haryana,REWARI,2002,Kharif,Jowar,1200.00,.00
Haryana,REWARI,2002,Kharif,Maize,1.00,.00
Haryana,REWARI,2002,Kharif,Moong(Green Gram),57.00,.00
Haryana,REWARI,2002,Kharif,Moth,2.00,.00
Haryana,REWARI,2002,Kharif,Rice,343.00,.00
Haryana,REWARI,2002,Kharif,Sesamum,657.00,100.00
Haryana,REWARI,2002,Rabi,Barley,1878.00,6000.00
Haryana,REWARI,2002,Rabi,Gram,304.00,.00
Haryana,REWARI,2002,Rabi,Rapeseed &Mustard,65696.00,86000.00
Haryana,REWARI,2002,Rabi,Wheat,46344.00,180000.00
Haryana,REWARI,2002,Whole Year,Onion,47.00,700.00
Haryana,REWARI,2002,Whole Year,Other Fresh Fruits,27.00,100.00
Haryana,REWARI,2002,Whole Year,Other Vegetables,604.00,4700.00
Haryana,REWARI,2002,Whole Year,Potato,6.00,200.00
Haryana,REWARI,2002,Whole Year,Sannhamp,11.00,.00
Haryana,REWARI,2002,Whole Year,Sugarcane,10.00,.00
Haryana,REWARI,2002,Whole Year,Sweet potato,1.00,.00
Haryana,REWARI,2003,Kharif,Arhar/Tur,54.00,100.00
Haryana,REWARI,2003,Kharif,Bajra,60559.00,101000.00
Haryana,REWARI,2003,Kharif,Cotton(lint),4318.00,12000.00
Haryana,REWARI,2003,Kharif,Groundnut,160.00,100.00
Haryana,REWARI,2003,Kharif,Jowar,2008.00,1000.00
Haryana,REWARI,2003,Kharif,Moong(Green Gram),31.00,.00
Haryana,REWARI,2003,Kharif,Moth,3.00,.00
Haryana,REWARI,2003,Kharif,Rice,621.00,3000.00
Haryana,REWARI,2003,Kharif,Sesamum,160.00,.00
Haryana,REWARI,2003,Rabi,Barley,1248.00,3000.00
Haryana,REWARI,2003,Rabi,Gram,1396.00,1000.00
Haryana,REWARI,2003,Rabi,Rapeseed &Mustard,65199.00,114000.00
Haryana,REWARI,2003,Rabi,Sunflower,14.00,.00
Haryana,REWARI,2003,Rabi,Wheat,49404.00,197000.00
Haryana,REWARI,2003,Whole Year,Dry chillies,18.00,
Haryana,REWARI,2003,Whole Year,Onion,101.00,1600.00
Haryana,REWARI,2003,Whole Year,Other Fresh Fruits,4.00,.00
Haryana,REWARI,2003,Whole Year,Other Vegetables,769.00,6000.00
Haryana,REWARI,2003,Whole Year,Sannhamp,11.00,.00
Haryana,REWARI,2003,Whole Year,Sugarcane,9.00,.00
Haryana,REWARI,2003,Whole Year,Sweet potato,1.00,.00
Haryana,REWARI,2004,Kharif,Arhar/Tur,122.00,100.00
Haryana,REWARI,2004,Kharif,Bajra,50379.00,78000.00
Haryana,REWARI,2004,Kharif,Cotton(lint),7794.00,27000.00
Haryana,REWARI,2004,Kharif,Groundnut,328.00,200.00
Haryana,REWARI,2004,Kharif,Jowar,1327.00,
Haryana,REWARI,2004,Kharif,Moong(Green Gram),17.00,
Haryana,REWARI,2004,Kharif,Moth,1.00,
Haryana,REWARI,2004,Kharif,Rice,475.00,3000.00
Haryana,REWARI,2004,Kharif,Sesamum,219.00,
Haryana,REWARI,2004,Rabi,Gram,208.00,1000.00
Haryana,REWARI,2004,Rabi,Peas & beans (Pulses),12.00,
Haryana,REWARI,2004,Rabi,Rapeseed &Mustard,71466.00,100000.00
Haryana,REWARI,2004,Rabi,Wheat,44854.00,186000.00
Haryana,REWARI,2004,Whole Year,Dry chillies,20.00,100.00
Haryana,REWARI,2004,Whole Year,Onion,11.00,200.00
Haryana,REWARI,2004,Whole Year,Sannhamp,16.00,
Haryana,REWARI,2004,Whole Year,Sugarcane,11.00,
Haryana,REWARI,2004,Whole Year,Sweet potato,3.00,100.00
Haryana,REWARI,2005,Kharif,Arhar/Tur,167.00,200.00
Haryana,REWARI,2005,Kharif,Bajra,55350.00,48000.00
Haryana,REWARI,2005,Kharif,Cotton(lint),5934.00,12000.00
Haryana,REWARI,2005,Kharif,Groundnut,224.00,100.00
Haryana,REWARI,2005,Kharif,Jowar,1665.00,1000.00
Haryana,REWARI,2005,Kharif,Maize,1.00,
Haryana,REWARI,2005,Kharif,Moong(Green Gram),6.00,
Haryana,REWARI,2005,Kharif,Rice,621.00,3000.00
Haryana,REWARI,2005,Kharif,Sesamum,329.00,100.00
Haryana,REWARI,2005,Rabi,Barley,769.00,3000.00
Haryana,REWARI,2005,Rabi,Gram,195.00,
Haryana,REWARI,2005,Rabi,Rapeseed &Mustard,74727.00,114100.00
Haryana,REWARI,2005,Rabi,Wheat,41050.00,172000.00
Haryana,REWARI,2005,Whole Year,Dry chillies,59.00,100.00
Haryana,REWARI,2005,Whole Year,Onion,171.00,2800.00
Haryana,REWARI,2005,Whole Year,Potato,5.00,
Haryana,REWARI,2005,Whole Year,Sannhamp,5.00,
Haryana,REWARI,2005,Whole Year,Sugarcane,5.00,
Haryana,REWARI,2006,Kharif,Arhar/Tur,163.00,200.00
Haryana,REWARI,2006,Kharif,Bajra,57639.00,82000.00
Haryana,REWARI,2006,Kharif,Cotton(lint),2886.00,6000.00
Haryana,REWARI,2006,Kharif,Groundnut,131.00,100.00
Haryana,REWARI,2006,Kharif,Jowar,2010.00,1000.00
Haryana,REWARI,2006,Kharif,Moong(Green Gram),13.00,
Haryana,REWARI,2006,Kharif,Rice,788.00,3000.00
Haryana,REWARI,2006,Kharif,Sesamum,145.00,
Haryana,REWARI,2006,Rabi,Barley,1799.00,6000.00
Haryana,REWARI,2006,Rabi,Gram,104.00,
Haryana,REWARI,2006,Rabi,Peas & beans (Pulses),20.00,
Haryana,REWARI,2006,Rabi,Rapeseed &Mustard,65854.00,96000.00
Haryana,REWARI,2006,Rabi,Wheat,51682.00,207000.00
Haryana,REWARI,2006,Whole Year,Dry chillies,19.00,
Haryana,REWARI,2006,Whole Year,Onion,79.00,1200.00
Haryana,REWARI,2006,Whole Year,Sannhamp,14.00,
Haryana,REWARI,2006,Whole Year,Sugarcane,9.00,
Haryana,REWARI,2006,Whole Year,Sweet potato,1.00,
Haryana,REWARI,2007,Kharif,Arhar/Tur,178.00,200.00
Haryana,REWARI,2007,Kharif,Bajra,64060.00,101000.00
Haryana,REWARI,2007,Kharif,Cotton(lint),1302.00,3000.00
Haryana,REWARI,2007,Kharif,Groundnut,82.00,100.00
Haryana,REWARI,2007,Kharif,Jowar,771.00,500.00
Haryana,REWARI,2007,Kharif,Moong(Green Gram),3.00,
Haryana,REWARI,2007,Kharif,Rice,820.00,3000.00
Haryana,REWARI,2007,Kharif,Sesamum,91.00,
Haryana,REWARI,2007,Rabi,Barley,1254.00,3000.00
Haryana,REWARI,2007,Rabi,Gram,197.00,
Haryana,REWARI,2007,Rabi,Peas & beans (Pulses),27.00,
Haryana,REWARI,2007,Rabi,Rapeseed &Mustard,64048.00,104000.00
Haryana,REWARI,2007,Rabi,Wheat,50899.00,205000.00
Haryana,REWARI,2007,Whole Year,Dry chillies,5.00,
Haryana,REWARI,2007,Whole Year,Onion,96.00,1700.00
Haryana,REWARI,2007,Whole Year,Sannhamp,8.00,
Haryana,REWARI,2007,Whole Year,Sugarcane,9.00,
Haryana,REWARI,2008,Kharif,Arhar/Tur,171.00,100.00
Haryana,REWARI,2008,Kharif,Bajra,62545.00,121000.00
Haryana,REWARI,2008,Kharif,Cotton(lint),1019.00,2000.00
Haryana,REWARI,2008,Kharif,Groundnut,89.00,
Haryana,REWARI,2008,Kharif,Jowar,484.00,1000.00
Haryana,REWARI,2008,Kharif,Maize,1.00,
Haryana,REWARI,2008,Kharif,Moong(Green Gram),6.00,
Haryana,REWARI,2008,Kharif,Moth,1.00,
Haryana,REWARI,2008,Kharif,Rice,2066.00,5000.00
Haryana,REWARI,2008,Kharif,Sesamum,153.00,
Haryana,REWARI,2008,Rabi,Barley,2109.00,7000.00
Haryana,REWARI,2008,Rabi,Gram,101.00,
Haryana,REWARI,2008,Rabi,Peas & beans (Pulses),224.00,100.00
Haryana,REWARI,2008,Rabi,Rapeseed &Mustard,65887.00,131000.00
Haryana,REWARI,2008,Rabi,Wheat,45797.00,208000.00
Haryana,REWARI,2008,Whole Year,Dry chillies,4.00,
Haryana,REWARI,2008,Whole Year,Onion,28.00,500.00
Haryana,REWARI,2008,Whole Year,Sannhamp,1.00,
Haryana,REWARI,2008,Whole Year,Sugarcane,23.00,
Haryana,REWARI,2009,Kharif,Arhar/Tur,71.00,100.00
Haryana,REWARI,2009,Kharif,Bajra,58603.00,97000.00
Haryana,REWARI,2009,Kharif,Cotton(lint),594.00,1000.00
Haryana,REWARI,2009,Kharif,Groundnut,78.00,100.00
Haryana,REWARI,2009,Kharif,Jowar,477.00,
Haryana,REWARI,2009,Kharif,Maize,2.00,
Haryana,REWARI,2009,Kharif,Moong(Green Gram),4.00,
Haryana,REWARI,2009,Kharif,Moth,2.00,
Haryana,REWARI,2009,Kharif,Rice,2079.00,5000.00
Haryana,REWARI,2009,Kharif,Sesamum,182.00,100.00
Haryana,REWARI,2009,Rabi,Barley,1682.00,7000.00
Haryana,REWARI,2009,Rabi,Gram,63.00,
Haryana,REWARI,2009,Rabi,Peas & beans (Pulses),489.00,300.00
Haryana,REWARI,2009,Rabi,Wheat,48607.00,220000.00
Haryana,REWARI,2009,Whole Year,Dry chillies,8.00,
Haryana,REWARI,2009,Whole Year,Onion,92.00,1800.00
Haryana,REWARI,2009,Whole Year,Sugarcane,26.00,
Haryana,REWARI,2010,Kharif,Arhar/Tur,464.00,400.00
Haryana,REWARI,2010,Kharif,Bajra,66706.00,126000.00
Haryana,REWARI,2010,Kharif,Castor seed,1.00,
Haryana,REWARI,2010,Kharif,Cotton(lint),478.00,3000.00
Haryana,REWARI,2010,Kharif,Groundnut,67.00,
Haryana,REWARI,2010,Kharif,Jowar,980.00,1000.00
Haryana,REWARI,2010,Kharif,Moong(Green Gram),13.00,
Haryana,REWARI,2010,Kharif,Rice,2746.00,8000.00
Haryana,REWARI,2010,Kharif,Sesamum,256.00,100.00
Haryana,REWARI,2010,Kharif,Urad,4.00,
Haryana,REWARI,2010,Rabi,Barley,1310.00,4000.00
Haryana,REWARI,2010,Rabi,Gram,73.00,
Haryana,REWARI,2010,Rabi,Peas & beans (Pulses),1612.00,800.00
Haryana,REWARI,2010,Rabi,Rapeseed &Mustard,62452.00,125000.00
Haryana,REWARI,2010,Rabi,Wheat,50513.00,243000.00
Haryana,REWARI,2010,Whole Year,Onion,140.00,2500.00
Haryana,REWARI,2010,Whole Year,Sugarcane,26.00,
Haryana,REWARI,2011,Kharif,Arhar/Tur,377.00,400.00
Haryana,REWARI,2011,Kharif,Bajra,62758.00,147000.00
Haryana,REWARI,2011,Kharif,Castor seed,1.00,
Haryana,REWARI,2011,Kharif,Cotton(lint),1074.00,2000.00
Haryana,REWARI,2011,Kharif,Groundnut,121.00,100.00
Haryana,REWARI,2011,Kharif,Jowar,921.00,1000.00
Haryana,REWARI,2011,Kharif,Moong(Green Gram),24.00,
Haryana,REWARI,2011,Kharif,Moth,26.00,
Haryana,REWARI,2011,Kharif,Rice,3298.00,9000.00
Haryana,REWARI,2011,Kharif,Sannhamp,1.00,
Haryana,REWARI,2011,Kharif,Sesamum,251.00,100.00
Haryana,REWARI,2011,Rabi,Barley,1865.00,8000.00
Haryana,REWARI,2011,Rabi,Gram,38.00,
Haryana,REWARI,2011,Rabi,Peas & beans (Pulses),328.00,200.00
Haryana,REWARI,2011,Rabi,Rapeseed &Mustard,64314.00,118000.00
Haryana,REWARI,2011,Rabi,Wheat,48291.00,240000.00
Haryana,REWARI,2011,Whole Year,Onion,178.00,2100.00
Haryana,REWARI,2011,Whole Year,Potato,14.00,100.00
Haryana,REWARI,2011,Whole Year,Sugarcane,51.00,
Haryana,REWARI,2011,Whole Year,Tobacco,10.00,
Haryana,REWARI,2012,Kharif,Arhar/Tur,183.00,178.00
Haryana,REWARI,2012,Kharif,Bajra,49474.00,98000.00
Haryana,REWARI,2012,Kharif,Cotton(lint),1788.00,6000.00
Haryana,REWARI,2012,Kharif,Groundnut,46.00,51.00
Haryana,REWARI,2012,Kharif,Jowar,264.00,
Haryana,REWARI,2012,Kharif,Moong(Green Gram),8.00,4.00
Haryana,REWARI,2012,Kharif,Rice,2008.00,7000.00
Haryana,REWARI,2012,Kharif,Sesamum,205.00,81.00
Haryana,REWARI,2012,Rabi,Barley,1805.00,7000.00
Haryana,REWARI,2012,Rabi,Gram,28.00,
Haryana,REWARI,2012,Rabi,Rapeseed &Mustard,67309.00,145000.00
Haryana,REWARI,2012,Rabi,Wheat,44652.00,222000.00
Haryana,REWARI,2012,Whole Year,Dry chillies,18.00,200.00
Haryana,REWARI,2012,Whole Year,Guar seed,9516.00,7137.00
Haryana,REWARI,2012,Whole Year,Onion,156.00,3500.00
Haryana,REWARI,2012,Whole Year,Sugarcane,29.00,
Haryana,ROHTAK,1997,Kharif,Bajra,19000.00,22000.00
Haryana,ROHTAK,1997,Kharif,Jowar,28000.00,6000.00
Haryana,ROHTAK,1997,Kharif,Other Kharif pulses,5500.00,4200.00
Haryana,ROHTAK,1997,Kharif,Rice,16000.00,29000.00
Haryana,ROHTAK,1997,Rabi,Barley,1000.00,1000.00
Haryana,ROHTAK,1997,Rabi,Gram,7000.00,5000.00
Haryana,ROHTAK,1997,Rabi,Other  Rabi pulses,1000.00,1000.00
Haryana,ROHTAK,1997,Rabi,Wheat,74000.00,245000.00
Haryana,ROHTAK,1997,Whole Year,Cotton(lint),6000.00,5000.00
Haryana,ROHTAK,1997,Whole Year,Sugarcane,12000.00,550000.00
Haryana,ROHTAK,1998,Kharif,Arhar/Tur,24.00,
Haryana,ROHTAK,1998,Kharif,Bajra,18761.00,21000.00
Haryana,ROHTAK,1998,Kharif,Cotton(lint),13312.00,16000.00
Haryana,ROHTAK,1998,Kharif,Jowar,28054.00,6000.00
Haryana,ROHTAK,1998,Kharif,Maize,142.00,
Haryana,ROHTAK,1998,Kharif,Moong(Green Gram),9.00,
Haryana,ROHTAK,1998,Kharif,Moth,86.00,
Haryana,ROHTAK,1998,Kharif,Rice,27522.00,53000.00
Haryana,ROHTAK,1998,Kharif,Sesamum,83.00,
Haryana,ROHTAK,1998,Kharif,Urad,4.00,
Haryana,ROHTAK,1998,Rabi,Barley,1653.00,4000.00
Haryana,ROHTAK,1998,Rabi,Gram,5252.00,3000.00
Haryana,ROHTAK,1998,Rabi,Masoor,3.00,
Haryana,ROHTAK,1998,Rabi,Peas & beans (Pulses),48.00,
Haryana,ROHTAK,1998,Rabi,Rapeseed &Mustard,11765.00,12000.00
Haryana,ROHTAK,1998,Rabi,Wheat,86345.00,327000.00
Haryana,ROHTAK,1998,Whole Year,Dry chillies,3.00,
Haryana,ROHTAK,1998,Whole Year,Onion,8.00,200.00
Haryana,ROHTAK,1998,Whole Year,Potato,210.00,3100.00
Haryana,ROHTAK,1998,Whole Year,Sannhamp,69.00,
Haryana,ROHTAK,1998,Whole Year,Sugarcane,12296.00,650000.00
Haryana,ROHTAK,1998,Whole Year,Sweet potato,5.00,100.00
Haryana,ROHTAK,1999,Kharif,Arhar/Tur,31.00,.00
Haryana,ROHTAK,1999,Kharif,Bajra,16938.00,14000.00
Haryana,ROHTAK,1999,Kharif,Cotton(lint),11525.00,21000.00
Haryana,ROHTAK,1999,Kharif,Jowar,25259.00,5000.00
Haryana,ROHTAK,1999,Kharif,Maize,814.00,2000.00
Haryana,ROHTAK,1999,Kharif,Moong(Green Gram),1.00,.00
Haryana,ROHTAK,1999,Kharif,Moth,2.00,.00
Haryana,ROHTAK,1999,Kharif,Rice,28515.00,26000.00
Haryana,ROHTAK,1999,Kharif,Sesamum,135.00,.00
Haryana,ROHTAK,1999,Rabi,Barley,1722.00,2000.00
Haryana,ROHTAK,1999,Rabi,Gram,2672.00,2000.00
Haryana,ROHTAK,1999,Rabi,Masoor,2.00,
Haryana,ROHTAK,1999,Rabi,Peas & beans (Pulses),7.00,.00
Haryana,ROHTAK,1999,Rabi,Rapeseed &Mustard,10182.00,10000.00
Haryana,ROHTAK,1999,Rabi,Wheat,92025.00,363000.00
Haryana,ROHTAK,1999,Whole Year,Dry chillies,9.00,
Haryana,ROHTAK,1999,Whole Year,Onion,30.00,400.00
Haryana,ROHTAK,1999,Whole Year,Potato,235.00,3800.00
Haryana,ROHTAK,1999,Whole Year,Sugarcane,12769.00,540000.00
Haryana,ROHTAK,2000,Kharif,Arhar/Tur,3775.00,2400.00
Haryana,ROHTAK,2000,Kharif,Bajra,17439.00,27000.00
Haryana,ROHTAK,2000,Kharif,Cotton(lint),12825.00,15000.00
Haryana,ROHTAK,2000,Kharif,Jowar,25421.00,5800.00
Haryana,ROHTAK,2000,Kharif,Maize,21.00,.00
Haryana,ROHTAK,2000,Kharif,Moong(Green Gram),19.00,.00
Haryana,ROHTAK,2000,Kharif,Rice,23863.00,36000.00
Haryana,ROHTAK,2000,Kharif,Sesamum,79.00,.00
Haryana,ROHTAK,2000,Rabi,Barley,1955.00,5000.00
Haryana,ROHTAK,2000,Rabi,Gram,2393.00,2000.00
Haryana,ROHTAK,2000,Rabi,Peas & beans (Pulses),20.00,.00
Haryana,ROHTAK,2000,Rabi,Rapeseed &Mustard,10856.00,14000.00
Haryana,ROHTAK,2000,Rabi,Wheat,91678.00,352000.00
Haryana,ROHTAK,2000,Whole Year,Dry chillies,3.00,.00
Haryana,ROHTAK,2000,Whole Year,Garlic,3.00,.00
Haryana,ROHTAK,2000,Whole Year,Onion,18.00,400.00
Haryana,ROHTAK,2000,Whole Year,Potato,249.00,4000.00
Haryana,ROHTAK,2000,Whole Year,Sannhamp,96.00,.00
Haryana,ROHTAK,2000,Whole Year,Sugarcane,13531.00,680000.00
Haryana,ROHTAK,2001,Kharif,Arhar/Tur,5528.00,3800.00
Haryana,ROHTAK,2001,Kharif,Bajra,17245.00,22000.00
Haryana,ROHTAK,2001,Kharif,Cotton(lint),13729.00,10000.00
Haryana,ROHTAK,2001,Kharif,Horse-gram,3.00,.00
Haryana,ROHTAK,2001,Kharif,Jowar,25814.00,5000.00
Haryana,ROHTAK,2001,Kharif,Maize,58.00,.00
Haryana,ROHTAK,2001,Kharif,Moong(Green Gram),13.00,.00
Haryana,ROHTAK,2001,Kharif,Rice,20034.00,27000.00
Haryana,ROHTAK,2001,Kharif,Sesamum,83.00,.00
Haryana,ROHTAK,2001,Kharif,Urad,20.00,.00
Haryana,ROHTAK,2001,Rabi,Barley,1918.00,6000.00
Haryana,ROHTAK,2001,Rabi,Gram,2631.00,2000.00
Haryana,ROHTAK,2001,Rabi,Masoor,1400.00,1000.00
Haryana,ROHTAK,2001,Rabi,Peas & beans (Pulses),21.00,.00
Haryana,ROHTAK,2001,Rabi,Rapeseed &Mustard,14167.00,21000.00
Haryana,ROHTAK,2001,Rabi,Wheat,91826.00,353000.00
Haryana,ROHTAK,2001,Whole Year,Dry chillies,8.00,.00
Haryana,ROHTAK,2001,Whole Year,Potato,309.00,5600.00
Haryana,ROHTAK,2001,Whole Year,Sannhamp,130.00,100.00
Haryana,ROHTAK,2001,Whole Year,Sugarcane,15224.00,820000.00
Haryana,ROHTAK,2002,Kharif,Arhar/Tur,12701.00,800.00
Haryana,ROHTAK,2002,Kharif,Bajra,15455.00,15000.00
Haryana,ROHTAK,2002,Kharif,Cotton(lint),13675.00,17000.00
Haryana,ROHTAK,2002,Kharif,Jowar,24295.00,5000.00
Haryana,ROHTAK,2002,Kharif,Maize,32.00,.00
Haryana,ROHTAK,2002,Kharif,Moong(Green Gram),53.00,.00
Haryana,ROHTAK,2002,Kharif,Moth,11534.00,.00
Haryana,ROHTAK,2002,Kharif,Rice,7412.00,8000.00
Haryana,ROHTAK,2002,Kharif,Sesamum,241.00,.00
Haryana,ROHTAK,2002,Kharif,Urad,1.00,.00
Haryana,ROHTAK,2002,Rabi,Barley,1349.00,2000.00
Haryana,ROHTAK,2002,Rabi,Gram,2254.00,2000.00
Haryana,ROHTAK,2002,Rabi,Masoor,4.00,.00
Haryana,ROHTAK,2002,Rabi,Rapeseed &Mustard,16427.00,18000.00
Haryana,ROHTAK,2002,Rabi,Wheat,88669.00,353000.00
Haryana,ROHTAK,2002,Whole Year,Onion,14.00,300.00
Haryana,ROHTAK,2002,Whole Year,Other Fresh Fruits,521.00,3100.00
Haryana,ROHTAK,2002,Whole Year,Other Vegetables,930.00,8800.00
Haryana,ROHTAK,2002,Whole Year,Potato,229.00,3600.00
Haryana,ROHTAK,2002,Whole Year,Sannhamp,274.00,100.00
Haryana,ROHTAK,2002,Whole Year,Sugarcane,19848.00,970000.00
Haryana,ROHTAK,2003,Kharif,Arhar/Tur,8565.00,10900.00
Haryana,ROHTAK,2003,Kharif,Bajra,16080.00,30000.00
Haryana,ROHTAK,2003,Kharif,Cotton(lint),11472.00,20000.00
Haryana,ROHTAK,2003,Kharif,Jowar,25371.00,6000.00
Haryana,ROHTAK,2003,Kharif,Maize,14.00,.00
Haryana,ROHTAK,2003,Kharif,Moong(Green Gram),107.00,.00
Haryana,ROHTAK,2003,Kharif,Rice,13859.00,21000.00
Haryana,ROHTAK,2003,Kharif,Sesamum,151.00,.00
Haryana,ROHTAK,2003,Kharif,Urad,21.00,.00
Haryana,ROHTAK,2003,Rabi,Barley,1628.00,5000.00
Haryana,ROHTAK,2003,Rabi,Gram,1937.00,2000.00
Haryana,ROHTAK,2003,Rabi,Masoor,3.00,.00
Haryana,ROHTAK,2003,Rabi,Rapeseed &Mustard,19576.00,31000.00
Haryana,ROHTAK,2003,Rabi,Sunflower,3.00,.00
Haryana,ROHTAK,2003,Rabi,Wheat,88426.00,337000.00
Haryana,ROHTAK,2003,Whole Year,Onion,16.00,300.00
Haryana,ROHTAK,2003,Whole Year,Other Fresh Fruits,550.00,3600.00
Haryana,ROHTAK,2003,Whole Year,Other Vegetables,732.00,6900.00
Haryana,ROHTAK,2003,Whole Year,Potato,228.00,3600.00
Haryana,ROHTAK,2003,Whole Year,Sannhamp,178.00,100.00
Haryana,ROHTAK,2003,Whole Year,Sugarcane,18112.00,980000.00
Haryana,ROHTAK,2004,Kharif,Arhar/Tur,10467.00,11500.00
Haryana,ROHTAK,2004,Kharif,Bajra,13946.00,25000.00
Haryana,ROHTAK,2004,Kharif,Cotton(lint),13053.00,23000.00
Haryana,ROHTAK,2004,Kharif,Jowar,24520.00,7000.00
Haryana,ROHTAK,2004,Kharif,Maize,44.00,
Haryana,ROHTAK,2004,Kharif,Moong(Green Gram),214.00,
Haryana,ROHTAK,2004,Kharif,Rice,15014.00,26000.00
Haryana,ROHTAK,2004,Kharif,Sesamum,73.00,
Haryana,ROHTAK,2004,Kharif,Urad,16.00,
Haryana,ROHTAK,2004,Rabi,Barley,1125.00,2000.00
Haryana,ROHTAK,2004,Rabi,Gram,1353.00,1000.00
Haryana,ROHTAK,2004,Rabi,Masoor,1.00,
Haryana,ROHTAK,2004,Rabi,Rapeseed &Mustard,26922.00,30000.00
Haryana,ROHTAK,2004,Rabi,Wheat,87386.00,320000.00
Haryana,ROHTAK,2004,Whole Year,Dry chillies,10.00,
Haryana,ROHTAK,2004,Whole Year,Onion,15.00,300.00
Haryana,ROHTAK,2004,Whole Year,Sannhamp,155.00,100.00
Haryana,ROHTAK,2004,Whole Year,Sugarcane,15241.00,630000.00
Haryana,ROHTAK,2005,Kharif,Arhar/Tur,10838.00,4600.00
Haryana,ROHTAK,2005,Kharif,Bajra,14335.00,20000.00
Haryana,ROHTAK,2005,Kharif,Cotton(lint),12854.00,23000.00
Haryana,ROHTAK,2005,Kharif,Jowar,23584.00,7000.00
Haryana,ROHTAK,2005,Kharif,Maize,81.00,
Haryana,ROHTAK,2005,Kharif,Moong(Green Gram),70.00,
Haryana,ROHTAK,2005,Kharif,Rice,18006.00,36000.00
Haryana,ROHTAK,2005,Kharif,Sesamum,49.00,
Haryana,ROHTAK,2005,Rabi,Barley,930.00,2000.00
Haryana,ROHTAK,2005,Rabi,Gram,1548.00,2000.00
Haryana,ROHTAK,2005,Rabi,Masoor,4.00,
Haryana,ROHTAK,2005,Rabi,Rapeseed &Mustard,28705.00,27100.00
Haryana,ROHTAK,2005,Rabi,Wheat,87898.00,303000.00
Haryana,ROHTAK,2005,Whole Year,Sannhamp,112.00,
Haryana,ROHTAK,2005,Whole Year,Sugarcane,11877.00,620000.00
Haryana,ROHTAK,2006,Kharif,Arhar/Tur,10798.00,11900.00
Haryana,ROHTAK,2006,Kharif,Bajra,17392.00,36000.00
Haryana,ROHTAK,2006,Kharif,Cotton(lint),8702.00,22000.00
Haryana,ROHTAK,2006,Kharif,Jowar,23524.00,7000.00
Haryana,ROHTAK,2006,Kharif,Maize,169.00,
Haryana,ROHTAK,2006,Kharif,Moong(Green Gram),30.00,
Haryana,ROHTAK,2006,Kharif,Rice,20185.00,37000.00
Haryana,ROHTAK,2006,Kharif,Sesamum,96.00,
Haryana,ROHTAK,2006,Kharif,Urad,6.00,
Haryana,ROHTAK,2006,Rabi,Barley,1035.00,2000.00
Haryana,ROHTAK,2006,Rabi,Gram,982.00,1000.00
Haryana,ROHTAK,2006,Rabi,Rapeseed &Mustard,19448.00,27000.00
Haryana,ROHTAK,2006,Rabi,Wheat,94720.00,376000.00
Haryana,ROHTAK,2006,Whole Year,Onion,24.00,400.00
Haryana,ROHTAK,2006,Whole Year,Sannhamp,87.00,100.00
Haryana,ROHTAK,2006,Whole Year,Sugarcane,12691.00,838000.00
Haryana,ROHTAK,2007,Kharif,Arhar/Tur,9239.00,10100.00
Haryana,ROHTAK,2007,Kharif,Bajra,19137.00,43000.00
Haryana,ROHTAK,2007,Kharif,Cotton(lint),7762.00,21000.00
Haryana,ROHTAK,2007,Kharif,Jowar,23208.00,10000.00
Haryana,ROHTAK,2007,Kharif,Maize,34.00,
Haryana,ROHTAK,2007,Kharif,Moong(Green Gram),57.00,
Haryana,ROHTAK,2007,Kharif,Moth,6.00,
Haryana,ROHTAK,2007,Kharif,Rice,23167.00,52000.00
Haryana,ROHTAK,2007,Kharif,Sesamum,68.00,
Haryana,ROHTAK,2007,Kharif,Urad,7.00,
Haryana,ROHTAK,2007,Rabi,Barley,822.00,3000.00
Haryana,ROHTAK,2007,Rabi,Gram,636.00,1000.00
Haryana,ROHTAK,2007,Rabi,Rapeseed &Mustard,13512.00,14000.00
Haryana,ROHTAK,2007,Rabi,Wheat,98690.00,347000.00
Haryana,ROHTAK,2007,Whole Year,Onion,10.00,200.00
Haryana,ROHTAK,2007,Whole Year,Sannhamp,117.00,100.00
Haryana,ROHTAK,2007,Whole Year,Sugarcane,12341.00,850000.00
Haryana,ROHTAK,2008,Kharif,Arhar/Tur,10748.00,11800.00
Haryana,ROHTAK,2008,Kharif,Bajra,20723.00,37000.00
Haryana,ROHTAK,2008,Kharif,Cotton(lint),6527.00,16000.00
Haryana,ROHTAK,2008,Kharif,Jowar,20884.00,10000.00
Haryana,ROHTAK,2008,Kharif,Maize,65.00,200.00
Haryana,ROHTAK,2008,Kharif,Rice,38439.00,48000.00
Haryana,ROHTAK,2008,Kharif,Sesamum,64.00,
Haryana,ROHTAK,2008,Kharif,Urad,53.00,
Haryana,ROHTAK,2008,Rabi,Barley,1317.00,2000.00
Haryana,ROHTAK,2008,Rabi,Gram,895.00,1000.00
Haryana,ROHTAK,2008,Rabi,Rapeseed &Mustard,13649.00,21000.00
Haryana,ROHTAK,2008,Rabi,Wheat,103232.00,448000.00
Haryana,ROHTAK,2008,Whole Year,Coriander,6.00,
Haryana,ROHTAK,2008,Whole Year,Sannhamp,62.00,100.00
Haryana,ROHTAK,2008,Whole Year,Sugarcane,7145.00,384000.00
Haryana,ROHTAK,2009,Kharif,Arhar/Tur,5945.00,6800.00
Haryana,ROHTAK,2009,Kharif,Bajra,20053.00,31000.00
Haryana,ROHTAK,2009,Kharif,Cotton(lint),7836.00,17000.00
Haryana,ROHTAK,2009,Kharif,Jowar,21024.00,100.00
Haryana,ROHTAK,2009,Kharif,Maize,980.00,2000.00
Haryana,ROHTAK,2009,Kharif,Moong(Green Gram),8.00,
Haryana,ROHTAK,2009,Kharif,Rice,35056.00,50000.00
Haryana,ROHTAK,2009,Kharif,Sesamum,57.00,
Haryana,ROHTAK,2009,Rabi,Barley,1429.00,3000.00
Haryana,ROHTAK,2009,Rabi,Gram,934.00,1000.00
Haryana,ROHTAK,2009,Rabi,Peas & beans (Pulses),15.00,
Haryana,ROHTAK,2009,Rabi,Wheat,103726.00,422000.00
Haryana,ROHTAK,2009,Whole Year,Coriander,2.00,
Haryana,ROHTAK,2009,Whole Year,Onion,13.00,200.00
Haryana,ROHTAK,2009,Whole Year,Sugarcane,4291.00,238000.00
Haryana,ROHTAK,2010,Kharif,Arhar/Tur,6953.00,8000.00
Haryana,ROHTAK,2010,Kharif,Bajra,22753.00,32000.00
Haryana,ROHTAK,2010,Kharif,Cotton(lint),7197.00,13000.00
Haryana,ROHTAK,2010,Kharif,Jowar,19997.00,10000.00
Haryana,ROHTAK,2010,Kharif,Maize,700.00,2000.00
Haryana,ROHTAK,2010,Kharif,Moong(Green Gram),106.00,
Haryana,ROHTAK,2010,Kharif,Rice,39340.00,59000.00
Haryana,ROHTAK,2010,Kharif,Sesamum,90.00,
Haryana,ROHTAK,2010,Kharif,Urad,2.00,
Haryana,ROHTAK,2010,Rabi,Barley,1497.00,3000.00
Haryana,ROHTAK,2010,Rabi,Gram,1036.00,1000.00
Haryana,ROHTAK,2010,Rabi,Peas & beans (Pulses),8.00,
Haryana,ROHTAK,2010,Rabi,Rapeseed &Mustard,13706.00,22000.00
Haryana,ROHTAK,2010,Rabi,Wheat,101635.00,464000.00
Haryana,ROHTAK,2010,Whole Year,Coriander,1.00,
Haryana,ROHTAK,2010,Whole Year,Sannhamp,27.00,
Haryana,ROHTAK,2010,Whole Year,Sugarcane,5961.00,40000.00
Haryana,ROHTAK,2011,Kharif,Arhar/Tur,4670.00,5400.00
Haryana,ROHTAK,2011,Kharif,Bajra,20281.00,39000.00
Haryana,ROHTAK,2011,Kharif,Cotton(lint),9869.00,37000.00
Haryana,ROHTAK,2011,Kharif,Jowar,19549.00,10000.00
Haryana,ROHTAK,2011,Kharif,Jute,652.00,
Haryana,ROHTAK,2011,Kharif,Maize,688.00,3000.00
Haryana,ROHTAK,2011,Kharif,Moong(Green Gram),52.00,
Haryana,ROHTAK,2011,Kharif,Rice,39260.00,84000.00
Haryana,ROHTAK,2011,Kharif,Sannhamp,30.00,
Haryana,ROHTAK,2011,Kharif,Sesamum,71.00,
Haryana,ROHTAK,2011,Kharif,Urad,3.00,
Haryana,ROHTAK,2011,Rabi,Barley,1586.00,6000.00
Haryana,ROHTAK,2011,Rabi,Gram,863.00,1000.00
Haryana,ROHTAK,2011,Rabi,Rapeseed &Mustard,13055.00,20000.00
Haryana,ROHTAK,2011,Rabi,Wheat,102483.00,512000.00
Haryana,ROHTAK,2011,Whole Year,Coriander,1.00,
Haryana,ROHTAK,2011,Whole Year,Sugarcane,7973.00,56000.00
Haryana,ROHTAK,2012,Kharif,Arhar/Tur,3252.00,3361.00
Haryana,ROHTAK,2012,Kharif,Bajra,16545.00,29000.00
Haryana,ROHTAK,2012,Kharif,Cotton(lint),10757.00,35000.00
Haryana,ROHTAK,2012,Kharif,Jowar,17781.00,8500.00
Haryana,ROHTAK,2012,Kharif,Maize,839.00,3000.00
Haryana,ROHTAK,2012,Kharif,Moong(Green Gram),40.00,17.00
Haryana,ROHTAK,2012,Kharif,Rice,36432.00,55000.00
Haryana,ROHTAK,2012,Kharif,Sannhamp,38.00,13.00
Haryana,ROHTAK,2012,Kharif,Sesamum,37.00,11.00
Haryana,ROHTAK,2012,Rabi,Barley,3435.00,11000.00
Haryana,ROHTAK,2012,Rabi,Gram,575.00,1000.00
Haryana,ROHTAK,2012,Rabi,Rapeseed &Mustard,13631.00,20000.00
Haryana,ROHTAK,2012,Rabi,Wheat,104032.00,389000.00
Haryana,ROHTAK,2012,Whole Year,Guar seed,2700.00,1620.00
Haryana,ROHTAK,2012,Whole Year,Potato,96.00,2200.00
Haryana,ROHTAK,2012,Whole Year,Sugarcane,8974.00,539000.00
Haryana,SIRSA,1997,Kharif,Bajra,4000.00,4000.00
Haryana,SIRSA,1997,Kharif,Other Kharif pulses,2500.00,1200.00
Haryana,SIRSA,1997,Kharif,Rice,32000.00,107000.00
Haryana,SIRSA,1997,Rabi,Barley,10000.00,35000.00
Haryana,SIRSA,1997,Rabi,Gram,42000.00,37000.00
Haryana,SIRSA,1997,Rabi,Wheat,215000.00,842000.00
Haryana,SIRSA,1997,Whole Year,Cotton(lint),225000.00,394000.00
Haryana,SIRSA,1998,Kharif,Arhar/Tur,32.00,
Haryana,SIRSA,1998,Kharif,Bajra,4807.00,6000.00
Haryana,SIRSA,1998,Kharif,Cotton(lint),211952.00,309000.00
Haryana,SIRSA,1998,Kharif,Groundnut,257.00,200.00
Haryana,SIRSA,1998,Kharif,Moong(Green Gram),3582.00,900.00
Haryana,SIRSA,1998,Kharif,Moth,22.00,
Haryana,SIRSA,1998,Kharif,Rice,41353.00,101000.00
Haryana,SIRSA,1998,Kharif,Sesamum,517.00,300.00
Haryana,SIRSA,1998,Rabi,Barley,8166.00,23000.00
Haryana,SIRSA,1998,Rabi,Gram,47271.00,42000.00
Haryana,SIRSA,1998,Rabi,Masoor,22.00,
Haryana,SIRSA,1998,Rabi,Rapeseed &Mustard,53345.00,55000.00
Haryana,SIRSA,1998,Rabi,Sunflower,9.00,
Haryana,SIRSA,1998,Rabi,Wheat,230588.00,981000.00
Haryana,SIRSA,1998,Whole Year,Dry chillies,74.00,100.00
Haryana,SIRSA,1998,Whole Year,Onion,2.00,
Haryana,SIRSA,1998,Whole Year,Potato,8.00,100.00
Haryana,SIRSA,1998,Whole Year,Sannhamp,7.00,
Haryana,SIRSA,1998,Whole Year,Sugarcane,282.00,
Haryana,SIRSA,1999,Kharif,Arhar/Tur,16.00,.00
Haryana,SIRSA,1999,Kharif,Bajra,2871.00,4000.00
Haryana,SIRSA,1999,Kharif,Cotton(lint),204127.00,472000.00
Haryana,SIRSA,1999,Kharif,Groundnut,208.00,200.00
Haryana,SIRSA,1999,Kharif,Maize,1.00,.00
Haryana,SIRSA,1999,Kharif,Moong(Green Gram),2250.00,400.00
Haryana,SIRSA,1999,Kharif,Moth,54.00,.00
Haryana,SIRSA,1999,Kharif,Rice,44663.00,135000.00
Haryana,SIRSA,1999,Kharif,Sesamum,1248.00,.00
Haryana,SIRSA,1999,Rabi,Barley,6583.00,25000.00
Haryana,SIRSA,1999,Rabi,Gram,12770.00,8000.00
Haryana,SIRSA,1999,Rabi,Masoor,41.00,
Haryana,SIRSA,1999,Rabi,Rapeseed &Mustard,41075.00,45000.00
Haryana,SIRSA,1999,Rabi,Wheat,235592.00,1011000.00
Haryana,SIRSA,1999,Whole Year,Dry chillies,101.00,100.00
Haryana,SIRSA,1999,Whole Year,Onion,4.00,100.00
Haryana,SIRSA,1999,Whole Year,Potato,33.00,500.00
Haryana,SIRSA,1999,Whole Year,Sugarcane,360.00,.00
Haryana,SIRSA,2000,Kharif,Bajra,2947.00,3000.00
Haryana,SIRSA,2000,Kharif,Cotton(lint),199970.00,164700.00
Haryana,SIRSA,2000,Kharif,Groundnut,128.00,100.00
Haryana,SIRSA,2000,Kharif,Maize,3.00,.00
Haryana,SIRSA,2000,Kharif,Moong(Green Gram),1389.00,300.00
Haryana,SIRSA,2000,Kharif,Moth,59.00,.00
Haryana,SIRSA,2000,Kharif,Rice,39847.00,111000.00
Haryana,SIRSA,2000,Kharif,Sesamum,609.00,500.00
Haryana,SIRSA,2000,Rabi,Barley,8953.00,18000.00
Haryana,SIRSA,2000,Rabi,Gram,7316.00,6000.00
Haryana,SIRSA,2000,Rabi,Masoor,33.00,.00
Haryana,SIRSA,2000,Rabi,Rapeseed &Mustard,36675.00,50000.00
Haryana,SIRSA,2000,Rabi,Wheat,244268.00,1015000.00
Haryana,SIRSA,2000,Whole Year,Dry chillies,50.00,100.00
Haryana,SIRSA,2000,Whole Year,Garlic,27.00,300.00
Haryana,SIRSA,2000,Whole Year,Onion,17.00,300.00
Haryana,SIRSA,2000,Whole Year,Potato,24.00,400.00
Haryana,SIRSA,2000,Whole Year,Sannhamp,2.00,.00
Haryana,SIRSA,2000,Whole Year,Sugarcane,705.00,60000.00
Haryana,SIRSA,2001,Kharif,Arhar/Tur,90.00,100.00
Haryana,SIRSA,2001,Kharif,Bajra,3393.00,5000.00
Haryana,SIRSA,2001,Kharif,Cotton(lint),215369.00,232000.00
Haryana,SIRSA,2001,Kharif,Groundnut,113.00,100.00
Haryana,SIRSA,2001,Kharif,Maize,1.00,.00
Haryana,SIRSA,2001,Kharif,Moong(Green Gram),2000.00,500.00
Haryana,SIRSA,2001,Kharif,Moth,967.00,100.00
Haryana,SIRSA,2001,Kharif,Rice,37202.00,118000.00
Haryana,SIRSA,2001,Kharif,Sesamum,781.00,400.00
Haryana,SIRSA,2001,Rabi,Barley,5532.00,16000.00
Haryana,SIRSA,2001,Rabi,Gram,15877.00,14000.00
Haryana,SIRSA,2001,Rabi,Masoor,25.00,.00
Haryana,SIRSA,2001,Rabi,Rapeseed &Mustard,50829.00,77000.00
Haryana,SIRSA,2001,Rabi,Wheat,241659.00,1005000.00
Haryana,SIRSA,2001,Whole Year,Dry chillies,24.00,.00
Haryana,SIRSA,2001,Whole Year,Garlic,9.00,100.00
Haryana,SIRSA,2001,Whole Year,Onion,1.00,.00
Haryana,SIRSA,2001,Whole Year,Potato,20.00,300.00
Haryana,SIRSA,2001,Whole Year,Sugarcane,1595.00,110000.00
Haryana,SIRSA,2002,Kharif,Arhar/Tur,59.00,
Haryana,SIRSA,2002,Kharif,Bajra,5850.00,5000.00
Haryana,SIRSA,2002,Kharif,Cotton(lint),166003.00,368000.00
Haryana,SIRSA,2002,Kharif,Groundnut,1378.00,1100.00
Haryana,SIRSA,2002,Kharif,Moong(Green Gram),1838.00,500.00
Haryana,SIRSA,2002,Kharif,Moth,3555.00,600.00
Haryana,SIRSA,2002,Kharif,Rice,45158.00,145000.00
Haryana,SIRSA,2002,Kharif,Sesamum,3255.00,2100.00
Haryana,SIRSA,2002,Kharif,Urad,1.00,.00
Haryana,SIRSA,2002,Rabi,Barley,5717.00,15000.00
Haryana,SIRSA,2002,Rabi,Gram,6692.00,6000.00
Haryana,SIRSA,2002,Rabi,Masoor,47.00,100.00
Haryana,SIRSA,2002,Rabi,Rapeseed &Mustard,98089.00,98000.00
Haryana,SIRSA,2002,Rabi,Wheat,228729.00,920000.00
Haryana,SIRSA,2002,Whole Year,Onion,2.00,.00
Haryana,SIRSA,2002,Whole Year,Other Fresh Fruits,2362.00,22400.00
Haryana,SIRSA,2002,Whole Year,Other Vegetables,1954.00,13500.00
Haryana,SIRSA,2002,Whole Year,Sugarcane,6146.00,340000.00
Haryana,SIRSA,2003,Kharif,Arhar/Tur,122.00,100.00
Haryana,SIRSA,2003,Kharif,Bajra,8177.00,15000.00
Haryana,SIRSA,2003,Kharif,Cotton(lint),163128.00,488000.00
Haryana,SIRSA,2003,Kharif,Groundnut,599.00,500.00
Haryana,SIRSA,2003,Kharif,Maize,2.00,.00
Haryana,SIRSA,2003,Kharif,Moong(Green Gram),2844.00,800.00
Haryana,SIRSA,2003,Kharif,Moth,4932.00,500.00
Haryana,SIRSA,2003,Kharif,Rice,47696.00,156000.00
Haryana,SIRSA,2003,Kharif,Sesamum,704.00,400.00
Haryana,SIRSA,2003,Rabi,Barley,4940.00,13000.00
Haryana,SIRSA,2003,Rabi,Gram,18409.00,14000.00
Haryana,SIRSA,2003,Rabi,Masoor,9.00,.00
Haryana,SIRSA,2003,Rabi,Rapeseed &Mustard,67318.00,102000.00
Haryana,SIRSA,2003,Rabi,Wheat,243982.00,1005000.00
Haryana,SIRSA,2003,Whole Year,Dry chillies,12.00,.00
Haryana,SIRSA,2003,Whole Year,Onion,4.00,100.00
Haryana,SIRSA,2003,Whole Year,Other Fresh Fruits,2725.00,11400.00
Haryana,SIRSA,2003,Whole Year,Other Vegetables,1614.00,11100.00
Haryana,SIRSA,2003,Whole Year,Potato,45.00,1200.00
Haryana,SIRSA,2003,Whole Year,Sannhamp,3.00,.00
Haryana,SIRSA,2003,Whole Year,Sugarcane,1348.00,60000.00
Haryana,SIRSA,2004,Kharif,Arhar/Tur,76.00,100.00
Haryana,SIRSA,2004,Kharif,Bajra,5785.00,8000.00
Haryana,SIRSA,2004,Kharif,Cotton(lint),198560.00,763000.00
Haryana,SIRSA,2004,Kharif,Groundnut,457.00,400.00
Haryana,SIRSA,2004,Kharif,Maize,1.00,
Haryana,SIRSA,2004,Kharif,Moong(Green Gram),1448.00,600.00
Haryana,SIRSA,2004,Kharif,Moth,2443.00,400.00
Haryana,SIRSA,2004,Kharif,Rice,45729.00,157000.00
Haryana,SIRSA,2004,Kharif,Sesamum,858.00,400.00
Haryana,SIRSA,2004,Rabi,Barley,3893.00,12000.00
Haryana,SIRSA,2004,Rabi,Gram,9761.00,10000.00
Haryana,SIRSA,2004,Rabi,Masoor,11.00,
Haryana,SIRSA,2004,Rabi,Rapeseed &Mustard,80652.00,93000.00
Haryana,SIRSA,2004,Rabi,Wheat,247920.00,970000.00
Haryana,SIRSA,2004,Whole Year,Dry chillies,16.00,100.00
Haryana,SIRSA,2004,Whole Year,Onion,10.00,200.00
Haryana,SIRSA,2004,Whole Year,Sugarcane,216.00,
Haryana,SIRSA,2005,Kharif,Arhar/Tur,14.00,
Haryana,SIRSA,2005,Kharif,Bajra,4866.00,8000.00
Haryana,SIRSA,2005,Kharif,Cotton(lint),193063.00,581000.00
Haryana,SIRSA,2005,Kharif,Groundnut,510.00,400.00
Haryana,SIRSA,2005,Kharif,Jowar,26.00,
Haryana,SIRSA,2005,Kharif,Maize,7.00,
Haryana,SIRSA,2005,Kharif,Moong(Green Gram),1590.00,700.00
Haryana,SIRSA,2005,Kharif,Moth,1347.00,300.00
Haryana,SIRSA,2005,Kharif,Rice,46036.00,166000.00
Haryana,SIRSA,2005,Kharif,Sesamum,1048.00,500.00
Haryana,SIRSA,2005,Rabi,Barley,5464.00,13000.00
Haryana,SIRSA,2005,Rabi,Gram,9406.00,5000.00
Haryana,SIRSA,2005,Rabi,Masoor,10.00,
Haryana,SIRSA,2005,Rabi,Rapeseed &Mustard,74343.00,90400.00
Haryana,SIRSA,2005,Rabi,Wheat,250835.00,861000.00
Haryana,SIRSA,2005,Whole Year,Dry chillies,21.00,
Haryana,SIRSA,2005,Whole Year,Onion,1.00,
Haryana,SIRSA,2005,Whole Year,Potato,57.00,1500.00
Haryana,SIRSA,2005,Whole Year,Sannhamp,1.00,
Haryana,SIRSA,2005,Whole Year,Sugarcane,163.00,
Haryana,SIRSA,2006,Kharif,Arhar/Tur,9.00,
Haryana,SIRSA,2006,Kharif,Bajra,4826.00,9000.00
Haryana,SIRSA,2006,Kharif,Castor seed,4099.00,1800.00
Haryana,SIRSA,2006,Kharif,Cotton(lint),190436.00,745000.00
Haryana,SIRSA,2006,Kharif,Groundnut,183.00,200.00
Haryana,SIRSA,2006,Kharif,Jowar,45.00,
Haryana,SIRSA,2006,Kharif,Maize,4.00,
Haryana,SIRSA,2006,Kharif,Moong(Green Gram),2084.00,1000.00
Haryana,SIRSA,2006,Kharif,Moth,1097.00,200.00
Haryana,SIRSA,2006,Kharif,Rice,46453.00,175000.00
Haryana,SIRSA,2006,Kharif,Sesamum,623.00,300.00
Haryana,SIRSA,2006,Rabi,Barley,8167.00,23000.00
Haryana,SIRSA,2006,Rabi,Gram,9232.00,8000.00
Haryana,SIRSA,2006,Rabi,Masoor,8.00,
Haryana,SIRSA,2006,Rabi,Peas & beans (Pulses),50.00,
Haryana,SIRSA,2006,Rabi,Rapeseed &Mustard,66927.00,88000.00
Haryana,SIRSA,2006,Rabi,Wheat,258264.00,1183000.00
Haryana,SIRSA,2006,Whole Year,Dry chillies,13.00,
Haryana,SIRSA,2006,Whole Year,Garlic,86.00,1100.00
Haryana,SIRSA,2006,Whole Year,Onion,3.00,100.00
Haryana,SIRSA,2006,Whole Year,Potato,80.00,2100.00
Haryana,SIRSA,2006,Whole Year,Sannhamp,2.00,
Haryana,SIRSA,2006,Whole Year,Sugarcane,132.00,
Haryana,SIRSA,2007,Kharif,Arhar/Tur,3.00,
Haryana,SIRSA,2007,Kharif,Bajra,5721.00,12000.00
Haryana,SIRSA,2007,Kharif,Castor seed,1452.00,1400.00
Haryana,SIRSA,2007,Kharif,Cotton(lint),181552.00,734000.00
Haryana,SIRSA,2007,Kharif,Groundnut,107.00,100.00
Haryana,SIRSA,2007,Kharif,Jowar,43.00,
Haryana,SIRSA,2007,Kharif,Maize,1.00,
Haryana,SIRSA,2007,Kharif,Moong(Green Gram),2276.00,1100.00
Haryana,SIRSA,2007,Kharif,Moth,1022.00,200.00
Haryana,SIRSA,2007,Kharif,Rice,48268.00,189000.00
Haryana,SIRSA,2007,Kharif,Sesamum,373.00,200.00
Haryana,SIRSA,2007,Rabi,Barley,9390.00,34000.00
Haryana,SIRSA,2007,Rabi,Gram,9115.00,6000.00
Haryana,SIRSA,2007,Rabi,Masoor,24.00,
Haryana,SIRSA,2007,Rabi,Peas & beans (Pulses),34.00,
Haryana,SIRSA,2007,Rabi,Rapeseed &Mustard,41645.00,53000.00
Haryana,SIRSA,2007,Rabi,Wheat,280596.00,1196000.00
Haryana,SIRSA,2007,Whole Year,Dry chillies,24.00,200.00
Haryana,SIRSA,2007,Whole Year,Garlic,9.00,
Haryana,SIRSA,2007,Whole Year,Onion,6.00,100.00
Haryana,SIRSA,2007,Whole Year,Potato,93.00,1000.00
Haryana,SIRSA,2007,Whole Year,Sannhamp,1.00,
Haryana,SIRSA,2007,Whole Year,Sugarcane,111.00,
Haryana,SIRSA,2008,Kharif,Arhar/Tur,6.00,
Haryana,SIRSA,2008,Kharif,Bajra,4889.00,10000.00
Haryana,SIRSA,2008,Kharif,Castor seed,1248.00,1500.00
Haryana,SIRSA,2008,Kharif,Cotton(lint),172300.00,754000.00
Haryana,SIRSA,2008,Kharif,Groundnut,251.00,200.00
Haryana,SIRSA,2008,Kharif,Jowar,51.00,
Haryana,SIRSA,2008,Kharif,Maize,6.00,
Haryana,SIRSA,2008,Kharif,Moong(Green Gram),1480.00,700.00
Haryana,SIRSA,2008,Kharif,Moth,872.00,200.00
Haryana,SIRSA,2008,Kharif,Rice,57477.00,196000.00
Haryana,SIRSA,2008,Kharif,Sesamum,354.00,200.00
Haryana,SIRSA,2008,Rabi,Barley,11755.00,46000.00
Haryana,SIRSA,2008,Rabi,Gram,8726.00,9000.00
Haryana,SIRSA,2008,Rabi,Masoor,22.00,
Haryana,SIRSA,2008,Rabi,Rapeseed &Mustard,41854.00,70200.00
Haryana,SIRSA,2008,Rabi,Wheat,279121.00,1394000.00
Haryana,SIRSA,2008,Whole Year,Coriander,3.00,
Haryana,SIRSA,2008,Whole Year,Dry chillies,32.00,300.00
Haryana,SIRSA,2008,Whole Year,Garlic,15.00,100.00
Haryana,SIRSA,2008,Whole Year,Onion,1.00,
Haryana,SIRSA,2008,Whole Year,Potato,27.00,500.00
Haryana,SIRSA,2008,Whole Year,Sannhamp,1.00,
Haryana,SIRSA,2008,Whole Year,Sugarcane,41.00,
Haryana,SIRSA,2009,Kharif,Arhar/Tur,36.00,
Haryana,SIRSA,2009,Kharif,Bajra,2950.00,6000.00
Haryana,SIRSA,2009,Kharif,Castor seed,823.00,900.00
Haryana,SIRSA,2009,Kharif,Cotton(lint),193075.00,801000.00
Haryana,SIRSA,2009,Kharif,Groundnut,458.00,400.00
Haryana,SIRSA,2009,Kharif,Maize,3.00,
Haryana,SIRSA,2009,Kharif,Moong(Green Gram),906.00,500.00
Haryana,SIRSA,2009,Kharif,Moth,247.00,
Haryana,SIRSA,2009,Kharif,Rice,61374.00,204000.00
Haryana,SIRSA,2009,Kharif,Sesamum,298.00,200.00
Haryana,SIRSA,2009,Rabi,Barley,9235.00,30000.00
Haryana,SIRSA,2009,Rabi,Gram,7950.00,7000.00
Haryana,SIRSA,2009,Rabi,Masoor,27.00,
Haryana,SIRSA,2009,Rabi,Peas & beans (Pulses),6.00,
Haryana,SIRSA,2009,Rabi,Wheat,279213.00,1122000.00
Haryana,SIRSA,2009,Whole Year,Coriander,6.00,
Haryana,SIRSA,2009,Whole Year,Dry chillies,31.00,
Haryana,SIRSA,2009,Whole Year,Garlic,136.00,800.00
Haryana,SIRSA,2009,Whole Year,Onion,2.00,
Haryana,SIRSA,2009,Whole Year,Potato,53.00,800.00
Haryana,SIRSA,2009,Whole Year,Sugarcane,38.00,
Haryana,SIRSA,2010,Kharif,Arhar/Tur,46.00,100.00
Haryana,SIRSA,2010,Kharif,Bajra,5513.00,19000.00
Haryana,SIRSA,2010,Kharif,Castor seed,1206.00,600.00
Haryana,SIRSA,2010,Kharif,Cotton(lint),189006.00,706000.00
Haryana,SIRSA,2010,Kharif,Groundnut,773.00,900.00
Haryana,SIRSA,2010,Kharif,Moong(Green Gram),2585.00,1400.00
Haryana,SIRSA,2010,Kharif,Moth,1189.00,300.00
Haryana,SIRSA,2010,Kharif,Rice,61372.00,195000.00
Haryana,SIRSA,2010,Kharif,Sesamum,244.00,100.00
Haryana,SIRSA,2010,Rabi,Barley,7486.00,27000.00
Haryana,SIRSA,2010,Rabi,Gram,9734.00,11000.00
Haryana,SIRSA,2010,Rabi,Masoor,10.00,
Haryana,SIRSA,2010,Rabi,Peas & beans (Pulses),12.00,
Haryana,SIRSA,2010,Rabi,Rapeseed &Mustard,42510.00,83000.00
Haryana,SIRSA,2010,Rabi,Wheat,289967.00,1488000.00
Haryana,SIRSA,2010,Whole Year,Dry chillies,39.00,300.00
Haryana,SIRSA,2010,Whole Year,Garlic,80.00,100.00
Haryana,SIRSA,2010,Whole Year,Potato,60.00,1100.00
Haryana,SIRSA,2010,Whole Year,Sannhamp,1.00,
Haryana,SIRSA,2010,Whole Year,Sugarcane,68.00,
Haryana,SIRSA,2011,Kharif,Arhar/Tur,6.00,
Haryana,SIRSA,2011,Kharif,Bajra,3901.00,9000.00
Haryana,SIRSA,2011,Kharif,Castor seed,2074.00,900.00
Haryana,SIRSA,2011,Kharif,Cotton(lint),211317.00,956000.00
Haryana,SIRSA,2011,Kharif,Groundnut,1266.00,1300.00
Haryana,SIRSA,2011,Kharif,Jowar,208.00,
Haryana,SIRSA,2011,Kharif,Maize,1.00,
Haryana,SIRSA,2011,Kharif,Moong(Green Gram),1310.00,700.00
Haryana,SIRSA,2011,Kharif,Moth,737.00,200.00
Haryana,SIRSA,2011,Kharif,Rice,63082.00,20300.00
Haryana,SIRSA,2011,Kharif,Sannhamp,1.00,
Haryana,SIRSA,2011,Kharif,Sesamum,130.00,100.00
Haryana,SIRSA,2011,Kharif,Urad,16.00,
Haryana,SIRSA,2011,Rabi,Barley,7274.00,27000.00
Haryana,SIRSA,2011,Rabi,Gram,7450.00,8000.00
Haryana,SIRSA,2011,Rabi,Masoor,12.00,
Haryana,SIRSA,2011,Rabi,Rapeseed &Mustard,34864.00,59000.00
Haryana,SIRSA,2011,Rabi,Wheat,299053.00,1602000.00
Haryana,SIRSA,2011,Whole Year,Garlic,219.00,200.00
Haryana,SIRSA,2011,Whole Year,Onion,4.00,100.00
Haryana,SIRSA,2011,Whole Year,Potato,130.00,3600.00
Haryana,SIRSA,2011,Whole Year,Sugarcane,95.00,
Haryana,SIRSA,2011,Whole Year,Turmeric,9.00,
Haryana,SIRSA,2012,Kharif,Arhar/Tur,3.00,3.00
Haryana,SIRSA,2012,Kharif,Bajra,1670.00,3000.00
Haryana,SIRSA,2012,Kharif,Castor seed,924.00,463.00
Haryana,SIRSA,2012,Kharif,Cotton(lint),198745.00,899000.00
Haryana,SIRSA,2012,Kharif,Groundnut,1268.00,1500.00
Haryana,SIRSA,2012,Kharif,Maize,1.00,
Haryana,SIRSA,2012,Kharif,Moong(Green Gram),654.00,361.00
Haryana,SIRSA,2012,Kharif,Moth,154.00,63.00
Haryana,SIRSA,2012,Kharif,Rice,65218.00,230000.00
Haryana,SIRSA,2012,Kharif,Sesamum,90.00,49.00
Haryana,SIRSA,2012,Rabi,Barley,7827.00,31000.00
Haryana,SIRSA,2012,Rabi,Gram,5333.00,6000.00
Haryana,SIRSA,2012,Rabi,Masoor,14.00,13.00
Haryana,SIRSA,2012,Rabi,Rapeseed &Mustard,43319.00,71000.00
Haryana,SIRSA,2012,Rabi,Wheat,293495.00,1423000.00
Haryana,SIRSA,2012,Whole Year,Dry chillies,4.00,
Haryana,SIRSA,2012,Whole Year,Garlic,101.00,1000.00
Haryana,SIRSA,2012,Whole Year,Guar seed,78342.00,54839.00
Haryana,SIRSA,2012,Whole Year,Potato,76.00,1700.00
Haryana,SIRSA,2012,Whole Year,Sugarcane,117.00,
Haryana,SIRSA,2012,Whole Year,Turmeric,2.00,1.00
Haryana,SONIPAT,1997,Kharif,Bajra,9000.00,13000.00
Haryana,SONIPAT,1997,Kharif,Jowar,15000.00,4000.00
Haryana,SONIPAT,1997,Kharif,Other Kharif pulses,18000.00,30000.00
Haryana,SONIPAT,1997,Kharif,Rice,62000.00,130000.00
Haryana,SONIPAT,1997,Rabi,Barley,1000.00,3000.00
Haryana,SONIPAT,1997,Rabi,Wheat,123000.00,407000.00
Haryana,SONIPAT,1997,Whole Year,Cotton(lint),2000.00,3000.00
Haryana,SONIPAT,1997,Whole Year,Sugarcane,11000.00,580000.00
Haryana,SONIPAT,1998,Kharif,Arhar/Tur,2522.00,4100.00
Haryana,SONIPAT,1998,Kharif,Bajra,5619.00,7000.00
Haryana,SONIPAT,1998,Kharif,Cotton(lint),1056.00,1000.00
Haryana,SONIPAT,1998,Kharif,Jowar,13267.00,3000.00
Haryana,SONIPAT,1998,Kharif,Maize,188.00,
Haryana,SONIPAT,1998,Kharif,Rice,79400.00,133000.00
Haryana,SONIPAT,1998,Kharif,Sesamum,4.00,
Haryana,SONIPAT,1998,Rabi,Barley,444.00,
Haryana,SONIPAT,1998,Rabi,Gram,230.00,
Haryana,SONIPAT,1998,Rabi,Masoor,8.00,
Haryana,SONIPAT,1998,Rabi,Peas & beans (Pulses),138.00,200.00
Haryana,SONIPAT,1998,Rabi,Rapeseed &Mustard,5778.00,7000.00
Haryana,SONIPAT,1998,Rabi,Sunflower,6.00,
Haryana,SONIPAT,1998,Rabi,Wheat,133185.00,491000.00
Haryana,SONIPAT,1998,Whole Year,Dry chillies,188.00,100.00
Haryana,SONIPAT,1998,Whole Year,Onion,79.00,1200.00
Haryana,SONIPAT,1998,Whole Year,Potato,441.00,6600.00
Haryana,SONIPAT,1998,Whole Year,Sannhamp,36.00,
Haryana,SONIPAT,1998,Whole Year,Sugarcane,8853.00,470000.00
Haryana,SONIPAT,1999,Kharif,Arhar/Tur,2177.00,3200.00
Haryana,SONIPAT,1999,Kharif,Bajra,6756.00,7000.00
Haryana,SONIPAT,1999,Kharif,Cotton(lint),699.00,1000.00
Haryana,SONIPAT,1999,Kharif,Jowar,9403.00,2000.00
Haryana,SONIPAT,1999,Kharif,Maize,171.00,.00
Haryana,SONIPAT,1999,Kharif,Rice,77681.00,139000.00
Haryana,SONIPAT,1999,Kharif,Sesamum,4.00,.00
Haryana,SONIPAT,1999,Rabi,Barley,390.00,.00
Haryana,SONIPAT,1999,Rabi,Gram,142.00,.00
Haryana,SONIPAT,1999,Rabi,Masoor,16.00,
Haryana,SONIPAT,1999,Rabi,Peas & beans (Pulses),118.00,100.00
Haryana,SONIPAT,1999,Rabi,Rapeseed &Mustard,3648.00,3000.00
Haryana,SONIPAT,1999,Rabi,Sunflower,14.00,
Haryana,SONIPAT,1999,Rabi,Wheat,135699.00,577000.00
Haryana,SONIPAT,1999,Whole Year,Dry chillies,86.00,100.00
Haryana,SONIPAT,1999,Whole Year,Potato,444.00,7000.00
Haryana,SONIPAT,1999,Whole Year,Sugarcane,8128.00,440000.00
Haryana,SONIPAT,2000,Kharif,Arhar/Tur,1801.00,2600.00
Haryana,SONIPAT,2000,Kharif,Bajra,7627.00,12000.00
Haryana,SONIPAT,2000,Kharif,Cotton(lint),825.00,2000.00
Haryana,SONIPAT,2000,Kharif,Jowar,12290.00,4600.00
Haryana,SONIPAT,2000,Kharif,Maize,196.00,.00
Haryana,SONIPAT,2000,Kharif,Rice,77247.00,138000.00
Haryana,SONIPAT,2000,Kharif,Sesamum,9.00,.00
Haryana,SONIPAT,2000,Rabi,Barley,439.00,.00
Haryana,SONIPAT,2000,Rabi,Gram,159.00,.00
Haryana,SONIPAT,2000,Rabi,Masoor,16.00,.00
Haryana,SONIPAT,2000,Rabi,Peas & beans (Pulses),233.00,300.00
Haryana,SONIPAT,2000,Rabi,Rapeseed &Mustard,3751.00,4000.00
Haryana,SONIPAT,2000,Rabi,Sunflower,25.00,.00
Haryana,SONIPAT,2000,Rabi,Wheat,139454.00,558000.00
Haryana,SONIPAT,2000,Whole Year,Dry chillies,158.00,100.00
Haryana,SONIPAT,2000,Whole Year,Onion,147.00,2300.00
Haryana,SONIPAT,2000,Whole Year,Potato,406.00,6300.00
Haryana,SONIPAT,2000,Whole Year,Sannhamp,56.00,.00
Haryana,SONIPAT,2000,Whole Year,Sugarcane,8448.00,470000.00
Haryana,SONIPAT,2000,Whole Year,Sweet potato,53.00,1200.00
Haryana,SONIPAT,2001,Kharif,Arhar/Tur,1253.00,1800.00
Haryana,SONIPAT,2001,Kharif,Bajra,7672.00,11000.00
Haryana,SONIPAT,2001,Kharif,Cotton(lint),818.00,1000.00
Haryana,SONIPAT,2001,Kharif,Groundnut,2.00,.00
Haryana,SONIPAT,2001,Kharif,Jowar,12109.00,3000.00
Haryana,SONIPAT,2001,Kharif,Maize,247.00,.00
Haryana,SONIPAT,2001,Kharif,Moong(Green Gram),4.00,.00
Haryana,SONIPAT,2001,Kharif,Rice,78764.00,148000.00
Haryana,SONIPAT,2001,Kharif,Sesamum,3.00,.00
Haryana,SONIPAT,2001,Rabi,Gram,139.00,.00
Haryana,SONIPAT,2001,Rabi,Masoor,26.00,.00
Haryana,SONIPAT,2001,Rabi,Rapeseed &Mustard,4797.00,7000.00
Haryana,SONIPAT,2001,Rabi,Sunflower,25.00,
Haryana,SONIPAT,2001,Rabi,Wheat,135857.00,594000.00
Haryana,SONIPAT,2001,Whole Year,Dry chillies,96.00,200.00
Haryana,SONIPAT,2001,Whole Year,Onion,52.00,1000.00
Haryana,SONIPAT,2001,Whole Year,Potato,329.00,8700.00
Haryana,SONIPAT,2001,Whole Year,Sannhamp,18.00,.00
Haryana,SONIPAT,2001,Whole Year,Sugarcane,11641.00,610000.00
Haryana,SONIPAT,2001,Whole Year,Sweet potato,18.00,.00
Haryana,SONIPAT,2002,Kharif,Arhar/Tur,6174.00,9300.00
Haryana,SONIPAT,2002,Kharif,Bajra,2979.00,5000.00
Haryana,SONIPAT,2002,Kharif,Cotton(lint),2157.00,6000.00
Haryana,SONIPAT,2002,Kharif,Jowar,14147.00,3000.00
Haryana,SONIPAT,2002,Kharif,Maize,191.00,.00
Haryana,SONIPAT,2002,Kharif,Moong(Green Gram),63.00,.00
Haryana,SONIPAT,2002,Kharif,Moth,43.00,.00
Haryana,SONIPAT,2002,Kharif,Rice,43976.00,96000.00
Haryana,SONIPAT,2002,Kharif,Sesamum,314.00,100.00
Haryana,SONIPAT,2002,Kharif,Urad,6.00,.00
Haryana,SONIPAT,2002,Rabi,Barley,367.00,.00
Haryana,SONIPAT,2002,Rabi,Gram,180.00,.00
Haryana,SONIPAT,2002,Rabi,Masoor,32.00,.00
Haryana,SONIPAT,2002,Rabi,Peas & beans (Pulses),341.00,400.00
Haryana,SONIPAT,2002,Rabi,Rapeseed &Mustard,5267.00,5000.00
Haryana,SONIPAT,2002,Rabi,Wheat,131383.00,569000.00
Haryana,SONIPAT,2002,Whole Year,Banana,47.00,.00
Haryana,SONIPAT,2002,Whole Year,Mango,753.00,6100.00
Haryana,SONIPAT,2002,Whole Year,Onion,80.00,1900.00
Haryana,SONIPAT,2002,Whole Year,Other Vegetables,6555.00,73500.00
Haryana,SONIPAT,2002,Whole Year,Potato,360.00,9500.00
Haryana,SONIPAT,2002,Whole Year,Sannhamp,9.00,.00
Haryana,SONIPAT,2002,Whole Year,Sugarcane,18129.00,850000.00
Haryana,SONIPAT,2002,Whole Year,Sweet potato,10.00,200.00
Haryana,SONIPAT,2003,Kharif,Arhar/Tur,6311.00,7700.00
Haryana,SONIPAT,2003,Kharif,Bajra,6890.00,11000.00
Haryana,SONIPAT,2003,Kharif,Cotton(lint),1952.00,2000.00
Haryana,SONIPAT,2003,Kharif,Jowar,13518.00,4000.00
Haryana,SONIPAT,2003,Kharif,Maize,462.00,2000.00
Haryana,SONIPAT,2003,Kharif,Moong(Green Gram),23.00,.00
Haryana,SONIPAT,2003,Kharif,Rice,65954.00,149000.00
Haryana,SONIPAT,2003,Kharif,Sesamum,21.00,.00
Haryana,SONIPAT,2003,Kharif,Urad,21.00,.00
Haryana,SONIPAT,2003,Rabi,Barley,573.00,.00
Haryana,SONIPAT,2003,Rabi,Gram,206.00,.00
Haryana,SONIPAT,2003,Rabi,Masoor,21.00,.00
Haryana,SONIPAT,2003,Rabi,Peas & beans (Pulses),359.00,500.00
Haryana,SONIPAT,2003,Rabi,Rapeseed &Mustard,5453.00,7000.00
Haryana,SONIPAT,2003,Rabi,Sunflower,9.00,.00
Haryana,SONIPAT,2003,Rabi,Wheat,132721.00,504000.00
Haryana,SONIPAT,2003,Whole Year,Banana,43.00,.00
Haryana,SONIPAT,2003,Whole Year,Dry chillies,19.00,100.00
Haryana,SONIPAT,2003,Whole Year,Mango,400.00,11.00
Haryana,SONIPAT,2003,Whole Year,Onion,59.00,1400.00
Haryana,SONIPAT,2003,Whole Year,Other Fresh Fruits,621.00,8600.00
Haryana,SONIPAT,2003,Whole Year,Other Vegetables,2505.00,28000.00
Haryana,SONIPAT,2003,Whole Year,Potato,386.00,10200.00
Haryana,SONIPAT,2003,Whole Year,Sannhamp,14.00,.00
Haryana,SONIPAT,2003,Whole Year,Sugarcane,15588.00,830000.00
Haryana,SONIPAT,2003,Whole Year,Sweet potato,21.00,500.00
Haryana,SONIPAT,2004,Kharif,Arhar/Tur,6311.00,7300.00
Haryana,SONIPAT,2004,Kharif,Bajra,6890.00,11000.00
Haryana,SONIPAT,2004,Kharif,Cotton(lint),1952.00,7000.00
Haryana,SONIPAT,2004,Kharif,Jowar,13518.00,4000.00
Haryana,SONIPAT,2004,Kharif,Maize,462.00,2000.00
Haryana,SONIPAT,2004,Kharif,Moong(Green Gram),23.00,
Haryana,SONIPAT,2004,Kharif,Rice,65954.00,124000.00
Haryana,SONIPAT,2004,Kharif,Sesamum,21.00,
Haryana,SONIPAT,2004,Kharif,Urad,21.00,
Haryana,SONIPAT,2004,Rabi,Barley,573.00,3000.00
Haryana,SONIPAT,2004,Rabi,Gram,206.00,
Haryana,SONIPAT,2004,Rabi,Masoor,21.00,
Haryana,SONIPAT,2004,Rabi,Peas & beans (Pulses),359.00,500.00
Haryana,SONIPAT,2004,Rabi,Rapeseed &Mustard,5453.00,6000.00
Haryana,SONIPAT,2004,Rabi,Sunflower,9.00,100.00
Haryana,SONIPAT,2004,Rabi,Wheat,132721.00,529000.00
Haryana,SONIPAT,2004,Whole Year,Dry chillies,19.00,200.00
Haryana,SONIPAT,2004,Whole Year,Onion,59.00,1400.00
Haryana,SONIPAT,2004,Whole Year,Potato,387.00,10200.00
Haryana,SONIPAT,2004,Whole Year,Sannhamp,14.00,
Haryana,SONIPAT,2004,Whole Year,Sugarcane,15588.00,930000.00
Haryana,SONIPAT,2004,Whole Year,Sweet potato,21.00,400.00
Haryana,SONIPAT,2005,Kharif,Arhar/Tur,6929.00,8000.00
Haryana,SONIPAT,2005,Kharif,Bajra,6989.00,11000.00
Haryana,SONIPAT,2005,Kharif,Cotton(lint),2170.00,4000.00
Haryana,SONIPAT,2005,Kharif,Jowar,13238.00,4000.00
Haryana,SONIPAT,2005,Kharif,Maize,617.00,2000.00
Haryana,SONIPAT,2005,Kharif,Moong(Green Gram),172.00,
Haryana,SONIPAT,2005,Kharif,Rice,71450.00,167000.00
Haryana,SONIPAT,2005,Kharif,Sesamum,125.00,100.00
Haryana,SONIPAT,2005,Kharif,Urad,153.00,100.00
Haryana,SONIPAT,2005,Rabi,Barley,674.00,3000.00
Haryana,SONIPAT,2005,Rabi,Gram,172.00,
Haryana,SONIPAT,2005,Rabi,Masoor,21.00,
Haryana,SONIPAT,2005,Rabi,Peas & beans (Pulses),266.00,400.00
Haryana,SONIPAT,2005,Rabi,Rapeseed &Mustard,6231.00,7000.00
Haryana,SONIPAT,2005,Rabi,Wheat,142019.00,571000.00
Haryana,SONIPAT,2005,Whole Year,Dry chillies,154.00,100.00
Haryana,SONIPAT,2005,Whole Year,Onion,176.00,4200.00
Haryana,SONIPAT,2005,Whole Year,Potato,603.00,15900.00
Haryana,SONIPAT,2005,Whole Year,Sannhamp,129.00,100.00
Haryana,SONIPAT,2005,Whole Year,Sugarcane,12781.00,860000.00
Haryana,SONIPAT,2005,Whole Year,Sweet potato,89.00,1700.00
Haryana,SONIPAT,2006,Kharif,Arhar/Tur,5009.00,5800.00
Haryana,SONIPAT,2006,Kharif,Bajra,8774.00,18000.00
Haryana,SONIPAT,2006,Kharif,Cotton(lint),1443.00,2000.00
Haryana,SONIPAT,2006,Kharif,Jowar,11456.00,3000.00
Haryana,SONIPAT,2006,Kharif,Maize,195.00,
Haryana,SONIPAT,2006,Kharif,Moong(Green Gram),248.00,100.00
Haryana,SONIPAT,2006,Kharif,Moth,6.00,
Haryana,SONIPAT,2006,Kharif,Rice,67865.00,178000.00
Haryana,SONIPAT,2006,Kharif,Sesamum,105.00,
Haryana,SONIPAT,2006,Kharif,Urad,114.00,100.00
Haryana,SONIPAT,2006,Rabi,Barley,358.00,
Haryana,SONIPAT,2006,Rabi,Gram,102.00,
Haryana,SONIPAT,2006,Rabi,Rapeseed &Mustard,5130.00,7000.00
Haryana,SONIPAT,2006,Rabi,Wheat,140675.00,641000.00
Haryana,SONIPAT,2006,Whole Year,Dry chillies,122.00,100.00
Haryana,SONIPAT,2006,Whole Year,Onion,45.00,800.00
Haryana,SONIPAT,2006,Whole Year,Potato,275.00,6600.00
Haryana,SONIPAT,2006,Whole Year,Sannhamp,75.00,
Haryana,SONIPAT,2006,Whole Year,Sugarcane,13056.00,997000.00
Haryana,SONIPAT,2007,Kharif,Arhar/Tur,6652.00,7000.00
Haryana,SONIPAT,2007,Kharif,Bajra,10583.00,20000.00
Haryana,SONIPAT,2007,Kharif,Cotton(lint),1098.00,4000.00
Haryana,SONIPAT,2007,Kharif,Jowar,11253.00,5000.00
Haryana,SONIPAT,2007,Kharif,Maize,711.00,3000.00
Haryana,SONIPAT,2007,Kharif,Moong(Green Gram),266.00,100.00
Haryana,SONIPAT,2007,Kharif,Rice,71325.00,192000.00
Haryana,SONIPAT,2007,Kharif,Sesamum,114.00,
Haryana,SONIPAT,2007,Kharif,Urad,129.00,100.00
Haryana,SONIPAT,2007,Rabi,Barley,236.00,
Haryana,SONIPAT,2007,Rabi,Gram,62.00,
Haryana,SONIPAT,2007,Rabi,Masoor,14.00,
Haryana,SONIPAT,2007,Rabi,Peas & beans (Pulses),50.00,100.00
Haryana,SONIPAT,2007,Rabi,Rapeseed &Mustard,3192.00,3000.00
Haryana,SONIPAT,2007,Rabi,Wheat,141206.00,605000.00
Haryana,SONIPAT,2007,Whole Year,Dry chillies,150.00,1000.00
Haryana,SONIPAT,2007,Whole Year,Onion,23.00,400.00
Haryana,SONIPAT,2007,Whole Year,Potato,281.00,5300.00
Haryana,SONIPAT,2007,Whole Year,Sannhamp,60.00,
Haryana,SONIPAT,2007,Whole Year,Sugarcane,11104.00,760000.00
Haryana,SONIPAT,2007,Whole Year,Sweet potato,5.00,100.00
Haryana,SONIPAT,2008,Kharif,Arhar/Tur,5495.00,5800.00
Haryana,SONIPAT,2008,Kharif,Bajra,9241.00,18000.00
Haryana,SONIPAT,2008,Kharif,Cotton(lint),582.00,
Haryana,SONIPAT,2008,Kharif,Jowar,11140.00,6000.00
Haryana,SONIPAT,2008,Kharif,Maize,276.00,600.00
Haryana,SONIPAT,2008,Kharif,Moong(Green Gram),26.00,
Haryana,SONIPAT,2008,Kharif,Rice,92641.00,186000.00
Haryana,SONIPAT,2008,Kharif,Sesamum,49.00,
Haryana,SONIPAT,2008,Kharif,Urad,3.00,
Haryana,SONIPAT,2008,Rabi,Barley,340.00,
Haryana,SONIPAT,2008,Rabi,Gram,55.00,
Haryana,SONIPAT,2008,Rabi,Peas & beans (Pulses),13.00,
Haryana,SONIPAT,2008,Rabi,Rapeseed &Mustard,2361.00,3000.00
Haryana,SONIPAT,2008,Rabi,Wheat,143617.00,693000.00
Haryana,SONIPAT,2008,Whole Year,Dry chillies,64.00,600.00
Haryana,SONIPAT,2008,Whole Year,Onion,28.00,600.00
Haryana,SONIPAT,2008,Whole Year,Potato,801.00,18200.00
Haryana,SONIPAT,2008,Whole Year,Sannhamp,23.00,
Haryana,SONIPAT,2008,Whole Year,Sugarcane,5784.00,395000.00
Haryana,SONIPAT,2009,Kharif,Arhar/Tur,4171.00,4400.00
Haryana,SONIPAT,2009,Kharif,Bajra,12521.00,27000.00
Haryana,SONIPAT,2009,Kharif,Cotton(lint),579.00,2000.00
Haryana,SONIPAT,2009,Kharif,Jowar,10362.00,50.00
Haryana,SONIPAT,2009,Kharif,Maize,1200.00,2000.00
Haryana,SONIPAT,2009,Kharif,Moong(Green Gram),115.00,100.00
Haryana,SONIPAT,2009,Kharif,Rice,90214.00,219000.00
Haryana,SONIPAT,2009,Kharif,Sesamum,27.00,
Haryana,SONIPAT,2009,Rabi,Barley,185.00,
Haryana,SONIPAT,2009,Rabi,Gram,34.00,
Haryana,SONIPAT,2009,Rabi,Masoor,2.00,
Haryana,SONIPAT,2009,Rabi,Peas & beans (Pulses),78.00,100.00
Haryana,SONIPAT,2009,Rabi,Wheat,141427.00,610000.00
Haryana,SONIPAT,2009,Whole Year,Dry chillies,72.00,100.00
Haryana,SONIPAT,2009,Whole Year,Onion,61.00,1100.00
Haryana,SONIPAT,2009,Whole Year,Potato,834.00,16800.00
Haryana,SONIPAT,2009,Whole Year,Sugarcane,3718.00,303000.00
Haryana,SONIPAT,2009,Whole Year,Sweet potato,1.00,
Haryana,SONIPAT,2010,Kharif,Arhar/Tur,2707.00,2800.00
Haryana,SONIPAT,2010,Kharif,Bajra,13301.00,24000.00
Haryana,SONIPAT,2010,Kharif,Cotton(lint),357.00,
Haryana,SONIPAT,2010,Kharif,Jowar,9450.00,5000.00
Haryana,SONIPAT,2010,Kharif,Maize,516.00,2000.00
Haryana,SONIPAT,2010,Kharif,Moong(Green Gram),230.00,100.00
Haryana,SONIPAT,2010,Kharif,Rice,93752.00,202000.00
Haryana,SONIPAT,2010,Kharif,Sesamum,16.00,
Haryana,SONIPAT,2010,Rabi,Barley,122.00,
Haryana,SONIPAT,2010,Rabi,Gram,33.00,
Haryana,SONIPAT,2010,Rabi,Peas & beans (Pulses),17.00,
Haryana,SONIPAT,2010,Rabi,Rapeseed &Mustard,2688.00,5000.00
Haryana,SONIPAT,2010,Rabi,Wheat,143694.00,669000.00
Haryana,SONIPAT,2010,Whole Year,Dry chillies,91.00,900.00
Haryana,SONIPAT,2010,Whole Year,Onion,30.00,700.00
Haryana,SONIPAT,2010,Whole Year,Potato,221.00,6000.00
Haryana,SONIPAT,2010,Whole Year,Sannhamp,24.00,
Haryana,SONIPAT,2010,Whole Year,Sugarcane,5733.00,50000.00
Haryana,SONIPAT,2010,Whole Year,Sweet potato,3.00,
Haryana,SONIPAT,2011,Kharif,Arhar/Tur,1988.00,2100.00
Haryana,SONIPAT,2011,Kharif,Bajra,11367.00,25000.00
Haryana,SONIPAT,2011,Kharif,Cotton(lint),804.00,4000.00
Haryana,SONIPAT,2011,Kharif,Jowar,7530.00,4000.00
Haryana,SONIPAT,2011,Kharif,Maize,557.00,3000.00
Haryana,SONIPAT,2011,Kharif,Moong(Green Gram),28.00,
Haryana,SONIPAT,2011,Kharif,Rice,94753.00,229000.00
Haryana,SONIPAT,2011,Kharif,Sannhamp,11.00,
Haryana,SONIPAT,2011,Kharif,Sesamum,11.00,
Haryana,SONIPAT,2011,Rabi,Barley,185.00,
Haryana,SONIPAT,2011,Rabi,Gram,16.00,
Haryana,SONIPAT,2011,Rabi,Peas & beans (Pulses),44.00,
Haryana,SONIPAT,2011,Rabi,Rapeseed &Mustard,2291.00,3000.00
Haryana,SONIPAT,2011,Rabi,Wheat,162264.00,894000.00
Haryana,SONIPAT,2011,Whole Year,Onion,64.00,700.00
Haryana,SONIPAT,2011,Whole Year,Potato,763.00,14500.00
Haryana,SONIPAT,2011,Whole Year,Sugarcane,7876.00,64000.00
Haryana,SONIPAT,2011,Whole Year,Sweet potato,1.00,
Haryana,SONIPAT,2012,Kharif,Arhar/Tur,1184.00,1362.00
Haryana,SONIPAT,2012,Kharif,Bajra,8441.00,19000.00
Haryana,SONIPAT,2012,Kharif,Cotton(lint),1987.00,9000.00
Haryana,SONIPAT,2012,Kharif,Jowar,7655.00,4000.00
Haryana,SONIPAT,2012,Kharif,Maize,497.00,3000.00
Haryana,SONIPAT,2012,Kharif,Moong(Green Gram),20.00,1.00
Haryana,SONIPAT,2012,Kharif,Rice,88355.00,216000.00
Haryana,SONIPAT,2012,Kharif,Sesamum,4.00,
Haryana,SONIPAT,2012,Rabi,Barley,176.00,
Haryana,SONIPAT,2012,Rabi,Rapeseed &Mustard,2435.00,3000.00
Haryana,SONIPAT,2012,Rabi,Wheat,141805.00,642000.00
Haryana,SONIPAT,2012,Whole Year,Dry chillies,38.00,600.00
Haryana,SONIPAT,2012,Whole Year,Guar seed,523.00,261.00
Haryana,SONIPAT,2012,Whole Year,Onion,98.00,2700.00
Haryana,SONIPAT,2012,Whole Year,Potato,647.00,16600.00
Haryana,SONIPAT,2012,Whole Year,Sugarcane,9084.00,624000.00
Haryana,YAMUNANAGAR,1997,Kharif,Bajra,1000.00,1000.00
Haryana,YAMUNANAGAR,1997,Kharif,Maize,3000.00,6000.00
Haryana,YAMUNANAGAR,1997,Kharif,Other Kharif pulses,600.00,300.00
Haryana,YAMUNANAGAR,1997,Kharif,Rice,54000.00,168000.00
Haryana,YAMUNANAGAR,1997,Rabi,Gram,1000.00,1000.00
Haryana,YAMUNANAGAR,1997,Rabi,Other  Rabi pulses,31000.00,19000.00
Haryana,YAMUNANAGAR,1997,Rabi,Wheat,63000.00,204000.00
Haryana,YAMUNANAGAR,1997,Whole Year,Sugarcane,41000.00,2410000.00
Haryana,YAMUNANAGAR,1998,Kharif,Arhar/Tur,67.00,100.00
Haryana,YAMUNANAGAR,1998,Kharif,Bajra,1197.00,1000.00
Haryana,YAMUNANAGAR,1998,Kharif,Cotton(lint),102.00,
Haryana,YAMUNANAGAR,1998,Kharif,Groundnut,226.00,200.00
Haryana,YAMUNANAGAR,1998,Kharif,Maize,1829.00,4000.00
Haryana,YAMUNANAGAR,1998,Kharif,Rice,58461.00,130000.00
Haryana,YAMUNANAGAR,1998,Kharif,Sesamum,7.00,
Haryana,YAMUNANAGAR,1998,Kharif,Urad,274.00,100.00
Haryana,YAMUNANAGAR,1998,Rabi,Barley,60.00,
Haryana,YAMUNANAGAR,1998,Rabi,Gram,289.00,
Haryana,YAMUNANAGAR,1998,Rabi,Masoor,2932.00,2000.00
Haryana,YAMUNANAGAR,1998,Rabi,Peas & beans (Pulses),56.00,100.00
Haryana,YAMUNANAGAR,1998,Rabi,Rapeseed &Mustard,1142.00,1000.00
Haryana,YAMUNANAGAR,1998,Rabi,Sunflower,1885.00,2800.00
Haryana,YAMUNANAGAR,1998,Rabi,Wheat,63403.00,252000.00
Haryana,YAMUNANAGAR,1998,Whole Year,Dry chillies,16.00,
Haryana,YAMUNANAGAR,1998,Whole Year,Onion,172.00,2600.00
Haryana,YAMUNANAGAR,1998,Whole Year,Potato,1479.00,21600.00
Haryana,YAMUNANAGAR,1998,Whole Year,Sugarcane,40927.00,2370000.00
Haryana,YAMUNANAGAR,1999,Kharif,Arhar/Tur,11.00,.00
Haryana,YAMUNANAGAR,1999,Kharif,Bajra,1181.00,1000.00
Haryana,YAMUNANAGAR,1999,Kharif,Cotton(lint),33.00,
Haryana,YAMUNANAGAR,1999,Kharif,Groundnut,155.00,100.00
Haryana,YAMUNANAGAR,1999,Kharif,Maize,1423.00,3000.00
Haryana,YAMUNANAGAR,1999,Kharif,Rice,54804.00,160000.00
Haryana,YAMUNANAGAR,1999,Kharif,Sesamum,12.00,.00
Haryana,YAMUNANAGAR,1999,Kharif,Urad,316.00,1.00
Haryana,YAMUNANAGAR,1999,Rabi,Barley,937.00,3000.00
Haryana,YAMUNANAGAR,1999,Rabi,Gram,215.00,.00
Haryana,YAMUNANAGAR,1999,Rabi,Masoor,2258.00,1700.00
Haryana,YAMUNANAGAR,1999,Rabi,Peas & beans (Pulses),2.00,.00
Haryana,YAMUNANAGAR,1999,Rabi,Rapeseed &Mustard,1514.00,2000.00
Haryana,YAMUNANAGAR,1999,Rabi,Sunflower,620.00,900.00
Haryana,YAMUNANAGAR,1999,Rabi,Wheat,63231.00,261000.00
Haryana,YAMUNANAGAR,1999,Whole Year,Dry chillies,26.00,
Haryana,YAMUNANAGAR,1999,Whole Year,Onion,275.00,3900.00
Haryana,YAMUNANAGAR,1999,Whole Year,Potato,1490.00,23400.00
Haryana,YAMUNANAGAR,1999,Whole Year,Sugarcane,40852.00,2290000.00
Haryana,YAMUNANAGAR,2000,Kharif,Arhar/Tur,7.00,.00
Haryana,YAMUNANAGAR,2000,Kharif,Bajra,1498.00,1000.00
Haryana,YAMUNANAGAR,2000,Kharif,Cotton(lint),11.00,.00
Haryana,YAMUNANAGAR,2000,Kharif,Dry ginger,2.00,
Haryana,YAMUNANAGAR,2000,Kharif,Groundnut,60.00,100.00
Haryana,YAMUNANAGAR,2000,Kharif,Maize,1629.00,4000.00
Haryana,YAMUNANAGAR,2000,Kharif,Moong(Green Gram),1.00,.00
Haryana,YAMUNANAGAR,2000,Kharif,Other Kharif pulses,372.00,100.00
Haryana,YAMUNANAGAR,2000,Kharif,Rice,55512.00,164000.00
Haryana,YAMUNANAGAR,2000,Kharif,Sesamum,47.00,.00
Haryana,YAMUNANAGAR,2000,Kharif,Urad,79.00,.00
Haryana,YAMUNANAGAR,2000,Rabi,Barley,58.00,.00
Haryana,YAMUNANAGAR,2000,Rabi,Gram,210.00,.00
Haryana,YAMUNANAGAR,2000,Rabi,Masoor,1992.00,1500.00
Haryana,YAMUNANAGAR,2000,Rabi,Peas & beans (Pulses),21.00,.00
Haryana,YAMUNANAGAR,2000,Rabi,Rapeseed &Mustard,995.00,1000.00
Haryana,YAMUNANAGAR,2000,Rabi,Sunflower,104.00,100.00
Haryana,YAMUNANAGAR,2000,Rabi,Wheat,61792.00,230000.00
Haryana,YAMUNANAGAR,2000,Whole Year,Dry chillies,14.00,.00
Haryana,YAMUNANAGAR,2000,Whole Year,Onion,85.00,1400.00
Haryana,YAMUNANAGAR,2000,Whole Year,Potato,1035.00,16200.00
Haryana,YAMUNANAGAR,2000,Whole Year,Sugarcane,43876.00,2450000.00
Haryana,YAMUNANAGAR,2000,Whole Year,Turmeric,175.00,.00
Haryana,YAMUNANAGAR,2001,Kharif,Arhar/Tur,47.00,100.00
Haryana,YAMUNANAGAR,2001,Kharif,Bajra,1084.00,1000.00
Haryana,YAMUNANAGAR,2001,Kharif,Cotton(lint),5.00,
Haryana,YAMUNANAGAR,2001,Kharif,Groundnut,86.00,100.00
Haryana,YAMUNANAGAR,2001,Kharif,Horse-gram,8.00,.00
Haryana,YAMUNANAGAR,2001,Kharif,Maize,1661.00,5000.00
Haryana,YAMUNANAGAR,2001,Kharif,Moth,6.00,.00
Haryana,YAMUNANAGAR,2001,Kharif,Rice,53818.00,161000.00
Haryana,YAMUNANAGAR,2001,Kharif,Sesamum,1.00,.00
Haryana,YAMUNANAGAR,2001,Kharif,Urad,525.00,100.00
Haryana,YAMUNANAGAR,2001,Rabi,Barley,17.00,.00
Haryana,YAMUNANAGAR,2001,Rabi,Gram,142.00,.00
Haryana,YAMUNANAGAR,2001,Rabi,Masoor,1922.00,1600.00
Haryana,YAMUNANAGAR,2001,Rabi,Rapeseed &Mustard,1858.00,2000.00
Haryana,YAMUNANAGAR,2001,Rabi,Sunflower,154.00,200.00
Haryana,YAMUNANAGAR,2001,Rabi,Wheat,64904.00,241000.00
Haryana,YAMUNANAGAR,2001,Whole Year,Dry chillies,57.00,100.00
Haryana,YAMUNANAGAR,2001,Whole Year,Onion,118.00,1600.00
Haryana,YAMUNANAGAR,2001,Whole Year,Potato,1031.00,21900.00
Haryana,YAMUNANAGAR,2001,Whole Year,Sugarcane,44289.00,2500000.00
Haryana,YAMUNANAGAR,2002,Kharif,Arhar/Tur,10.00,.00
Haryana,YAMUNANAGAR,2002,Kharif,Bajra,982.00,1000.00
Haryana,YAMUNANAGAR,2002,Kharif,Cotton(lint),2.00,.00
Haryana,YAMUNANAGAR,2002,Kharif,Groundnut,127.00,100.00
Haryana,YAMUNANAGAR,2002,Kharif,Horse-gram,13.00,.00
Haryana,YAMUNANAGAR,2002,Kharif,Maize,1694.00,4000.00
Haryana,YAMUNANAGAR,2002,Kharif,Rice,50192.00,151000.00
Haryana,YAMUNANAGAR,2002,Kharif,Sesamum,24.00,.00
Haryana,YAMUNANAGAR,2002,Kharif,Urad,1012.00,300.00
Haryana,YAMUNANAGAR,2002,Rabi,Barley,27.00,.00
Haryana,YAMUNANAGAR,2002,Rabi,Gram,252.00,.00
Haryana,YAMUNANAGAR,2002,Rabi,Masoor,1896.00,1600.00
Haryana,YAMUNANAGAR,2002,Rabi,Peas & beans (Pulses),44.00,100.00
Haryana,YAMUNANAGAR,2002,Rabi,Rapeseed &Mustard,1818.00,2000.00
Haryana,YAMUNANAGAR,2002,Rabi,Sunflower,273.00,400.00
Haryana,YAMUNANAGAR,2002,Rabi,Wheat,63976.00,235000.00
Haryana,YAMUNANAGAR,2002,Whole Year,Mango,377.00,2700.00
Haryana,YAMUNANAGAR,2002,Whole Year,Onion,135.00,3200.00
Haryana,YAMUNANAGAR,2002,Whole Year,Other Fresh Fruits,5.00,.00
Haryana,YAMUNANAGAR,2002,Whole Year,Other Vegetables,1633.00,3600.00
Haryana,YAMUNANAGAR,2002,Whole Year,Potato,1051.00,22400.00
Haryana,YAMUNANAGAR,2002,Whole Year,Sugarcane,45771.00,2730000.00
Haryana,YAMUNANAGAR,2003,Kharif,Arhar/Tur,59.00,100.00
Haryana,YAMUNANAGAR,2003,Kharif,Bajra,733.00,2000.00
Haryana,YAMUNANAGAR,2003,Kharif,Cotton(lint),3.00,.00
Haryana,YAMUNANAGAR,2003,Kharif,Groundnut,84.00,100.00
Haryana,YAMUNANAGAR,2003,Kharif,Horse-gram,137.00,
Haryana,YAMUNANAGAR,2003,Kharif,Maize,1707.00,5000.00
Haryana,YAMUNANAGAR,2003,Kharif,Moth,14.00,.00
Haryana,YAMUNANAGAR,2003,Kharif,Rice,56776.00,172000.00
Haryana,YAMUNANAGAR,2003,Kharif,Sesamum,5.00,.00
Haryana,YAMUNANAGAR,2003,Kharif,Urad,600.00,100.00
Haryana,YAMUNANAGAR,2003,Rabi,Barley,29.00,.00
Haryana,YAMUNANAGAR,2003,Rabi,Gram,244.00,.00
Haryana,YAMUNANAGAR,2003,Rabi,Masoor,1703.00,1400.00
Haryana,YAMUNANAGAR,2003,Rabi,Peas & beans (Pulses),29.00,.00
Haryana,YAMUNANAGAR,2003,Rabi,Rapeseed &Mustard,1741.00,2000.00
Haryana,YAMUNANAGAR,2003,Rabi,Sunflower,643.00,1000.00
Haryana,YAMUNANAGAR,2003,Rabi,Wheat,71329.00,242000.00
Haryana,YAMUNANAGAR,2003,Whole Year,Dry chillies,28.00,.00
Haryana,YAMUNANAGAR,2003,Whole Year,Mango,535.00,36.00
Haryana,YAMUNANAGAR,2003,Whole Year,Onion,83.00,2000.00
Haryana,YAMUNANAGAR,2003,Whole Year,Other Fresh Fruits,13.00,100.00
Haryana,YAMUNANAGAR,2003,Whole Year,Other Vegetables,2060.00,4500.00
Haryana,YAMUNANAGAR,2003,Whole Year,Potato,1319.00,28100.00
Haryana,YAMUNANAGAR,2003,Whole Year,Sugarcane,42476.00,2480000.00
Haryana,YAMUNANAGAR,2004,Kharif,Arhar/Tur,71.00,
Haryana,YAMUNANAGAR,2004,Kharif,Bajra,980.00,2000.00
Haryana,YAMUNANAGAR,2004,Kharif,Cotton(lint),5.00,
Haryana,YAMUNANAGAR,2004,Kharif,Groundnut,127.00,100.00
Haryana,YAMUNANAGAR,2004,Kharif,Horse-gram,189.00,
Haryana,YAMUNANAGAR,2004,Kharif,Maize,1885.00,5000.00
Haryana,YAMUNANAGAR,2004,Kharif,Rice,58720.00,191000.00
Haryana,YAMUNANAGAR,2004,Kharif,Sesamum,11.00,
Haryana,YAMUNANAGAR,2004,Kharif,Urad,653.00,300.00
Haryana,YAMUNANAGAR,2004,Rabi,Barley,19.00,
Haryana,YAMUNANAGAR,2004,Rabi,Gram,233.00,
Haryana,YAMUNANAGAR,2004,Rabi,Masoor,1689.00,1400.00
Haryana,YAMUNANAGAR,2004,Rabi,Peas & beans (Pulses),25.00,
Haryana,YAMUNANAGAR,2004,Rabi,Rapeseed &Mustard,2400.00,2000.00
Haryana,YAMUNANAGAR,2004,Rabi,Sunflower,761.00,1200.00
Haryana,YAMUNANAGAR,2004,Rabi,Wheat,72248.00,245000.00
Haryana,YAMUNANAGAR,2004,Whole Year,Dry chillies,46.00,200.00
Haryana,YAMUNANAGAR,2004,Whole Year,Onion,256.00,6100.00
Haryana,YAMUNANAGAR,2004,Whole Year,Potato,1279.00,27200.00
Haryana,YAMUNANAGAR,2004,Whole Year,Sugarcane,38355.00,2600000.00
Haryana,YAMUNANAGAR,2005,Kharif,Arhar/Tur,10.00,
Haryana,YAMUNANAGAR,2005,Kharif,Bajra,980.00,1000.00
Haryana,YAMUNANAGAR,2005,Kharif,Cotton(lint),1.00,
Haryana,YAMUNANAGAR,2005,Kharif,Groundnut,98.00,100.00
Haryana,YAMUNANAGAR,2005,Kharif,Horse-gram,94.00,
Haryana,YAMUNANAGAR,2005,Kharif,Maize,2877.00,7000.00
Haryana,YAMUNANAGAR,2005,Kharif,Rice,59276.00,200000.00
Haryana,YAMUNANAGAR,2005,Kharif,Sesamum,10.00,
Haryana,YAMUNANAGAR,2005,Kharif,Urad,475.00,200.00
Haryana,YAMUNANAGAR,2005,Rabi,Barley,30.00,
Haryana,YAMUNANAGAR,2005,Rabi,Gram,265.00,
Haryana,YAMUNANAGAR,2005,Rabi,Masoor,1295.00,1000.00
Haryana,YAMUNANAGAR,2005,Rabi,Peas & beans (Pulses),49.00,100.00
Haryana,YAMUNANAGAR,2005,Rabi,Rapeseed &Mustard,2341.00,2000.00
Haryana,YAMUNANAGAR,2005,Rabi,Sunflower,1333.00,2200.00
Haryana,YAMUNANAGAR,2005,Rabi,Wheat,72294.00,265000.00
Haryana,YAMUNANAGAR,2005,Whole Year,Dry chillies,25.00,
Haryana,YAMUNANAGAR,2005,Whole Year,Onion,226.00,5400.00
Haryana,YAMUNANAGAR,2005,Whole Year,Potato,1786.00,37900.00
Haryana,YAMUNANAGAR,2005,Whole Year,Sugarcane,39936.00,2650000.00
Haryana,YAMUNANAGAR,2006,Kharif,Arhar/Tur,6.00,
Haryana,YAMUNANAGAR,2006,Kharif,Bajra,976.00,2000.00
Haryana,YAMUNANAGAR,2006,Kharif,Cotton(lint),2.00,
Haryana,YAMUNANAGAR,2006,Kharif,Groundnut,93.00,100.00
Haryana,YAMUNANAGAR,2006,Kharif,Horse-gram,76.00,
Haryana,YAMUNANAGAR,2006,Kharif,Jowar,9.00,
Haryana,YAMUNANAGAR,2006,Kharif,Maize,1506.00,5000.00
Haryana,YAMUNANAGAR,2006,Kharif,Moong(Green Gram),56.00,
Haryana,YAMUNANAGAR,2006,Kharif,Rice,59379.00,213000.00
Haryana,YAMUNANAGAR,2006,Kharif,Sesamum,24.00,
Haryana,YAMUNANAGAR,2006,Kharif,Urad,863.00,400.00
Haryana,YAMUNANAGAR,2006,Rabi,Barley,21.00,
Haryana,YAMUNANAGAR,2006,Rabi,Gram,220.00,
Haryana,YAMUNANAGAR,2006,Rabi,Masoor,1382.00,1100.00
Haryana,YAMUNANAGAR,2006,Rabi,Rapeseed &Mustard,2718.00,4000.00
Haryana,YAMUNANAGAR,2006,Rabi,Sunflower,528.00,900.00
Haryana,YAMUNANAGAR,2006,Rabi,Wheat,71315.00,295000.00
Haryana,YAMUNANAGAR,2006,Whole Year,Dry chillies,15.00,
Haryana,YAMUNANAGAR,2006,Whole Year,Onion,60.00,1000.00
Haryana,YAMUNANAGAR,2006,Whole Year,Potato,1560.00,33200.00
Haryana,YAMUNANAGAR,2006,Whole Year,Sugarcane,42191.00,2894000.00
Haryana,YAMUNANAGAR,2007,Kharif,Arhar/Tur,11.00,
Haryana,YAMUNANAGAR,2007,Kharif,Bajra,799.00,2000.00
Haryana,YAMUNANAGAR,2007,Kharif,Cotton(lint),4.00,
Haryana,YAMUNANAGAR,2007,Kharif,Groundnut,84.00,100.00
Haryana,YAMUNANAGAR,2007,Kharif,Horse-gram,76.00,
Haryana,YAMUNANAGAR,2007,Kharif,Jowar,6.00,
Haryana,YAMUNANAGAR,2007,Kharif,Maize,1362.00,3000.00
Haryana,YAMUNANAGAR,2007,Kharif,Rice,59305.00,227000.00
Haryana,YAMUNANAGAR,2007,Kharif,Sesamum,45.00,
Haryana,YAMUNANAGAR,2007,Kharif,Urad,1090.00,500.00
Haryana,YAMUNANAGAR,2007,Rabi,Barley,15.00,
Haryana,YAMUNANAGAR,2007,Rabi,Gram,116.00,
Haryana,YAMUNANAGAR,2007,Rabi,Masoor,885.00,700.00
Haryana,YAMUNANAGAR,2007,Rabi,Peas & beans (Pulses),10.00,
Haryana,YAMUNANAGAR,2007,Rabi,Rapeseed &Mustard,1808.00,2000.00
Haryana,YAMUNANAGAR,2007,Rabi,Sunflower,1905.00,3200.00
Haryana,YAMUNANAGAR,2007,Rabi,Wheat,74452.00,279000.00
Haryana,YAMUNANAGAR,2007,Whole Year,Dry chillies,21.00,100.00
Haryana,YAMUNANAGAR,2007,Whole Year,Garlic,233.00,1200.00
Haryana,YAMUNANAGAR,2007,Whole Year,Onion,425.00,11400.00
Haryana,YAMUNANAGAR,2007,Whole Year,Potato,256.00,5200.00
Haryana,YAMUNANAGAR,2007,Whole Year,Sugarcane,41874.00,2280000.00
Haryana,YAMUNANAGAR,2008,Kharif,Arhar/Tur,12.00,
Haryana,YAMUNANAGAR,2008,Kharif,Bajra,928.00,2000.00
Haryana,YAMUNANAGAR,2008,Kharif,Cotton(lint),8.00,
Haryana,YAMUNANAGAR,2008,Kharif,Groundnut,51.00,100.00
Haryana,YAMUNANAGAR,2008,Kharif,Horse-gram,42.00,
Haryana,YAMUNANAGAR,2008,Kharif,Maize,1320.00,2800.00
Haryana,YAMUNANAGAR,2008,Kharif,Rice,71634.00,221000.00
Haryana,YAMUNANAGAR,2008,Kharif,Sesamum,77.00,
Haryana,YAMUNANAGAR,2008,Kharif,Urad,670.00,300.00
Haryana,YAMUNANAGAR,2008,Rabi,Barley,18.00,
Haryana,YAMUNANAGAR,2008,Rabi,Gram,128.00,
Haryana,YAMUNANAGAR,2008,Rabi,Masoor,1024.00,800.00
Haryana,YAMUNANAGAR,2008,Rabi,Peas & beans (Pulses),6.00,
Haryana,YAMUNANAGAR,2008,Rabi,Rapeseed &Mustard,1680.00,4000.00
Haryana,YAMUNANAGAR,2008,Rabi,Sunflower,368.00,500.00
Haryana,YAMUNANAGAR,2008,Rabi,Wheat,84777.00,345000.00
Haryana,YAMUNANAGAR,2008,Whole Year,Coriander,7.00,
Haryana,YAMUNANAGAR,2008,Whole Year,Dry chillies,20.00,100.00
Haryana,YAMUNANAGAR,2008,Whole Year,Garlic,230.00,1800.00
Haryana,YAMUNANAGAR,2008,Whole Year,Onion,523.00,10800.00
Haryana,YAMUNANAGAR,2008,Whole Year,Potato,776.00,15000.00
Haryana,YAMUNANAGAR,2008,Whole Year,Sugarcane,28839.00,1484000.00
Haryana,YAMUNANAGAR,2008,Whole Year,Turmeric,25.00,300.00
Haryana,YAMUNANAGAR,2009,Kharif,Arhar/Tur,7.00,
Haryana,YAMUNANAGAR,2009,Kharif,Bajra,1243.00,2000.00
Haryana,YAMUNANAGAR,2009,Kharif,Cotton(lint),7.00,
Haryana,YAMUNANAGAR,2009,Kharif,Groundnut,45.00,100.00
Haryana,YAMUNANAGAR,2009,Kharif,Horse-gram,63.00,
Haryana,YAMUNANAGAR,2009,Kharif,Maize,1245.00,2000.00
Haryana,YAMUNANAGAR,2009,Kharif,Rice,73525.00,267000.00
Haryana,YAMUNANAGAR,2009,Kharif,Sesamum,77.00,
Haryana,YAMUNANAGAR,2009,Kharif,Urad,872.00,400.00
Haryana,YAMUNANAGAR,2009,Rabi,Barley,16.00,
Haryana,YAMUNANAGAR,2009,Rabi,Gram,137.00,
Haryana,YAMUNANAGAR,2009,Rabi,Masoor,1064.00,900.00
Haryana,YAMUNANAGAR,2009,Rabi,Peas & beans (Pulses),10.00,
Haryana,YAMUNANAGAR,2009,Rabi,Sunflower,676.00,1000.00
Haryana,YAMUNANAGAR,2009,Rabi,Wheat,85751.00,355000.00
Haryana,YAMUNANAGAR,2009,Whole Year,Dry chillies,24.00,
Haryana,YAMUNANAGAR,2009,Whole Year,Onion,141.00,2300.00
Haryana,YAMUNANAGAR,2009,Whole Year,Potato,1151.00,28400.00
Haryana,YAMUNANAGAR,2009,Whole Year,Sugarcane,25373.00,180900.00
Haryana,YAMUNANAGAR,2010,Kharif,Arhar/Tur,2.00,
Haryana,YAMUNANAGAR,2010,Kharif,Bajra,934.00,2000.00
Haryana,YAMUNANAGAR,2010,Kharif,Cotton(lint),1.00,
Haryana,YAMUNANAGAR,2010,Kharif,Groundnut,21.00,
Haryana,YAMUNANAGAR,2010,Kharif,Horse-gram,28.00,
Haryana,YAMUNANAGAR,2010,Kharif,Maize,936.00,3000.00
Haryana,YAMUNANAGAR,2010,Kharif,Other Kharif pulses,341.00,
Haryana,YAMUNANAGAR,2010,Kharif,Rice,74578.00,244000.00
Haryana,YAMUNANAGAR,2010,Kharif,Sesamum,53.00,
Haryana,YAMUNANAGAR,2010,Kharif,Sunflower,391.00,600.00
Haryana,YAMUNANAGAR,2010,Rabi,Barley,26.00,
Haryana,YAMUNANAGAR,2010,Rabi,Gram,138.00,
Haryana,YAMUNANAGAR,2010,Rabi,Masoor,1064.00,1100.00
Haryana,YAMUNANAGAR,2010,Rabi,Other  Rabi pulses,102.00,
Haryana,YAMUNANAGAR,2010,Rabi,Peas & beans (Pulses),31.00,
Haryana,YAMUNANAGAR,2010,Rabi,Rapeseed &Mustard,2362.00,4000.00
Haryana,YAMUNANAGAR,2010,Rabi,Wheat,83403.00,378000.00
Haryana,YAMUNANAGAR,2010,Whole Year,Dry chillies,15.00,
Haryana,YAMUNANAGAR,2010,Whole Year,Onion,351.00,7400.00
Haryana,YAMUNANAGAR,2010,Whole Year,Potato,1200.00,28300.00
Haryana,YAMUNANAGAR,2010,Whole Year,Sugarcane,25391.00,171000.00
Haryana,YAMUNANAGAR,2010,Whole Year,Turmeric,40.00,
Haryana,YAMUNANAGAR,2011,Kharif,Arhar/Tur,10.00,
Haryana,YAMUNANAGAR,2011,Kharif,Bajra,598.00,2000.00
Haryana,YAMUNANAGAR,2011,Kharif,Dry ginger,4.00,
Haryana,YAMUNANAGAR,2011,Kharif,Groundnut,49.00,
Haryana,YAMUNANAGAR,2011,Kharif,Horse-gram,65.00,
Haryana,YAMUNANAGAR,2011,Kharif,Maize,1472.00,3000.00
Haryana,YAMUNANAGAR,2011,Kharif,Moth,1.00,
Haryana,YAMUNANAGAR,2011,Kharif,Rice,72653.00,268000.00
Haryana,YAMUNANAGAR,2011,Kharif,Sesamum,35.00,
Haryana,YAMUNANAGAR,2011,Kharif,Sunflower,238.00,200.00
Haryana,YAMUNANAGAR,2011,Kharif,Urad,535.00,200.00
Haryana,YAMUNANAGAR,2011,Rabi,Barley,3.00,
Haryana,YAMUNANAGAR,2011,Rabi,Gram,110.00,
Haryana,YAMUNANAGAR,2011,Rabi,Masoor,833.00,900.00
Haryana,YAMUNANAGAR,2011,Rabi,Peas & beans (Pulses),6.00,
Haryana,YAMUNANAGAR,2011,Rabi,Rapeseed &Mustard,2611.00,3300.00
Haryana,YAMUNANAGAR,2011,Rabi,Wheat,84789.00,456000.00
Haryana,YAMUNANAGAR,2011,Whole Year,Coriander,53.00,
Haryana,YAMUNANAGAR,2011,Whole Year,Garlic,240.00,200.00
Haryana,YAMUNANAGAR,2011,Whole Year,Onion,279.00,5000.00
Haryana,YAMUNANAGAR,2011,Whole Year,Potato,540.00,8100.00
Haryana,YAMUNANAGAR,2011,Whole Year,Sugarcane,25903.00,172000.00
Haryana,YAMUNANAGAR,2011,Whole Year,Turmeric,201.00,200.00
Haryana,YAMUNANAGAR,2012,Kharif,Arhar/Tur,2.00,1.00
Haryana,YAMUNANAGAR,2012,Kharif,Bajra,610.00,2000.00
Haryana,YAMUNANAGAR,2012,Kharif,Groundnut,18.00,16.00
Haryana,YAMUNANAGAR,2012,Kharif,Horse-gram,34.00,13.00
Haryana,YAMUNANAGAR,2012,Kharif,Maize,738.00,2000.00
Haryana,YAMUNANAGAR,2012,Kharif,Moong(Green Gram),130.00,71.00
Haryana,YAMUNANAGAR,2012,Kharif,Rice,70040.00,277000.00
Haryana,YAMUNANAGAR,2012,Kharif,Sesamum,19.00,7.00
Haryana,YAMUNANAGAR,2012,Kharif,Sunflower,369.00,700.00
Haryana,YAMUNANAGAR,2012,Kharif,Urad,707.00,335.00
Haryana,YAMUNANAGAR,2012,Rabi,Barley,5.00,
Haryana,YAMUNANAGAR,2012,Rabi,Gram,118.00,
Haryana,YAMUNANAGAR,2012,Rabi,Masoor,707.00,725.00
Haryana,YAMUNANAGAR,2012,Rabi,Peas & beans (Pulses),28.00,29.00
Haryana,YAMUNANAGAR,2012,Rabi,Rapeseed &Mustard,3083.00,4200.00
Haryana,YAMUNANAGAR,2012,Rabi,Wheat,85102.00,369000.00
Haryana,YAMUNANAGAR,2012,Whole Year,Dry chillies,11.00,100.00
Haryana,YAMUNANAGAR,2012,Whole Year,Onion,285.00,8000.00
Haryana,YAMUNANAGAR,2012,Whole Year,Potato,937.00,21000.00
Haryana,YAMUNANAGAR,2012,Whole Year,Sugarcane,27163.00,1998000.00
Haryana,YAMUNANAGAR,2012,Whole Year,Turmeric,195.00,185.00
Punjab,AMRITSAR,1997,Kharif,Arhar/Tur,1800.00,1400.00
Punjab,AMRITSAR,1997,Kharif,Bajra,1000.00,1000.00
Punjab,AMRITSAR,1997,Kharif,Maize,7000.00,14000.00
Punjab,AMRITSAR,1997,Kharif,Rice,292000.00,879000.00
Punjab,AMRITSAR,1997,Kharif,Sesamum,6000.00,1700.00
Punjab,AMRITSAR,1997,Kharif,Urad,600.00,200.00
Punjab,AMRITSAR,1997,Rabi,Gram,400.00,300.00
Punjab,AMRITSAR,1997,Rabi,Masoor,700.00,400.00
Punjab,AMRITSAR,1997,Rabi,Rapeseed &Mustard,8000.00,6000.00
Punjab,AMRITSAR,1997,Rabi,Wheat,349000.00,1318000.00
Punjab,AMRITSAR,1997,Whole Year,Cotton(lint),5000.00,2000.00
Punjab,AMRITSAR,1997,Whole Year,Moong(Green Gram),8400.00,5300.00
Punjab,AMRITSAR,1997,Whole Year,Sugarcane,11000.00,600000.00
Punjab,AMRITSAR,1998,Kharif,Arhar/Tur,1100.00,700.00
Punjab,AMRITSAR,1998,Kharif,Cotton(lint),4000.00,3000.00
Punjab,AMRITSAR,1998,Kharif,Maize,6000.00,14000.00
Punjab,AMRITSAR,1998,Kharif,Moong(Green Gram),8300.00,5100.00
Punjab,AMRITSAR,1998,Kharif,Rice,305000.00,878000.00
Punjab,AMRITSAR,1998,Kharif,Sesamum,4700.00,1500.00
Punjab,AMRITSAR,1998,Kharif,Urad,400.00,200.00
Punjab,AMRITSAR,1998,Rabi,Gram,2200.00,200.00
Punjab,AMRITSAR,1998,Rabi,Masoor,700.00,600.00
Punjab,AMRITSAR,1998,Rabi,Peas & beans (Pulses),400.00,300.00
Punjab,AMRITSAR,1998,Rabi,Rapeseed &Mustard,4000.00,4000.00
Punjab,AMRITSAR,1998,Rabi,Wheat,214000.00,862000.00
Punjab,AMRITSAR,1998,Whole Year,Sugarcane,9000.00,540000.00
Punjab,AMRITSAR,1999,Kharif,Arhar/Tur,1200.00,1300.00
Punjab,AMRITSAR,1999,Kharif,Cotton(lint),2000.00,3000.00
Punjab,AMRITSAR,1999,Kharif,Maize,5000.00,12000.00
Punjab,AMRITSAR,1999,Kharif,Moong(Green Gram),6300.00,4700.00
Punjab,AMRITSAR,1999,Kharif,Rice,319000.00,991000.00
Punjab,AMRITSAR,1999,Kharif,Sesamum,6400.00,1800.00
Punjab,AMRITSAR,1999,Kharif,Urad,400.00,200.00
Punjab,AMRITSAR,1999,Rabi,Gram,400.00,400.00
Punjab,AMRITSAR,1999,Rabi,Masoor,500.00,500.00
Punjab,AMRITSAR,1999,Rabi,Peas & beans (Pulses),600.00,600.00
Punjab,AMRITSAR,1999,Rabi,Rapeseed &Mustard,5000.00,6000.00
Punjab,AMRITSAR,1999,Rabi,Wheat,358000.00,1738000.00
Punjab,AMRITSAR,1999,Whole Year,Sugarcane,8000.00,530000.00
Punjab,AMRITSAR,2000,Kharif,Arhar/Tur,1200.00,1400.00
Punjab,AMRITSAR,2000,Kharif,Cotton(lint),2000.00,2000.00
Punjab,AMRITSAR,2000,Kharif,Maize,5000.00,11000.00
Punjab,AMRITSAR,2000,Kharif,Moong(Green Gram),3500.00,1900.00
Punjab,AMRITSAR,2000,Kharif,Rice,319000.00,972000.00
Punjab,AMRITSAR,2000,Kharif,Sesamum,8700.00,3400.00
Punjab,AMRITSAR,2000,Rabi,Gram,500.00,500.00
Punjab,AMRITSAR,2000,Rabi,Masoor,500.00,400.00
Punjab,AMRITSAR,2000,Rabi,Other  Rabi pulses,300.00,300.00
Punjab,AMRITSAR,2000,Rabi,Wheat,361000.00,1690000.00
Punjab,AMRITSAR,2000,Whole Year,Sugarcane,11000.00,700000.00
Punjab,AMRITSAR,2001,Kharif,Arhar/Tur,1400.00,1100.00
Punjab,AMRITSAR,2001,Kharif,Cotton(lint),2000.00,3000.00
Punjab,AMRITSAR,2001,Kharif,Maize,5000.00,12000.00
Punjab,AMRITSAR,2001,Kharif,Moong(Green Gram),2700.00,1600.00
Punjab,AMRITSAR,2001,Kharif,Rice,319000.00,958000.00
Punjab,AMRITSAR,2001,Kharif,Sesamum,9000.00,3500.00
Punjab,AMRITSAR,2001,Rabi,Gram,500.00,400.00
Punjab,AMRITSAR,2001,Rabi,Masoor,600.00,500.00
Punjab,AMRITSAR,2001,Rabi,Rapeseed &Mustard,300.00,300.00
Punjab,AMRITSAR,2001,Rabi,Wheat,363000.00,1700000.00
Punjab,AMRITSAR,2001,Whole Year,Sugarcane,11000.00,750000.00
Punjab,AMRITSAR,2002,Kharif,Arhar/Tur,1200.00,1000.00
Punjab,AMRITSAR,2002,Kharif,Cotton(lint),1000.00,1000.00
Punjab,AMRITSAR,2002,Kharif,Maize,4000.00,7000.00
Punjab,AMRITSAR,2002,Kharif,Moong(Green Gram),1800.00,1300.00
Punjab,AMRITSAR,2002,Kharif,Rice,311000.00,879000.00
Punjab,AMRITSAR,2002,Kharif,Sesamum,5200.00,1500.00
Punjab,AMRITSAR,2002,Kharif,Urad,700.00,300.00
Punjab,AMRITSAR,2002,Rabi,Gram,300.00,300.00
Punjab,AMRITSAR,2002,Rabi,Masoor,500.00,300.00
Punjab,AMRITSAR,2002,Rabi,Rapeseed &Mustard,2000.00,2000.00
Punjab,AMRITSAR,2002,Rabi,Wheat,356000.00,1513000.00
Punjab,AMRITSAR,2002,Whole Year,Sugarcane,11000.00,720000.00
Punjab,AMRITSAR,2003,Kharif,Arhar/Tur,1500.00,1400.00
Punjab,AMRITSAR,2003,Kharif,Cotton(lint),1000.00,2000.00
Punjab,AMRITSAR,2003,Kharif,Maize,4000.00,13000.00
Punjab,AMRITSAR,2003,Kharif,Moong(Green Gram),2800.00,1900.00
Punjab,AMRITSAR,2003,Kharif,Rice,326000.00,872000.00
Punjab,AMRITSAR,2003,Kharif,Sesamum,3800.00,1300.00
Punjab,AMRITSAR,2003,Kharif,Urad,800.00,300.00
Punjab,AMRITSAR,2003,Rabi,Gram,300.00,300.00
Punjab,AMRITSAR,2003,Rabi,Masoor,400.00,300.00
Punjab,AMRITSAR,2003,Rabi,Rapeseed &Mustard,2000.00,2000.00
Punjab,AMRITSAR,2003,Rabi,Sunflower,1000.00,2000.00
Punjab,AMRITSAR,2003,Rabi,Wheat,358000.00,1538000.00
Punjab,AMRITSAR,2003,Whole Year,Sugarcane,10000.00,570000.00
Punjab,AMRITSAR,2004,Kharif,Arhar/Tur,1400.00,1100.00
Punjab,AMRITSAR,2004,Kharif,Cotton(lint),1000.00,3000.00
Punjab,AMRITSAR,2004,Kharif,Maize,4000.00,13000.00
Punjab,AMRITSAR,2004,Kharif,Moong(Green Gram),2200.00,1600.00
Punjab,AMRITSAR,2004,Kharif,Rice,334000.00,1034000.00
Punjab,AMRITSAR,2004,Kharif,Sesamum,3400.00,1600.00
Punjab,AMRITSAR,2004,Kharif,Urad,300.00,100.00
Punjab,AMRITSAR,2004,Rabi,Gram,200.00,200.00
Punjab,AMRITSAR,2004,Rabi,Masoor,300.00,.00
Punjab,AMRITSAR,2004,Rabi,Rapeseed &Mustard,2000.00,2000.00
Punjab,AMRITSAR,2004,Rabi,Wheat,372000.00,1591000.00
Punjab,AMRITSAR,2004,Whole Year,Sugarcane,7000.00,440000.00
Punjab,AMRITSAR,2005,Kharif,Arhar/Tur,1100.00,900.00
Punjab,AMRITSAR,2005,Kharif,Cotton(lint),1000.00,3000.00
Punjab,AMRITSAR,2005,Kharif,Maize,3000.00,11000.00
Punjab,AMRITSAR,2005,Kharif,Moong(Green Gram),1500.00,1100.00
Punjab,AMRITSAR,2005,Kharif,Rice,345000.00,1003000.00
Punjab,AMRITSAR,2005,Kharif,Sesamum,4600.00,1600.00
Punjab,AMRITSAR,2005,Kharif,Urad,200.00,100.00
Punjab,AMRITSAR,2005,Rabi,Masoor,100.00,100.00
Punjab,AMRITSAR,2005,Rabi,Peas & beans (Pulses),300.00,400.00
Punjab,AMRITSAR,2005,Rabi,Rapeseed &Mustard,2000.00,2000.00
Punjab,AMRITSAR,2005,Rabi,Wheat,371000.00,1643000.00
Punjab,AMRITSAR,2005,Whole Year,Sugarcane,6000.00,367000.00
Punjab,AMRITSAR,2006,Kharif,Arhar/Tur,200.00,200.00
Punjab,AMRITSAR,2006,Kharif,Maize,2000.00,9000.00
Punjab,AMRITSAR,2006,Kharif,Rice,178000.00,538000.00
Punjab,AMRITSAR,2006,Kharif,Sesamum,2100.00,800.00
Punjab,AMRITSAR,2006,Kharif,Urad,300.00,100.00
Punjab,AMRITSAR,2006,Rabi,Masoor,100.00,100.00
Punjab,AMRITSAR,2006,Rabi,Peas & beans (Pulses),100.00,100.00
Punjab,AMRITSAR,2006,Rabi,Rapeseed &Mustard,1000.00,1000.00
Punjab,AMRITSAR,2006,Rabi,Wheat,185000.00,767000.00
Punjab,AMRITSAR,2007,Kharif,Arhar/Tur,200.00,200.00
Punjab,AMRITSAR,2007,Kharif,Maize,2000.00,10000.00
Punjab,AMRITSAR,2007,Kharif,Rice,178000.00,546000.00
Punjab,AMRITSAR,2007,Kharif,Sesamum,1900.00,600.00
Punjab,AMRITSAR,2007,Kharif,Urad,500.00,200.00
Punjab,AMRITSAR,2007,Rabi,Masoor,1000.00,1000.00
Punjab,AMRITSAR,2007,Rabi,Rapeseed &Mustard,2000.00,2000.00
Punjab,AMRITSAR,2007,Rabi,Wheat,184000.00,810000.00
Punjab,AMRITSAR,2008,Kharif,Arhar/Tur,200.00,200.00
Punjab,AMRITSAR,2008,Kharif,Bajra,1000.00,1000.00
Punjab,AMRITSAR,2008,Kharif,Maize,1000.00,4000.00
Punjab,AMRITSAR,2008,Kharif,Moong(Green Gram),100.00,100.00
Punjab,AMRITSAR,2008,Kharif,Rice,183000.00,532000.00
Punjab,AMRITSAR,2008,Kharif,Sesamum,2000.00,700.00
Punjab,AMRITSAR,2008,Kharif,Urad,200.00,100.00
Punjab,AMRITSAR,2008,Rabi,Masoor,1000.00,1000.00
Punjab,AMRITSAR,2008,Rabi,Rapeseed &Mustard,1000.00,1000.00
Punjab,AMRITSAR,2008,Rabi,Wheat,187000.00,757000.00
Punjab,AMRITSAR,2009,Kharif,Arhar/Tur,100.00,100.00
Punjab,AMRITSAR,2009,Kharif,Maize,1000.00,4000.00
Punjab,AMRITSAR,2009,Kharif,Rice,185000.00,501000.00
Punjab,AMRITSAR,2009,Kharif,Sesamum,1600.00,600.00
Punjab,AMRITSAR,2009,Kharif,Urad,200.00,200.00
Punjab,AMRITSAR,2009,Rabi,Rapeseed &Mustard,1000.00,2000.00
Punjab,AMRITSAR,2009,Rabi,Wheat,185000.00,753000.00
Punjab,AMRITSAR,2009,Whole Year,Sugarcane,300.00,18000.00
Punjab,AMRITSAR,2010,Kharif,Arhar/Tur,100.00,100.00
Punjab,AMRITSAR,2010,Kharif,Maize,1000.00,3000.00
Punjab,AMRITSAR,2010,Kharif,Moong(Green Gram),100.00,100.00
Punjab,AMRITSAR,2010,Kharif,Rice,186000.00,503000.00
Punjab,AMRITSAR,2010,Kharif,Sesamum,1500.00,500.00
Punjab,AMRITSAR,2010,Kharif,Urad,300.00,200.00
Punjab,AMRITSAR,2010,Rabi,Peas & beans (Pulses),400.00,500.00
Punjab,AMRITSAR,2010,Rabi,Rapeseed &Mustard,1000.00,1000.00
Punjab,AMRITSAR,2010,Rabi,Wheat,189000.00,810000.00
Punjab,AMRITSAR,2011,Kharif,Arhar/Tur,1000.00,1000.00
Punjab,AMRITSAR,2011,Kharif,Bajra,1000.00,1000.00
Punjab,AMRITSAR,2011,Kharif,Maize,1000.00,6000.00
Punjab,AMRITSAR,2011,Kharif,Rice,184000.00,482000.00
Punjab,AMRITSAR,2011,Kharif,Sesamum,13000.00,3000.00
Punjab,AMRITSAR,2011,Kharif,Urad,2000.00,1000.00
Punjab,AMRITSAR,2011,Rabi,Peas & beans (Pulses),1000.00,1000.00
Punjab,AMRITSAR,2011,Rabi,Rapeseed &Mustard,1000.00,2000.00
Punjab,AMRITSAR,2011,Rabi,Wheat,190000.00,945000.00
Punjab,AMRITSAR,2011,Whole Year,Sugarcane,3.00,203000.00
Punjab,AMRITSAR,2012,Kharif,Arhar/Tur,100.00,100.00
Punjab,AMRITSAR,2012,Kharif,Rice,185000.00,544000.00
Punjab,AMRITSAR,2012,Kharif,Sesamum,1200.00,400.00
Punjab,AMRITSAR,2012,Kharif,Urad,400.00,200.00
Punjab,AMRITSAR,2012,Rabi,Gram,100.00,100.00
Punjab,AMRITSAR,2012,Rabi,Masoor,100.00,100.00
Punjab,AMRITSAR,2012,Rabi,Rapeseed &Mustard,1000.00,1400.00
Punjab,AMRITSAR,2012,Rabi,Wheat,190000.00,884000.00
Punjab,AMRITSAR,2012,Whole Year,Guar seed,300.00,300.00
Punjab,AMRITSAR,2012,Whole Year,Sugarcane,2000.00,141000.00
Punjab,AMRITSAR,2013,Kharif,Arhar/Tur,2000.00,2000.00
Punjab,AMRITSAR,2013,Kharif,Maize,1000.00,4000.00
Punjab,AMRITSAR,2013,Kharif,Moong(Green Gram),1000.00,1000.00
Punjab,AMRITSAR,2013,Kharif,Rice,182000.00,518000.00
Punjab,AMRITSAR,2013,Kharif,Sesamum,13000.00,3000.00
Punjab,AMRITSAR,2013,Kharif,Urad,3000.00,1400.00
Punjab,AMRITSAR,2013,Rabi,Gram,1000.00,1200.00
Punjab,AMRITSAR,2013,Rabi,Rapeseed &Mustard,1000.00,1400.00
Punjab,AMRITSAR,2013,Rabi,Wheat,188000.00,934000.00
Punjab,AMRITSAR,2013,Whole Year,Sugarcane,5000.00,401000.00
Punjab,AMRITSAR,2014,Kharif,Arhar/Tur,2000.00,1800.00
Punjab,AMRITSAR,2014,Kharif,Maize,1000.00,4000.00
Punjab,AMRITSAR,2014,Kharif,Moong(Green Gram),3000.00,3000.00
Punjab,AMRITSAR,2014,Kharif,Rice,182000.00,505000.00
Punjab,AMRITSAR,2014,Kharif,Sesamum,17000.00,3000.00
Punjab,AMRITSAR,2014,Kharif,Urad,2000.00,1100.00
Punjab,AMRITSAR,2014,Rabi,Peas & beans (Pulses),4000.00,4300.00
Punjab,AMRITSAR,2014,Rabi,Rapeseed &Mustard,1000.00,1000.00
Punjab,AMRITSAR,2014,Rabi,Wheat,188000.00,736000.00
Punjab,AMRITSAR,2014,Whole Year,Sugarcane,4000.00,301000.00
Punjab,BARNALA,2007,Kharif,Arhar/Tur,100.00,100.00
Punjab,BARNALA,2007,Kharif,Cotton(lint),14000.00,81000.00
Punjab,BARNALA,2007,Kharif,Moong(Green Gram),800.00,900.00
Punjab,BARNALA,2007,Kharif,Rice,99000.00,466000.00
Punjab,BARNALA,2007,Rabi,Barley,1000.00,3000.00
Punjab,BARNALA,2007,Rabi,Gram,1000.00,1000.00
Punjab,BARNALA,2007,Rabi,Rapeseed &Mustard,1000.00,1000.00
Punjab,BARNALA,2007,Rabi,Wheat,112000.00,535000.00
Punjab,BARNALA,2008,Kharif,Arhar/Tur,100.00,100.00
Punjab,BARNALA,2008,Kharif,Cotton(lint),12000.00,57000.00
Punjab,BARNALA,2008,Kharif,Guar seed,1.00,1.00
Punjab,BARNALA,2008,Kharif,Moong(Green Gram),500.00,500.00
Punjab,BARNALA,2008,Kharif,Rice,102000.00,485000.00
Punjab,BARNALA,2008,Rabi,Barley,1000.00,3000.00
Punjab,BARNALA,2008,Rabi,Gram,1000.00,1000.00
Punjab,BARNALA,2008,Rabi,Rapeseed &Mustard,1000.00,2000.00
Punjab,BARNALA,2008,Rabi,Wheat,114000.00,554000.00
Punjab,BARNALA,2009,Kharif,Arhar/Tur,100.00,100.00
Punjab,BARNALA,2009,Kharif,Cotton(lint),11000.00,50000.00
Punjab,BARNALA,2009,Kharif,Moong(Green Gram),500.00,500.00
Punjab,BARNALA,2009,Kharif,Rice,104000.00,496000.00
Punjab,BARNALA,2009,Rabi,Barley,1000.00,3000.00
Punjab,BARNALA,2009,Rabi,Gram,3000.00,3000.00
Punjab,BARNALA,2009,Rabi,Rapeseed &Mustard,1000.00,1000.00
Punjab,BARNALA,2009,Rabi,Wheat,114000.00,520000.00
Punjab,BARNALA,2010,Kharif,Arhar/Tur,100.00,100.00
Punjab,BARNALA,2010,Kharif,Cotton(lint),10000.00,40000.00
Punjab,BARNALA,2010,Kharif,Moong(Green Gram),500.00,600.00
Punjab,BARNALA,2010,Kharif,Rice,105000.00,465000.00
Punjab,BARNALA,2010,Rabi,Barley,1000.00,3000.00
Punjab,BARNALA,2010,Rabi,Gram,100.00,100.00
Punjab,BARNALA,2010,Rabi,Rapeseed &Mustard,1000.00,1000.00
Punjab,BARNALA,2010,Rabi,Wheat,115000.00,572000.00
Punjab,BARNALA,2011,Kharif,Arhar/Tur,1000.00,1000.00
Punjab,BARNALA,2011,Kharif,Cotton(lint),11000.00,44000.00
Punjab,BARNALA,2011,Kharif,Moong(Green Gram),4000.00,5000.00
Punjab,BARNALA,2011,Kharif,Rice,105000.00,459000.00
Punjab,BARNALA,2011,Rabi,Barley,1000.00,4000.00
Punjab,BARNALA,2011,Rabi,Gram,1000.00,1000.00
Punjab,BARNALA,2011,Rabi,Rapeseed &Mustard,1000.00,1000.00
Punjab,BARNALA,2011,Rabi,Wheat,115000.00,615000.00
Punjab,BARNALA,2012,Kharif,Arhar/Tur,100.00,100.00
Punjab,BARNALA,2012,Kharif,Cotton(lint),9000.00,32000.00
Punjab,BARNALA,2012,Kharif,Moong(Green Gram),300.00,300.00
Punjab,BARNALA,2012,Kharif,Rice,106000.00,490000.00
Punjab,BARNALA,2012,Rabi,Barley,1000.00,3000.00
Punjab,BARNALA,2012,Rabi,Wheat,114000.00,567000.00
Punjab,BARNALA,2012,Whole Year,Guar seed,4300.00,3800.00
Punjab,BARNALA,2013,Kharif,Arhar/Tur,1000.00,1000.00
Punjab,BARNALA,2013,Kharif,Cotton(lint),9000.00,37000.00
Punjab,BARNALA,2013,Kharif,Guar seed,400.00,500.00
Punjab,BARNALA,2013,Kharif,Moong(Green Gram),3000.00,3000.00
Punjab,BARNALA,2013,Kharif,Rice,107000.00,500000.00
Punjab,BARNALA,2013,Rabi,Barley,1000.00,4000.00
Punjab,BARNALA,2013,Rabi,Gram,1000.00,1200.00
Punjab,BARNALA,2013,Rabi,Wheat,114000.00,596000.00
Punjab,BARNALA,2013,Whole Year,Sugarcane,1000.00,90000.00
Punjab,BARNALA,2014,Kharif,Arhar/Tur,1000.00,900.00
Punjab,BARNALA,2014,Kharif,Cotton(lint),8000.00,31000.00
Punjab,BARNALA,2014,Kharif,Guar seed,100.00,100.00
Punjab,BARNALA,2014,Kharif,Moong(Green Gram),3000.00,3000.00
Punjab,BARNALA,2014,Kharif,Rice,108000.00,507000.00
Punjab,BARNALA,2014,Rabi,Barley,1000.00,3600.00
Punjab,BARNALA,2014,Rabi,Gram,1000.00,1000.00
Punjab,BARNALA,2014,Rabi,Rapeseed &Mustard,1000.00,1300.00
Punjab,BARNALA,2014,Rabi,Wheat,114000.00,527000.00
Punjab,BARNALA,2014,Whole Year,Sugarcane,1000.00,87000.00
Punjab,BATHINDA,1997,Kharif,Bajra,1000.00,1000.00
Punjab,BATHINDA,1997,Kharif,Groundnut,1000.00,1000.00
Punjab,BATHINDA,1997,Kharif,Rice,53000.00,212000.00
Punjab,BATHINDA,1997,Rabi,Barley,5000.00,12000.00
Punjab,BATHINDA,1997,Rabi,Gram,4200.00,3400.00
Punjab,BATHINDA,1997,Rabi,Rapeseed &Mustard,10000.00,7000.00
Punjab,BATHINDA,1997,Rabi,Wheat,236000.00,819000.00
Punjab,BATHINDA,1997,Whole Year,Cotton(lint),199000.00,286000.00
Punjab,BATHINDA,1997,Whole Year,Moong(Green Gram),2400.00,1500.00
Punjab,BATHINDA,1998,Kharif,Bajra,1000.00,1000.00
Punjab,BATHINDA,1998,Kharif,Cotton(lint),170000.00,173000.00
Punjab,BATHINDA,1998,Kharif,Groundnut,1000.00,1000.00
Punjab,BATHINDA,1998,Kharif,Moong(Green Gram),2500.00,1300.00
Punjab,BATHINDA,1998,Kharif,Rice,84000.00,287000.00
Punjab,BATHINDA,1998,Rabi,Barley,1000.00,3000.00
Punjab,BATHINDA,1998,Rabi,Gram,3800.00,2800.00
Punjab,BATHINDA,1998,Rabi,Rapeseed &Mustard,2000.00,2000.00
Punjab,BATHINDA,1998,Rabi,Wheat,258000.00,1144000.00
Punjab,BATHINDA,1999,Kharif,Arhar/Tur,100.00,100.00
Punjab,BATHINDA,1999,Kharif,Bajra,1000.00,1000.00
Punjab,BATHINDA,1999,Kharif,Cotton(lint),151000.00,279000.00
Punjab,BATHINDA,1999,Kharif,Groundnut,1000.00,1000.00
Punjab,BATHINDA,1999,Kharif,Moong(Green Gram),2200.00,1000.00
Punjab,BATHINDA,1999,Kharif,Rice,99000.00,392000.00
Punjab,BATHINDA,1999,Rabi,Barley,4000.00,13000.00
Punjab,BATHINDA,1999,Rabi,Gram,1100.00,1000.00
Punjab,BATHINDA,1999,Rabi,Rapeseed &Mustard,7000.00,8000.00
Punjab,BATHINDA,1999,Rabi,Wheat,242000.00,1117000.00
Punjab,BATHINDA,2000,Kharif,Bajra,1000.00,1000.00
Punjab,BATHINDA,2000,Kharif,Cotton(lint),147000.00,331000.00
Punjab,BATHINDA,2000,Kharif,Maize,1000.00,3000.00
Punjab,BATHINDA,2000,Kharif,Moong(Green Gram),1700.00,400.00
Punjab,BATHINDA,2000,Kharif,Moth,100.00,100.00
Punjab,BATHINDA,2000,Kharif,Rice,99000.00,350000.00
Punjab,BATHINDA,2000,Kharif,Sesamum,100.00,10.00
Punjab,BATHINDA,2000,Rabi,Barley,5000.00,14000.00
Punjab,BATHINDA,2000,Rabi,Gram,1100.00,600.00
Punjab,BATHINDA,2000,Rabi,Wheat,243000.00,1014000.00
Punjab,BATHINDA,2001,Kharif,Cotton(lint),162000.00,375000.00
Punjab,BATHINDA,2001,Kharif,Groundnut,100.00,100.00
Punjab,BATHINDA,2001,Kharif,Moong(Green Gram),1600.00,600.00
Punjab,BATHINDA,2001,Kharif,Moth,100.00,100.00
Punjab,BATHINDA,2001,Kharif,Rice,82000.00,307000.00
Punjab,BATHINDA,2001,Kharif,Sesamum,400.00,200.00
Punjab,BATHINDA,2001,Rabi,Barley,3000.00,8000.00
Punjab,BATHINDA,2001,Rabi,Gram,700.00,400.00
Punjab,BATHINDA,2001,Rabi,Rapeseed &Mustard,700.00,900.00
Punjab,BATHINDA,2001,Rabi,Wheat,243000.00,949000.00
Punjab,BATHINDA,2001,Whole Year,Sugarcane,1000.00,70000.00
Punjab,BATHINDA,2002,Kharif,Bajra,1000.00,1000.00
Punjab,BATHINDA,2002,Kharif,Cotton(lint),125000.00,347000.00
Punjab,BATHINDA,2002,Kharif,Groundnut,700.00,600.00
Punjab,BATHINDA,2002,Kharif,Maize,1000.00,2000.00
Punjab,BATHINDA,2002,Kharif,Moong(Green Gram),1200.00,600.00
Punjab,BATHINDA,2002,Kharif,Rice,107000.00,367000.00
Punjab,BATHINDA,2002,Kharif,Sesamum,1600.00,400.00
Punjab,BATHINDA,2002,Rabi,Barley,3000.00,10000.00
Punjab,BATHINDA,2002,Rabi,Gram,700.00,800.00
Punjab,BATHINDA,2002,Rabi,Rapeseed &Mustard,13000.00,12000.00
Punjab,BATHINDA,2002,Rabi,Wheat,239000.00,999000.00
Punjab,BATHINDA,2002,Whole Year,Guar seed,11100.00,9400.00
Punjab,BATHINDA,2002,Whole Year,Sugarcane,1000.00,60000.00
Punjab,BATHINDA,2003,Kharif,Arhar/Tur,100.00,100.00
Punjab,BATHINDA,2003,Kharif,Bajra,1000.00,1000.00
Punjab,BATHINDA,2003,Kharif,Cotton(lint),128000.00,411000.00
Punjab,BATHINDA,2003,Kharif,Groundnut,300.00,200.00
Punjab,BATHINDA,2003,Kharif,Maize,1000.00,3000.00
Punjab,BATHINDA,2003,Kharif,Moong(Green Gram),1800.00,1100.00
Punjab,BATHINDA,2003,Kharif,Moth,100.00,100.00
Punjab,BATHINDA,2003,Kharif,Rice,105000.00,419000.00
Punjab,BATHINDA,2003,Kharif,Sesamum,200.00,100.00
Punjab,BATHINDA,2003,Rabi,Barley,3000.00,10000.00
Punjab,BATHINDA,2003,Rabi,Gram,900.00,800.00
Punjab,BATHINDA,2003,Rabi,Rapeseed &Mustard,9000.00,11000.00
Punjab,BATHINDA,2003,Rabi,Wheat,242000.00,942000.00
Punjab,BATHINDA,2003,Whole Year,Guar seed,14700.00,11900.00
Punjab,BATHINDA,2003,Whole Year,Sugarcane,1000.00,50000.00
Punjab,BATHINDA,2004,Kharif,Bajra,1000.00,1000.00
Punjab,BATHINDA,2004,Kharif,Cotton(lint),141000.00,593000.00
Punjab,BATHINDA,2004,Kharif,Groundnut,200.00,100.00
Punjab,BATHINDA,2004,Kharif,Moong(Green Gram),1200.00,800.00
Punjab,BATHINDA,2004,Kharif,Moth,100.00,100.00
Punjab,BATHINDA,2004,Kharif,Rice,102000.00,415000.00
Punjab,BATHINDA,2004,Kharif,Sesamum,200.00,100.00
Punjab,BATHINDA,2004,Rabi,Barley,3000.00,9000.00
Punjab,BATHINDA,2004,Rabi,Gram,600.00,500.00
Punjab,BATHINDA,2004,Rabi,Rapeseed &Mustard,9000.00,8000.00
Punjab,BATHINDA,2004,Rabi,Wheat,241000.00,993000.00
Punjab,BATHINDA,2004,Whole Year,Guar seed,9600.00,7200.00
Punjab,BATHINDA,2005,Kharif,Bajra,1000.00,1000.00
Punjab,BATHINDA,2005,Kharif,Cotton(lint),151000.00,659000.00
Punjab,BATHINDA,2005,Kharif,Groundnut,200.00,200.00
Punjab,BATHINDA,2005,Kharif,Moong(Green Gram),1200.00,900.00
Punjab,BATHINDA,2005,Kharif,Moth,100.00,100.00
Punjab,BATHINDA,2005,Kharif,Rice,95000.00,385000.00
Punjab,BATHINDA,2005,Kharif,Sesamum,200.00,100.00
Punjab,BATHINDA,2005,Rabi,Barley,2000.00,5000.00
Punjab,BATHINDA,2005,Rabi,Gram,500.00,500.00
Punjab,BATHINDA,2005,Rabi,Rapeseed &Mustard,7000.00,8000.00
Punjab,BATHINDA,2005,Rabi,Wheat,243000.00,954000.00
Punjab,BATHINDA,2005,Whole Year,Guar seed,8100.00,6200.00
Punjab,BATHINDA,2006,Kharif,Bajra,1000.00,1000.00
Punjab,BATHINDA,2006,Kharif,Cotton(lint),161000.00,739000.00
Punjab,BATHINDA,2006,Kharif,Groundnut,200.00,200.00
Punjab,BATHINDA,2006,Kharif,Moong(Green Gram),1000.00,800.00
Punjab,BATHINDA,2006,Kharif,Moth,100.00,100.00
Punjab,BATHINDA,2006,Kharif,Rice,87000.00,358000.00
Punjab,BATHINDA,2006,Rabi,Barley,2000.00,7000.00
Punjab,BATHINDA,2006,Rabi,Gram,300.00,400.00
Punjab,BATHINDA,2006,Rabi,Rapeseed &Mustard,6000.00,8000.00
Punjab,BATHINDA,2006,Rabi,Wheat,245000.00,1044000.00
Punjab,BATHINDA,2006,Whole Year,Guar seed,7200.00,5500.00
Punjab,BATHINDA,2007,Kharif,Bajra,1000.00,1000.00
Punjab,BATHINDA,2007,Kharif,Cotton(lint),165000.00,660000.00
Punjab,BATHINDA,2007,Kharif,Groundnut,200.00,200.00
Punjab,BATHINDA,2007,Kharif,Guar seed,47.00,36.00
Punjab,BATHINDA,2007,Kharif,Moong(Green Gram),800.00,600.00
Punjab,BATHINDA,2007,Kharif,Rice,86000.00,368000.00
Punjab,BATHINDA,2007,Rabi,Barley,2000.00,6000.00
Punjab,BATHINDA,2007,Rabi,Gram,2000.00,2000.00
Punjab,BATHINDA,2007,Rabi,Rapeseed &Mustard,2000.00,3000.00
Punjab,BATHINDA,2007,Rabi,Wheat,247000.00,1077000.00
Punjab,BATHINDA,2008,Kharif,Cotton(lint),153000.00,714000.00
Punjab,BATHINDA,2008,Kharif,Groundnut,300.00,200.00
Punjab,BATHINDA,2008,Kharif,Guar seed,75.00,57.00
Punjab,BATHINDA,2008,Kharif,Moong(Green Gram),600.00,500.00
Punjab,BATHINDA,2008,Kharif,Rice,97000.00,427000.00
Punjab,BATHINDA,2008,Rabi,Barley,2000.00,7000.00
Punjab,BATHINDA,2008,Rabi,Gram,2000.00,2000.00
Punjab,BATHINDA,2008,Rabi,Rapeseed &Mustard,3000.00,4000.00
Punjab,BATHINDA,2008,Rabi,Wheat,249000.00,1152000.00
Punjab,BATHINDA,2009,Kharif,Cotton(lint),150000.00,659000.00
Punjab,BATHINDA,2009,Kharif,Groundnut,100.00,100.00
Punjab,BATHINDA,2009,Kharif,Guar seed,47.00,37.00
Punjab,BATHINDA,2009,Kharif,Moong(Green Gram),500.00,400.00
Punjab,BATHINDA,2009,Kharif,Rice,104000.00,476000.00
Punjab,BATHINDA,2009,Rabi,Barley,2000.00,6000.00
Punjab,BATHINDA,2009,Rabi,Gram,3000.00,3000.00
Punjab,BATHINDA,2009,Rabi,Rapeseed &Mustard,2000.00,3000.00
Punjab,BATHINDA,2009,Rabi,Wheat,251000.00,1013000.00
Punjab,BATHINDA,2010,Kharif,Cotton(lint),147000.00,607000.00
Punjab,BATHINDA,2010,Kharif,Groundnut,100.00,100.00
Punjab,BATHINDA,2010,Kharif,Moong(Green Gram),600.00,400.00
Punjab,BATHINDA,2010,Kharif,Rice,107000.00,437000.00
Punjab,BATHINDA,2010,Rabi,Barley,2000.00,7000.00
Punjab,BATHINDA,2010,Rabi,Gram,300.00,400.00
Punjab,BATHINDA,2010,Rabi,Rapeseed &Mustard,2000.00,3000.00
Punjab,BATHINDA,2010,Rabi,Wheat,253000.00,1166000.00
Punjab,BATHINDA,2010,Whole Year,Guar seed,4100.00,3300.00
Punjab,BATHINDA,2011,Kharif,Cotton(lint),155000.00,573000.00
Punjab,BATHINDA,2011,Kharif,Guar seed,30000.00,25000.00
Punjab,BATHINDA,2011,Kharif,Moong(Green Gram),5000.00,3000.00
Punjab,BATHINDA,2011,Kharif,Rice,101000.00,409000.00
Punjab,BATHINDA,2011,Rabi,Barley,2000.00,7000.00
Punjab,BATHINDA,2011,Rabi,Gram,2000.00,2000.00
Punjab,BATHINDA,2011,Rabi,Rapeseed &Mustard,2000.00,3000.00
Punjab,BATHINDA,2011,Rabi,Wheat,252000.00,1260000.00
Punjab,BATHINDA,2012,Kharif,Cotton(lint),151000.00,581000.00
Punjab,BATHINDA,2012,Kharif,Guar seed,4300.00,3800.00
Punjab,BATHINDA,2012,Kharif,Moong(Green Gram),300.00,200.00
Punjab,BATHINDA,2012,Kharif,Rice,107000.00,458000.00
Punjab,BATHINDA,2012,Rabi,Barley,2000.00,7000.00
Punjab,BATHINDA,2012,Rabi,Gram,200.00,200.00
Punjab,BATHINDA,2012,Rabi,Rapeseed &Mustard,2000.00,2400.00
Punjab,BATHINDA,2012,Rabi,Wheat,254000.00,1216000.00
Punjab,BATHINDA,2012,Whole Year,Guar seed,200.00,200.00
Punjab,BATHINDA,2013,Kharif,Bajra,100.00,100.00
Punjab,BATHINDA,2013,Kharif,Cotton(lint),142000.00,505000.00
Punjab,BATHINDA,2013,Kharif,Guar seed,8400.00,6000.00
Punjab,BATHINDA,2013,Kharif,Moong(Green Gram),4000.00,3000.00
Punjab,BATHINDA,2013,Kharif,Rice,111000.00,501000.00
Punjab,BATHINDA,2013,Rabi,Barley,2000.00,7000.00
Punjab,BATHINDA,2013,Rabi,Gram,2000.00,2300.00
Punjab,BATHINDA,2013,Rabi,Rapeseed &Mustard,2000.00,2700.00
Punjab,BATHINDA,2013,Rabi,Wheat,254000.00,1259000.00
Punjab,BATHINDA,2014,Kharif,Cotton(lint),139000.00,498000.00
Punjab,BATHINDA,2014,Kharif,Guar seed,7000.00,4600.00
Punjab,BATHINDA,2014,Kharif,Maize,1000.00,4000.00
Punjab,BATHINDA,2014,Kharif,Moong(Green Gram),3000.00,3000.00
Punjab,BATHINDA,2014,Kharif,Rice,119000.00,529000.00
Punjab,BATHINDA,2014,Rabi,Barley,1000.00,3400.00
Punjab,BATHINDA,2014,Rabi,Gram,2000.00,2100.00
Punjab,BATHINDA,2014,Rabi,Rapeseed &Mustard,2000.00,2700.00
Punjab,BATHINDA,2014,Rabi,Wheat,254000.00,1218000.00
Punjab,FARIDKOT,1997,Kharif,Groundnut,1000.00,1000.00
Punjab,FARIDKOT,1997,Kharif,Rice,56000.00,214000.00
Punjab,FARIDKOT,1997,Rabi,Barley,1000.00,3000.00
Punjab,FARIDKOT,1997,Rabi,Gram,200.00,100.00
Punjab,FARIDKOT,1997,Rabi,Rapeseed &Mustard,1000.00,1000.00
Punjab,FARIDKOT,1997,Rabi,Wheat,109000.00,451000.00
Punjab,FARIDKOT,1997,Whole Year,Cotton(lint),48000.00,35000.00
Punjab,FARIDKOT,1997,Whole Year,Moong(Green Gram),4300.00,2000.00
Punjab,FARIDKOT,1997,Whole Year,Sugarcane,2000.00,130000.00
Punjab,FARIDKOT,1998,Kharif,Cotton(lint),22000.00,19000.00
Punjab,FARIDKOT,1998,Kharif,Groundnut,1000.00,1000.00
Punjab,FARIDKOT,1998,Kharif,Moong(Green Gram),3900.00,2000.00
Punjab,FARIDKOT,1998,Kharif,Rice,82000.00,246000.00
Punjab,FARIDKOT,1998,Rabi,Gram,200.00,100.00
Punjab,FARIDKOT,1998,Rabi,Rapeseed &Mustard,2000.00,3000.00
Punjab,FARIDKOT,1998,Rabi,Wheat,62000.00,265000.00
Punjab,FARIDKOT,1998,Whole Year,Sugarcane,2000.00,120000.00
Punjab,FARIDKOT,1999,Kharif,Arhar/Tur,100.00,100.00
Punjab,FARIDKOT,1999,Kharif,Cotton(lint),15000.00,29000.00
Punjab,FARIDKOT,1999,Kharif,Moong(Green Gram),3700.00,1400.00
Punjab,FARIDKOT,1999,Kharif,Rice,90000.00,305000.00
Punjab,FARIDKOT,1999,Rabi,Barley,1000.00,3000.00
Punjab,FARIDKOT,1999,Rabi,Gram,200.00,200.00
Punjab,FARIDKOT,1999,Rabi,Rapeseed &Mustard,1000.00,1000.00
Punjab,FARIDKOT,1999,Rabi,Wheat,112000.00,522000.00
Punjab,FARIDKOT,1999,Whole Year,Sugarcane,2000.00,120000.00
Punjab,FARIDKOT,2000,Kharif,Arhar/Tur,100.00,100.00
Punjab,FARIDKOT,2000,Kharif,Cotton(lint),14000.00,35000.00
Punjab,FARIDKOT,2000,Kharif,Moong(Green Gram),3200.00,1600.00
Punjab,FARIDKOT,2000,Kharif,Rice,90000.00,310000.00
Punjab,FARIDKOT,2000,Kharif,Sesamum,100.00,10.00
Punjab,FARIDKOT,2000,Rabi,Barley,1000.00,3000.00
Punjab,FARIDKOT,2000,Rabi,Gram,300.00,200.00
Punjab,FARIDKOT,2000,Rabi,Wheat,111000.00,524000.00
Punjab,FARIDKOT,2000,Whole Year,Sugarcane,2000.00,130000.00
Punjab,FARIDKOT,2001,Kharif,Arhar/Tur,100.00,100.00
Punjab,FARIDKOT,2001,Kharif,Cotton(lint),36000.00,72000.00
Punjab,FARIDKOT,2001,Kharif,Moong(Green Gram),1200.00,500.00
Punjab,FARIDKOT,2001,Kharif,Rice,70000.00,267000.00
Punjab,FARIDKOT,2001,Kharif,Sesamum,300.00,100.00
Punjab,FARIDKOT,2001,Rabi,Gram,200.00,200.00
Punjab,FARIDKOT,2001,Rabi,Rapeseed &Mustard,100.00,200.00
Punjab,FARIDKOT,2001,Rabi,Wheat,111000.00,496000.00
Punjab,FARIDKOT,2001,Whole Year,Sugarcane,4000.00,350000.00
Punjab,FARIDKOT,2002,Kharif,Cotton(lint),16000.00,25000.00
Punjab,FARIDKOT,2002,Kharif,Groundnut,200.00,100.00
Punjab,FARIDKOT,2002,Kharif,Moong(Green Gram),800.00,500.00
Punjab,FARIDKOT,2002,Kharif,Rice,86000.00,280000.00
Punjab,FARIDKOT,2002,Kharif,Sesamum,100.00,.00
Punjab,FARIDKOT,2002,Rabi,Barley,1000.00,4000.00
Punjab,FARIDKOT,2002,Rabi,Gram,200.00,200.00
Punjab,FARIDKOT,2002,Rabi,Rapeseed &Mustard,1000.00,1000.00
Punjab,FARIDKOT,2002,Rabi,Wheat,112000.00,474000.00
Punjab,FARIDKOT,2002,Whole Year,Guar seed,700.00,500.00
Punjab,FARIDKOT,2002,Whole Year,Sugarcane,5000.00,260000.00
Punjab,FARIDKOT,2003,Kharif,Arhar/Tur,300.00,300.00
Punjab,FARIDKOT,2003,Kharif,Cotton(lint),20000.00,58000.00
Punjab,FARIDKOT,2003,Kharif,Groundnut,200.00,100.00
Punjab,FARIDKOT,2003,Kharif,Moong(Green Gram),1000.00,700.00
Punjab,FARIDKOT,2003,Kharif,Rice,84000.00,308000.00
Punjab,FARIDKOT,2003,Kharif,Sesamum,100.00,.00
Punjab,FARIDKOT,2003,Rabi,Barley,1000.00,3000.00
Punjab,FARIDKOT,2003,Rabi,Gram,200.00,300.00
Punjab,FARIDKOT,2003,Rabi,Rapeseed &Mustard,1000.00,2000.00
Punjab,FARIDKOT,2003,Rabi,Wheat,114000.00,461000.00
Punjab,FARIDKOT,2003,Whole Year,Guar seed,1100.00,800.00
Punjab,FARIDKOT,2003,Whole Year,Sugarcane,3000.00,170000.00
Punjab,FARIDKOT,2004,Kharif,Arhar/Tur,200.00,200.00
Punjab,FARIDKOT,2004,Kharif,Cotton(lint),21000.00,68000.00
Punjab,FARIDKOT,2004,Kharif,Groundnut,100.00,100.00
Punjab,FARIDKOT,2004,Kharif,Moong(Green Gram),900.00,700.00
Punjab,FARIDKOT,2004,Kharif,Rice,88000.00,337000.00
Punjab,FARIDKOT,2004,Kharif,Sesamum,100.00,.00
Punjab,FARIDKOT,2004,Rabi,Gram,100.00,100.00
Punjab,FARIDKOT,2004,Rabi,Rapeseed &Mustard,1000.00,1000.00
Punjab,FARIDKOT,2004,Rabi,Wheat,114000.00,487000.00
Punjab,FARIDKOT,2004,Whole Year,Guar seed,600.00,400.00
Punjab,FARIDKOT,2004,Whole Year,Sugarcane,1000.00,70000.00
Punjab,FARIDKOT,2005,Kharif,Arhar/Tur,100.00,100.00
Punjab,FARIDKOT,2005,Kharif,Cotton(lint),25000.00,108000.00
Punjab,FARIDKOT,2005,Kharif,Groundnut,100.00,100.00
Punjab,FARIDKOT,2005,Kharif,Moong(Green Gram),700.00,400.00
Punjab,FARIDKOT,2005,Kharif,Rice,86000.00,339000.00
Punjab,FARIDKOT,2005,Kharif,Sesamum,100.00,100.00
Punjab,FARIDKOT,2005,Rabi,Gram,100.00,100.00
Punjab,FARIDKOT,2005,Rabi,Rapeseed &Mustard,1000.00,1000.00
Punjab,FARIDKOT,2005,Rabi,Wheat,116000.00,483000.00
Punjab,FARIDKOT,2005,Whole Year,Guar seed,400.00,300.00
Punjab,FARIDKOT,2005,Whole Year,Sugarcane,1000.00,68000.00
Punjab,FARIDKOT,2006,Kharif,Arhar/Tur,100.00,100.00
Punjab,FARIDKOT,2006,Kharif,Cotton(lint),29000.00,137000.00
Punjab,FARIDKOT,2006,Kharif,Groundnut,100.00,
Punjab,FARIDKOT,2006,Kharif,Moong(Green Gram),800.00,700.00
Punjab,FARIDKOT,2006,Kharif,Rice,85000.00,338000.00
Punjab,FARIDKOT,2006,Rabi,Gram,100.00,100.00
Punjab,FARIDKOT,2006,Rabi,Rapeseed &Mustard,1000.00,1000.00
Punjab,FARIDKOT,2006,Rabi,Wheat,117000.00,484000.00
Punjab,FARIDKOT,2006,Whole Year,Guar seed,100.00,100.00
Punjab,FARIDKOT,2007,Kharif,Cotton(lint),28000.00,105000.00
Punjab,FARIDKOT,2007,Kharif,Guar seed,2.00,1.00
Punjab,FARIDKOT,2007,Kharif,Moong(Green Gram),800.00,600.00
Punjab,FARIDKOT,2007,Kharif,Rice,87000.00,351000.00
Punjab,FARIDKOT,2007,Rabi,Gram,1000.00,1000.00
Punjab,FARIDKOT,2007,Rabi,Wheat,117000.00,509000.00
Punjab,FARIDKOT,2008,Kharif,Bajra,1000.00,1000.00
Punjab,FARIDKOT,2008,Kharif,Cotton(lint),21000.00,85000.00
Punjab,FARIDKOT,2008,Kharif,Guar seed,3.00,5.00
Punjab,FARIDKOT,2008,Kharif,Moong(Green Gram),700.00,700.00
Punjab,FARIDKOT,2008,Kharif,Rice,95000.00,414000.00
Punjab,FARIDKOT,2008,Rabi,Gram,1000.00,1000.00
Punjab,FARIDKOT,2008,Rabi,Wheat,118000.00,550000.00
Punjab,FARIDKOT,2009,Kharif,Cotton(lint),18000.00,71000.00
Punjab,FARIDKOT,2009,Kharif,Guar seed,2.00,2.00
Punjab,FARIDKOT,2009,Kharif,Moong(Green Gram),500.00,500.00
Punjab,FARIDKOT,2009,Kharif,Rice,98000.00,414000.00
Punjab,FARIDKOT,2009,Rabi,Wheat,117000.00,481000.00
Punjab,FARIDKOT,2010,Kharif,Arhar/Tur,100.00,100.00
Punjab,FARIDKOT,2010,Kharif,Cotton(lint),15000.00,56000.00
Punjab,FARIDKOT,2010,Kharif,Groundnut,100.00,100.00
Punjab,FARIDKOT,2010,Kharif,Moong(Green Gram),600.00,500.00
Punjab,FARIDKOT,2010,Kharif,Rice,101000.00,409000.00
Punjab,FARIDKOT,2010,Rabi,Wheat,117000.00,563000.00
Punjab,FARIDKOT,2010,Whole Year,Guar seed,400.00,300.00
Punjab,FARIDKOT,2011,Kharif,Cotton(lint),17000.00,52000.00
Punjab,FARIDKOT,2011,Kharif,Guar seed,1000.00,1000.00
Punjab,FARIDKOT,2011,Kharif,Moong(Green Gram),5000.00,5000.00
Punjab,FARIDKOT,2011,Kharif,Rice,101000.00,405000.00
Punjab,FARIDKOT,2011,Rabi,Wheat,117000.00,616000.00
Punjab,FARIDKOT,2012,Kharif,Cotton(lint),15000.00,46000.00
Punjab,FARIDKOT,2012,Kharif,Guar seed,300.00,200.00
Punjab,FARIDKOT,2012,Kharif,Moong(Green Gram),400.00,300.00
Punjab,FARIDKOT,2012,Kharif,Rice,102000.00,444000.00
Punjab,FARIDKOT,2012,Rabi,Wheat,117000.00,553000.00
Punjab,FARIDKOT,2013,Kharif,Cotton(lint),12000.00,37000.00
Punjab,FARIDKOT,2013,Kharif,Guar seed,1500.00,1200.00
Punjab,FARIDKOT,2013,Kharif,Moong(Green Gram),2000.00,2000.00
Punjab,FARIDKOT,2013,Kharif,Rice,104000.00,443000.00
Punjab,FARIDKOT,2013,Rabi,Wheat,116000.00,601000.00
Punjab,FARIDKOT,2014,Kharif,Cotton(lint),10000.00,37000.00
Punjab,FARIDKOT,2014,Kharif,Guar seed,700.00,1200.00
Punjab,FARIDKOT,2014,Kharif,Moong(Green Gram),1000.00,1000.00
Punjab,FARIDKOT,2014,Kharif,Rice,106000.00,421000.00
Punjab,FARIDKOT,2014,Rabi,Wheat,116000.00,558000.00
Punjab,FATEHGARH SAHIB,1997,Kharif,Arhar/Tur,600.00,600.00
Punjab,FATEHGARH SAHIB,1997,Kharif,Maize,1000.00,2000.00
Punjab,FATEHGARH SAHIB,1997,Kharif,Rice,82000.00,302000.00
Punjab,FATEHGARH SAHIB,1997,Rabi,Barley,1000.00,3000.00
Punjab,FATEHGARH SAHIB,1997,Rabi,Masoor,100.00,100.00
Punjab,FATEHGARH SAHIB,1997,Rabi,Rapeseed &Mustard,1000.00,1000.00
Punjab,FATEHGARH SAHIB,1997,Rabi,Wheat,88000.00,361000.00
Punjab,FATEHGARH SAHIB,1997,Whole Year,Sugarcane,6000.00,380000.00
Punjab,FATEHGARH SAHIB,1998,Kharif,Arhar/Tur,400.00,300.00
Punjab,FATEHGARH SAHIB,1998,Kharif,Maize,1000.00,2000.00
Punjab,FATEHGARH SAHIB,1998,Kharif,Rice,83000.00,271000.00
Punjab,FATEHGARH SAHIB,1998,Rabi,Barley,1000.00,3000.00
Punjab,FATEHGARH SAHIB,1998,Rabi,Masoor,100.00,100.00
Punjab,FATEHGARH SAHIB,1998,Rabi,Rapeseed &Mustard,1000.00,1000.00
Punjab,FATEHGARH SAHIB,1998,Rabi,Wheat,85000.00,401000.00
Punjab,FATEHGARH SAHIB,1998,Whole Year,Sugarcane,4000.00,260000.00
Punjab,FATEHGARH SAHIB,1999,Kharif,Arhar/Tur,400.00,400.00
Punjab,FATEHGARH SAHIB,1999,Kharif,Maize,1000.00,3000.00
Punjab,FATEHGARH SAHIB,1999,Kharif,Rice,82000.00,302000.00
Punjab,FATEHGARH SAHIB,1999,Rabi,Barley,1000.00,4000.00
Punjab,FATEHGARH SAHIB,1999,Rabi,Rapeseed &Mustard,1000.00,1000.00
Punjab,FATEHGARH SAHIB,1999,Rabi,Wheat,86000.00,443000.00
Punjab,FATEHGARH SAHIB,1999,Whole Year,Sugarcane,4000.00,250000.00
Punjab,FATEHGARH SAHIB,2000,Kharif,Arhar/Tur,300.00,300.00
Punjab,FATEHGARH SAHIB,2000,Kharif,Maize,1000.00,3000.00
Punjab,FATEHGARH SAHIB,2000,Kharif,Rice,84000.00,350000.00
Punjab,FATEHGARH SAHIB,2000,Rabi,Barley,1000.00,3000.00
Punjab,FATEHGARH SAHIB,2000,Rabi,Gram,100.00,100.00
Punjab,FATEHGARH SAHIB,2000,Rabi,Other  Rabi pulses,100.00,100.00
Punjab,FATEHGARH SAHIB,2000,Rabi,Wheat,86000.00,434000.00
Punjab,FATEHGARH SAHIB,2000,Whole Year,Sugarcane,4000.00,290000.00
Punjab,FATEHGARH SAHIB,2001,Kharif,Arhar/Tur,300.00,400.00
Punjab,FATEHGARH SAHIB,2001,Kharif,Maize,1000.00,3000.00
Punjab,FATEHGARH SAHIB,2001,Kharif,Rice,81000.00,324000.00
Punjab,FATEHGARH SAHIB,2001,Rabi,Barley,1000.00,3000.00
Punjab,FATEHGARH SAHIB,2001,Rabi,Gram,100.00,100.00
Punjab,FATEHGARH SAHIB,2001,Rabi,Masoor,100.00,100.00
Punjab,FATEHGARH SAHIB,2001,Rabi,Rapeseed &Mustard,100.00,100.00
Punjab,FATEHGARH SAHIB,2001,Rabi,Wheat,85000.00,418000.00
Punjab,FATEHGARH SAHIB,2001,Whole Year,Sugarcane,5000.00,370000.00
Punjab,FATEHGARH SAHIB,2002,Kharif,Arhar/Tur,200.00,200.00
Punjab,FATEHGARH SAHIB,2002,Kharif,Maize,1000.00,3000.00
Punjab,FATEHGARH SAHIB,2002,Kharif,Rice,80000.00,312000.00
Punjab,FATEHGARH SAHIB,2002,Rabi,Barley,1000.00,3000.00
Punjab,FATEHGARH SAHIB,2002,Rabi,Gram,100.00,100.00
Punjab,FATEHGARH SAHIB,2002,Rabi,Masoor,100.00,100.00
Punjab,FATEHGARH SAHIB,2002,Rabi,Rapeseed &Mustard,1000.00,1000.00
Punjab,FATEHGARH SAHIB,2002,Rabi,Wheat,85000.00,379000.00
Punjab,FATEHGARH SAHIB,2002,Whole Year,Sugarcane,5000.00,310000.00
Punjab,FATEHGARH SAHIB,2003,Kharif,Arhar/Tur,200.00,200.00
Punjab,FATEHGARH SAHIB,2003,Kharif,Maize,1000.00,3000.00
Punjab,FATEHGARH SAHIB,2003,Kharif,Rice,83000.00,364000.00
Punjab,FATEHGARH SAHIB,2003,Rabi,Masoor,100.00,100.00
Punjab,FATEHGARH SAHIB,2003,Rabi,Rapeseed &Mustard,1000.00,1000.00
Punjab,FATEHGARH SAHIB,2003,Rabi,Wheat,85000.00,367000.00
Punjab,FATEHGARH SAHIB,2003,Whole Year,Sugarcane,4000.00,250000.00
Punjab,FATEHGARH SAHIB,2004,Kharif,Arhar/Tur,200.00,200.00
Punjab,FATEHGARH SAHIB,2004,Kharif,Maize,1000.00,4000.00
Punjab,FATEHGARH SAHIB,2004,Kharif,Rice,85000.00,371000.00
Punjab,FATEHGARH SAHIB,2004,Rabi,Barley,1000.00,3000.00
Punjab,FATEHGARH SAHIB,2004,Rabi,Masoor,100.00,100.00
Punjab,FATEHGARH SAHIB,2004,Rabi,Rapeseed &Mustard,1000.00,2000.00
Punjab,FATEHGARH SAHIB,2004,Rabi,Wheat,85000.00,417000.00
Punjab,FATEHGARH SAHIB,2004,Whole Year,Sugarcane,2000.00,140000.00
Punjab,FATEHGARH SAHIB,2005,Kharif,Arhar/Tur,200.00,200.00
Punjab,FATEHGARH SAHIB,2005,Kharif,Rice,85000.00,361000.00
Punjab,FATEHGARH SAHIB,2005,Rabi,Rapeseed &Mustard,1000.00,1000.00
Punjab,FATEHGARH SAHIB,2005,Rabi,Wheat,84000.00,369000.00
Punjab,FATEHGARH SAHIB,2005,Whole Year,Sugarcane,2000.00,151000.00
Punjab,FATEHGARH SAHIB,2006,Kharif,Arhar/Tur,100.00,100.00
Punjab,FATEHGARH SAHIB,2006,Kharif,Maize,1000.00,4000.00
Punjab,FATEHGARH SAHIB,2006,Kharif,Rice,84000.00,340000.00
Punjab,FATEHGARH SAHIB,2006,Rabi,Rapeseed &Mustard,1000.00,1000.00
Punjab,FATEHGARH SAHIB,2006,Rabi,Wheat,85000.00,348000.00
Punjab,FATEHGARH SAHIB,2007,Kharif,Maize,1000.00,3000.00
Punjab,FATEHGARH SAHIB,2007,Kharif,Rice,84000.00,383000.00
Punjab,FATEHGARH SAHIB,2007,Rabi,Rapeseed &Mustard,1000.00,1000.00
Punjab,FATEHGARH SAHIB,2007,Rabi,Wheat,85000.00,429000.00
Punjab,FATEHGARH SAHIB,2008,Kharif,Arhar/Tur,200.00,200.00
Punjab,FATEHGARH SAHIB,2008,Kharif,Bajra,2000.00,2000.00
Punjab,FATEHGARH SAHIB,2008,Kharif,Maize,1000.00,4000.00
Punjab,FATEHGARH SAHIB,2008,Kharif,Rice,85000.00,363000.00
Punjab,FATEHGARH SAHIB,2008,Rabi,Wheat,85000.00,376000.00
Punjab,FATEHGARH SAHIB,2009,Kharif,Arhar/Tur,100.00,100.00
Punjab,FATEHGARH SAHIB,2009,Kharif,Bajra,1000.00,1000.00
Punjab,FATEHGARH SAHIB,2009,Kharif,Maize,1000.00,3000.00
Punjab,FATEHGARH SAHIB,2009,Kharif,Rice,86000.00,391000.00
Punjab,FATEHGARH SAHIB,2009,Rabi,Wheat,85000.00,419000.00
Punjab,FATEHGARH SAHIB,2009,Whole Year,Sugarcane,200.00,15000.00
Punjab,FATEHGARH SAHIB,2010,Kharif,Rice,87000.00,366000.00
Punjab,FATEHGARH SAHIB,2010,Rabi,Wheat,85000.00,417000.00
Punjab,FATEHGARH SAHIB,2011,Kharif,Rice,86000.00,364000.00
Punjab,FATEHGARH SAHIB,2011,Rabi,Wheat,85000.00,449000.00
Punjab,FATEHGARH SAHIB,2011,Whole Year,Sugarcane,2.00,151000.00
Punjab,FATEHGARH SAHIB,2012,Kharif,Maize,1000.00,4000.00
Punjab,FATEHGARH SAHIB,2012,Kharif,Rice,86000.00,384000.00
Punjab,FATEHGARH SAHIB,2012,Rabi,Rapeseed &Mustard,1000.00,1600.00
Punjab,FATEHGARH SAHIB,2012,Rabi,Sunflower,1000.00,2200.00
Punjab,FATEHGARH SAHIB,2012,Rabi,Wheat,85000.00,440000.00
Punjab,FATEHGARH SAHIB,2012,Whole Year,Guar seed,11700.00,10000.00
Punjab,FATEHGARH SAHIB,2012,Whole Year,Sugarcane,3000.00,258000.00
Punjab,FATEHGARH SAHIB,2013,Kharif,Maize,1000.00,4000.00
Punjab,FATEHGARH SAHIB,2013,Kharif,Rice,86000.00,351000.00
Punjab,FATEHGARH SAHIB,2013,Rabi,Rapeseed &Mustard,1000.00,1200.00
Punjab,FATEHGARH SAHIB,2013,Rabi,Wheat,84000.00,427000.00
Punjab,FATEHGARH SAHIB,2013,Whole Year,Sugarcane,3000.00,243000.00
Punjab,FATEHGARH SAHIB,2014,Kharif,Maize,1000.00,4000.00
Punjab,FATEHGARH SAHIB,2014,Kharif,Rice,86000.00,374000.00
Punjab,FATEHGARH SAHIB,2014,Rabi,Barley,1000.00,3200.00
Punjab,FATEHGARH SAHIB,2014,Rabi,Rapeseed &Mustard,1000.00,1600.00
Punjab,FATEHGARH SAHIB,2014,Rabi,Wheat,84000.00,340000.00
Punjab,FATEHGARH SAHIB,2014,Whole Year,Sugarcane,3000.00,264000.00
Punjab,FAZILKA,2011,Whole Year,Sugarcane,1.00,73000.00
Punjab,FAZILKA,2012,Kharif,Bajra,1000.00,1000.00
Punjab,FAZILKA,2012,Kharif,Cotton(lint),112000.00,292000.00
Punjab,FAZILKA,2012,Kharif,Guar seed,11700.00,11400.00
Punjab,FAZILKA,2012,Kharif,Rice,85000.00,291000.00
Punjab,FAZILKA,2012,Rabi,Barley,3000.00,12000.00
Punjab,FAZILKA,2012,Rabi,Gram,1300.00,1900.00
Punjab,FAZILKA,2012,Rabi,Rapeseed &Mustard,6000.00,8200.00
Punjab,FAZILKA,2012,Rabi,Wheat,208000.00,972000.00
Punjab,FAZILKA,2012,Whole Year,Sugarcane,1000.00,82000.00
Punjab,FAZILKA,2013,Kharif,Cotton(lint),98000.00,310000.00
Punjab,FAZILKA,2013,Kharif,Guar seed,17000.00,14600.00
Punjab,FAZILKA,2013,Kharif,Moong(Green Gram),4000.00,3000.00
Punjab,FAZILKA,2013,Kharif,Rice,92000.00,293000.00
Punjab,FAZILKA,2013,Rabi,Barley,3000.00,12000.00
Punjab,FAZILKA,2013,Rabi,Gram,11000.00,14000.00
Punjab,FAZILKA,2013,Rabi,Rapeseed &Mustard,6000.00,8800.00
Punjab,FAZILKA,2013,Rabi,Wheat,211000.00,1039000.00
Punjab,FAZILKA,2014,Kharif,Cotton(lint),98000.00,251000.00
Punjab,FAZILKA,2014,Kharif,Moong(Green Gram),1000.00,1000.00
Punjab,FAZILKA,2014,Kharif,Rice,97000.00,297000.00
Punjab,FAZILKA,2014,Rabi,Barley,2000.00,7400.00
Punjab,FAZILKA,2014,Rabi,Gram,9000.00,9600.00
Punjab,FAZILKA,2014,Rabi,Rapeseed &Mustard,5000.00,6900.00
Punjab,FAZILKA,2014,Rabi,Wheat,206000.00,913000.00
Punjab,FIROZEPUR,1997,Kharif,Arhar/Tur,200.00,100.00
Punjab,FIROZEPUR,1997,Kharif,Rice,252000.00,910000.00
Punjab,FIROZEPUR,1997,Kharif,Sesamum,1800.00,700.00
Punjab,FIROZEPUR,1997,Rabi,Barley,4000.00,14000.00
Punjab,FIROZEPUR,1997,Rabi,Gram,2100.00,2300.00
Punjab,FIROZEPUR,1997,Rabi,Rapeseed &Mustard,20000.00,19000.00
Punjab,FIROZEPUR,1997,Rabi,Wheat,422000.00,1677000.00
Punjab,FIROZEPUR,1997,Whole Year,Cotton(lint),153000.00,209000.00
Punjab,FIROZEPUR,1997,Whole Year,Moong(Green Gram),12500.00,8700.00
Punjab,FIROZEPUR,1997,Whole Year,Sugarcane,8000.00,530000.00
Punjab,FIROZEPUR,1998,Kharif,Arhar/Tur,200.00,100.00
Punjab,FIROZEPUR,1998,Kharif,Cotton(lint),138000.00,189000.00
Punjab,FIROZEPUR,1998,Kharif,Moong(Green Gram),10600.00,6500.00
Punjab,FIROZEPUR,1998,Kharif,Rice,275000.00,922000.00
Punjab,FIROZEPUR,1998,Kharif,Sesamum,1800.00,800.00
Punjab,FIROZEPUR,1998,Rabi,Gram,2800.00,2200.00
Punjab,FIROZEPUR,1998,Rabi,Rapeseed &Mustard,7000.00,7000.00
Punjab,FIROZEPUR,1998,Rabi,Wheat,354000.00,1567000.00
Punjab,FIROZEPUR,1998,Whole Year,Sugarcane,7000.00,460000.00
Punjab,FIROZEPUR,1999,Kharif,Arhar/Tur,200.00,200.00
Punjab,FIROZEPUR,1999,Kharif,Cotton(lint),119000.00,257000.00
Punjab,FIROZEPUR,1999,Kharif,Groundnut,1000.00,1000.00
Punjab,FIROZEPUR,1999,Kharif,Moong(Green Gram),9900.00,5800.00
Punjab,FIROZEPUR,1999,Kharif,Rice,280000.00,982000.00
Punjab,FIROZEPUR,1999,Kharif,Sesamum,2400.00,1200.00
Punjab,FIROZEPUR,1999,Rabi,Barley,4000.00,14000.00
Punjab,FIROZEPUR,1999,Rabi,Gram,1000.00,1000.00
Punjab,FIROZEPUR,1999,Rabi,Rapeseed &Mustard,12000.00,15000.00
Punjab,FIROZEPUR,1999,Rabi,Wheat,374000.00,1738000.00
Punjab,FIROZEPUR,1999,Whole Year,Sugarcane,8000.00,570000.00
Punjab,FIROZEPUR,2000,Kharif,Arhar/Tur,100.00,100.00
Punjab,FIROZEPUR,2000,Kharif,Cotton(lint),114000.00,341000.00
Punjab,FIROZEPUR,2000,Kharif,Moong(Green Gram),5600.00,4400.00
Punjab,FIROZEPUR,2000,Kharif,Rice,248000.00,898000.00
Punjab,FIROZEPUR,2000,Kharif,Sesamum,2700.00,1700.00
Punjab,FIROZEPUR,2000,Rabi,Barley,5000.00,17000.00
Punjab,FIROZEPUR,2000,Rabi,Gram,1900.00,2200.00
Punjab,FIROZEPUR,2000,Rabi,Other  Rabi pulses,100.00,100.00
Punjab,FIROZEPUR,2000,Rabi,Wheat,378000.00,1705000.00
Punjab,FIROZEPUR,2000,Whole Year,Sugarcane,8000.00,530000.00
Punjab,FIROZEPUR,2001,Kharif,Arhar/Tur,200.00,200.00
Punjab,FIROZEPUR,2001,Kharif,Cotton(lint),143000.00,325000.00
Punjab,FIROZEPUR,2001,Kharif,Moong(Green Gram),4400.00,2300.00
Punjab,FIROZEPUR,2001,Kharif,Rice,230000.00,864000.00
Punjab,FIROZEPUR,2001,Kharif,Sesamum,2900.00,1200.00
Punjab,FIROZEPUR,2001,Rabi,Barley,3000.00,9000.00
Punjab,FIROZEPUR,2001,Rabi,Gram,2000.00,1500.00
Punjab,FIROZEPUR,2001,Rabi,Rapeseed &Mustard,1100.00,1400.00
Punjab,FIROZEPUR,2001,Rabi,Wheat,383000.00,1661000.00
Punjab,FIROZEPUR,2001,Whole Year,Sugarcane,9000.00,520000.00
Punjab,FIROZEPUR,2002,Kharif,Arhar/Tur,200.00,200.00
Punjab,FIROZEPUR,2002,Kharif,Cotton(lint),121000.00,293000.00
Punjab,FIROZEPUR,2002,Kharif,Groundnut,100.00,100.00
Punjab,FIROZEPUR,2002,Kharif,Moong(Green Gram),2600.00,1800.00
Punjab,FIROZEPUR,2002,Kharif,Moth,200.00,100.00
Punjab,FIROZEPUR,2002,Kharif,Rice,234000.00,824000.00
Punjab,FIROZEPUR,2002,Kharif,Sesamum,2600.00,700.00
Punjab,FIROZEPUR,2002,Rabi,Barley,4000.00,12000.00
Punjab,FIROZEPUR,2002,Rabi,Gram,1700.00,1700.00
Punjab,FIROZEPUR,2002,Rabi,Rapeseed &Mustard,16000.00,14000.00
Punjab,FIROZEPUR,2002,Rabi,Wheat,369000.00,1470000.00
Punjab,FIROZEPUR,2002,Whole Year,Guar seed,8100.00,6000.00
Punjab,FIROZEPUR,2002,Whole Year,Sugarcane,9000.00,460000.00
Punjab,FIROZEPUR,2003,Kharif,Arhar/Tur,300.00,300.00
Punjab,FIROZEPUR,2003,Kharif,Cotton(lint),117000.00,440000.00
Punjab,FIROZEPUR,2003,Kharif,Groundnut,100.00,100.00
Punjab,FIROZEPUR,2003,Kharif,Moong(Green Gram),2700.00,2700.00
Punjab,FIROZEPUR,2003,Kharif,Moth,400.00,200.00
Punjab,FIROZEPUR,2003,Kharif,Rice,244000.00,903000.00
Punjab,FIROZEPUR,2003,Kharif,Sesamum,1800.00,800.00
Punjab,FIROZEPUR,2003,Rabi,Barley,4000.00,13000.00
Punjab,FIROZEPUR,2003,Rabi,Gram,1600.00,1600.00
Punjab,FIROZEPUR,2003,Rabi,Rapeseed &Mustard,12000.00,17000.00
Punjab,FIROZEPUR,2003,Rabi,Wheat,383000.00,1586000.00
Punjab,FIROZEPUR,2003,Whole Year,Guar seed,7400.00,5600.00
Punjab,FIROZEPUR,2003,Whole Year,Sugarcane,6000.00,280000.00
Punjab,FIROZEPUR,2004,Kharif,Arhar/Tur,200.00,200.00
Punjab,FIROZEPUR,2004,Kharif,Cotton(lint),133000.00,548000.00
Punjab,FIROZEPUR,2004,Kharif,Groundnut,100.00,100.00
Punjab,FIROZEPUR,2004,Kharif,Moong(Green Gram),2600.00,2000.00
Punjab,FIROZEPUR,2004,Kharif,Moth,100.00,100.00
Punjab,FIROZEPUR,2004,Kharif,Rice,238000.00,941000.00
Punjab,FIROZEPUR,2004,Kharif,Sesamum,1700.00,700.00
Punjab,FIROZEPUR,2004,Rabi,Barley,4000.00,13000.00
Punjab,FIROZEPUR,2004,Rabi,Gram,1300.00,1200.00
Punjab,FIROZEPUR,2004,Rabi,Rapeseed &Mustard,15000.00,16000.00
Punjab,FIROZEPUR,2004,Rabi,Wheat,386000.00,1599000.00
Punjab,FIROZEPUR,2004,Whole Year,Guar seed,8500.00,6700.00
Punjab,FIROZEPUR,2004,Whole Year,Sugarcane,2000.00,140000.00
Punjab,FIROZEPUR,2005,Kharif,Arhar/Tur,200.00,200.00
Punjab,FIROZEPUR,2005,Kharif,Cotton(lint),140000.00,614000.00
Punjab,FIROZEPUR,2005,Kharif,Groundnut,100.00,100.00
Punjab,FIROZEPUR,2005,Kharif,Moong(Green Gram),1900.00,1400.00
Punjab,FIROZEPUR,2005,Kharif,Moth,100.00,100.00
Punjab,FIROZEPUR,2005,Kharif,Rice,236000.00,956000.00
Punjab,FIROZEPUR,2005,Kharif,Sesamum,1700.00,700.00
Punjab,FIROZEPUR,2005,Rabi,Barley,4000.00,15000.00
Punjab,FIROZEPUR,2005,Rabi,Gram,1300.00,1400.00
Punjab,FIROZEPUR,2005,Rabi,Peas & beans (Pulses),100.00,100.00
Punjab,FIROZEPUR,2005,Rabi,Rapeseed &Mustard,13000.00,13000.00
Punjab,FIROZEPUR,2005,Rabi,Wheat,386000.00,1569000.00
Punjab,FIROZEPUR,2005,Whole Year,Guar seed,7900.00,5700.00
Punjab,FIROZEPUR,2005,Whole Year,Sugarcane,1000.00,76000.00
Punjab,FIROZEPUR,2006,Kharif,Arhar/Tur,200.00,200.00
Punjab,FIROZEPUR,2006,Kharif,Cotton(lint),151000.00,648000.00
Punjab,FIROZEPUR,2006,Kharif,Jowar,100.00,100.00
Punjab,FIROZEPUR,2006,Kharif,Moong(Green Gram),2000.00,1600.00
Punjab,FIROZEPUR,2006,Kharif,Rice,235000.00,948000.00
Punjab,FIROZEPUR,2006,Kharif,Sesamum,1500.00,600.00
Punjab,FIROZEPUR,2006,Rabi,Barley,5000.00,17000.00
Punjab,FIROZEPUR,2006,Rabi,Gram,1300.00,1300.00
Punjab,FIROZEPUR,2006,Rabi,Peas & beans (Pulses),100.00,100.00
Punjab,FIROZEPUR,2006,Rabi,Rapeseed &Mustard,8000.00,9000.00
Punjab,FIROZEPUR,2006,Rabi,Wheat,389000.00,1587000.00
Punjab,FIROZEPUR,2006,Whole Year,Guar seed,6000.00,4400.00
Punjab,FIROZEPUR,2007,Kharif,Arhar/Tur,200.00,200.00
Punjab,FIROZEPUR,2007,Kharif,Cotton(lint),139000.00,472000.00
Punjab,FIROZEPUR,2007,Kharif,Guar seed,95.00,80.00
Punjab,FIROZEPUR,2007,Kharif,Jowar,100.00,100.00
Punjab,FIROZEPUR,2007,Kharif,Moong(Green Gram),2300.00,1600.00
Punjab,FIROZEPUR,2007,Kharif,Rice,243000.00,1010000.00
Punjab,FIROZEPUR,2007,Kharif,Sesamum,1500.00,500.00
Punjab,FIROZEPUR,2007,Rabi,Barley,4000.00,14000.00
Punjab,FIROZEPUR,2007,Rabi,Gram,12000.00,13000.00
Punjab,FIROZEPUR,2007,Rabi,Rapeseed &Mustard,4000.00,5000.00
Punjab,FIROZEPUR,2007,Rabi,Wheat,395000.00,1785000.00
Punjab,FIROZEPUR,2008,Kharif,Arhar/Tur,100.00,100.00
Punjab,FIROZEPUR,2008,Kharif,Cotton(lint),120000.00,484000.00
Punjab,FIROZEPUR,2008,Kharif,Guar seed,125.00,95.00
Punjab,FIROZEPUR,2008,Kharif,Jowar,100.00,100.00
Punjab,FIROZEPUR,2008,Kharif,Moong(Green Gram),1800.00,1600.00
Punjab,FIROZEPUR,2008,Kharif,Rice,260000.00,1051000.00
Punjab,FIROZEPUR,2008,Kharif,Sesamum,1700.00,500.00
Punjab,FIROZEPUR,2008,Rabi,Barley,5000.00,18000.00
Punjab,FIROZEPUR,2008,Rabi,Gram,13000.00,15000.00
Punjab,FIROZEPUR,2008,Rabi,Peas & beans (Pulses),1000.00,1000.00
Punjab,FIROZEPUR,2008,Rabi,Rapeseed &Mustard,4000.00,7000.00
Punjab,FIROZEPUR,2008,Rabi,Wheat,395000.00,1849000.00
Punjab,FIROZEPUR,2009,Kharif,Arhar/Tur,200.00,200.00
Punjab,FIROZEPUR,2009,Kharif,Cotton(lint),126000.00,417000.00
Punjab,FIROZEPUR,2009,Kharif,Guar seed,125.00,88.00
Punjab,FIROZEPUR,2009,Kharif,Jowar,100.00,100.00
Punjab,FIROZEPUR,2009,Kharif,Moong(Green Gram),1600.00,1400.00
Punjab,FIROZEPUR,2009,Kharif,Rice,262000.00,964000.00
Punjab,FIROZEPUR,2009,Kharif,Sesamum,1200.00,500.00
Punjab,FIROZEPUR,2009,Rabi,Barley,4000.00,13000.00
Punjab,FIROZEPUR,2009,Rabi,Gram,13000.00,15000.00
Punjab,FIROZEPUR,2009,Rabi,Rapeseed &Mustard,5000.00,9000.00
Punjab,FIROZEPUR,2009,Rabi,Wheat,395000.00,1636000.00
Punjab,FIROZEPUR,2009,Whole Year,Sugarcane,100.00,6000.00
Punjab,FIROZEPUR,2010,Kharif,Bajra,1000.00,1000.00
Punjab,FIROZEPUR,2010,Kharif,Cotton(lint),116000.00,382000.00
Punjab,FIROZEPUR,2010,Kharif,Moong(Green Gram),1400.00,1000.00
Punjab,FIROZEPUR,2010,Kharif,Rice,258000.00,954000.00
Punjab,FIROZEPUR,2010,Kharif,Sesamum,800.00,500.00
Punjab,FIROZEPUR,2010,Rabi,Barley,3000.00,11000.00
Punjab,FIROZEPUR,2010,Rabi,Gram,1100.00,1500.00
Punjab,FIROZEPUR,2010,Rabi,Rapeseed &Mustard,5000.00,9000.00
Punjab,FIROZEPUR,2010,Rabi,Wheat,397000.00,1850000.00
Punjab,FIROZEPUR,2010,Whole Year,Guar seed,8700.00,8000.00
Punjab,FIROZEPUR,2011,Kharif,Cotton(lint),124000.00,339000.00
Punjab,FIROZEPUR,2011,Kharif,Moong(Green Gram),15000.00,13000.00
Punjab,FIROZEPUR,2011,Kharif,Rice,257000.00,889000.00
Punjab,FIROZEPUR,2011,Kharif,Sesamum,13000.00,6000.00
Punjab,FIROZEPUR,2011,Rabi,Barley,3000.00,12000.00
Punjab,FIROZEPUR,2011,Rabi,Gram,10000.00,13000.00
Punjab,FIROZEPUR,2011,Rabi,Masoor,1000.00,700.00
Punjab,FIROZEPUR,2011,Rabi,Rapeseed &Mustard,5000.00,8000.00
Punjab,FIROZEPUR,2011,Rabi,Wheat,394000.00,1969000.00
Punjab,FIROZEPUR,2012,Kharif,Arhar/Tur,100.00,100.00
Punjab,FIROZEPUR,2012,Kharif,Cotton(lint),1000.00,3000.00
Punjab,FIROZEPUR,2012,Kharif,Moong(Green Gram),900.00,900.00
Punjab,FIROZEPUR,2012,Kharif,Rice,182000.00,766000.00
Punjab,FIROZEPUR,2012,Kharif,Sesamum,700.00,300.00
Punjab,FIROZEPUR,2012,Rabi,Rapeseed &Mustard,1000.00,900.00
Punjab,FIROZEPUR,2012,Rabi,Wheat,185000.00,911000.00
Punjab,FIROZEPUR,2012,Whole Year,Sugarcane,1000.00,67000.00
Punjab,FIROZEPUR,2013,Kharif,Cotton(lint),1000.00,3000.00
Punjab,FIROZEPUR,2013,Kharif,Guar seed,400.00,400.00
Punjab,FIROZEPUR,2013,Kharif,Moong(Green Gram),4000.00,3000.00
Punjab,FIROZEPUR,2013,Kharif,Rice,183000.00,766000.00
Punjab,FIROZEPUR,2013,Kharif,Sesamum,5000.00,3000.00
Punjab,FIROZEPUR,2013,Rabi,Wheat,189000.00,1001000.00
Punjab,FIROZEPUR,2013,Whole Year,Sugarcane,2000.00,170000.00
Punjab,FIROZEPUR,2014,Kharif,Cotton(lint),1000.00,3000.00
Punjab,FIROZEPUR,2014,Kharif,Guar seed,13700.00,10600.00
Punjab,FIROZEPUR,2014,Kharif,Moong(Green Gram),3000.00,2000.00
Punjab,FIROZEPUR,2014,Kharif,Rice,189000.00,733000.00
Punjab,FIROZEPUR,2014,Kharif,Sesamum,4000.00,1000.00
Punjab,FIROZEPUR,2014,Rabi,Peas & beans (Pulses),1000.00,900.00
Punjab,FIROZEPUR,2014,Rabi,Wheat,188000.00,877000.00
Punjab,FIROZEPUR,2014,Whole Year,Sugarcane,2000.00,150000.00
Punjab,GURDASPUR,1997,Kharif,Arhar/Tur,100.00,100.00
Punjab,GURDASPUR,1997,Kharif,Maize,14000.00,23000.00
Punjab,GURDASPUR,1997,Kharif,Rice,181000.00,509000.00
Punjab,GURDASPUR,1997,Kharif,Sesamum,2300.00,600.00
Punjab,GURDASPUR,1997,Kharif,Urad,2300.00,800.00
Punjab,GURDASPUR,1997,Rabi,Gram,200.00,200.00
Punjab,GURDASPUR,1997,Rabi,Masoor,700.00,500.00
Punjab,GURDASPUR,1997,Rabi,Rapeseed &Mustard,3000.00,3000.00
Punjab,GURDASPUR,1997,Rabi,Wheat,194000.00,729000.00
Punjab,GURDASPUR,1997,Whole Year,Sugarcane,19000.00,980000.00
Punjab,GURDASPUR,1998,Kharif,Maize,14000.00,31000.00
Punjab,GURDASPUR,1998,Kharif,Rice,187000.00,465000.00
Punjab,GURDASPUR,1998,Kharif,Sesamum,2500.00,900.00
Punjab,GURDASPUR,1998,Kharif,Urad,2700.00,1300.00
Punjab,GURDASPUR,1998,Rabi,Gram,100.00,100.00
Punjab,GURDASPUR,1998,Rabi,Linseed,100.00,100.00
Punjab,GURDASPUR,1998,Rabi,Masoor,500.00,300.00
Punjab,GURDASPUR,1998,Rabi,Peas & beans (Pulses),400.00,300.00
Punjab,GURDASPUR,1998,Rabi,Rapeseed &Mustard,1000.00,2000.00
Punjab,GURDASPUR,1998,Rabi,Wheat,108000.00,465000.00
Punjab,GURDASPUR,1998,Whole Year,Sugarcane,15000.00,840000.00
Punjab,GURDASPUR,1999,Kharif,Maize,13000.00,27000.00
Punjab,GURDASPUR,1999,Kharif,Rice,198000.00,561000.00
Punjab,GURDASPUR,1999,Kharif,Sesamum,2400.00,800.00
Punjab,GURDASPUR,1999,Kharif,Urad,1900.00,1000.00
Punjab,GURDASPUR,1999,Rabi,Gram,100.00,100.00
Punjab,GURDASPUR,1999,Rabi,Linseed,100.00,100.00
Punjab,GURDASPUR,1999,Rabi,Masoor,500.00,400.00
Punjab,GURDASPUR,1999,Rabi,Peas & beans (Pulses),500.00,300.00
Punjab,GURDASPUR,1999,Rabi,Rapeseed &Mustard,4000.00,4000.00
Punjab,GURDASPUR,1999,Rabi,Wheat,213000.00,929000.00
Punjab,GURDASPUR,1999,Whole Year,Sugarcane,16000.00,1100000.00
Punjab,GURDASPUR,2000,Kharif,Maize,13000.00,28000.00
Punjab,GURDASPUR,2000,Kharif,Rice,191000.00,569000.00
Punjab,GURDASPUR,2000,Kharif,Sesamum,2900.00,700.00
Punjab,GURDASPUR,2000,Rabi,Gram,300.00,300.00
Punjab,GURDASPUR,2000,Rabi,Linseed,100.00,100.00
Punjab,GURDASPUR,2000,Rabi,Masoor,1000.00,800.00
Punjab,GURDASPUR,2000,Rabi,Other  Rabi pulses,500.00,400.00
Punjab,GURDASPUR,2000,Rabi,Wheat,217000.00,924000.00
Punjab,GURDASPUR,2000,Whole Year,Sugarcane,18000.00,1220000.00
Punjab,GURDASPUR,2001,Kharif,Maize,14000.00,29000.00
Punjab,GURDASPUR,2001,Kharif,Rice,194000.00,571000.00
Punjab,GURDASPUR,2001,Kharif,Sesamum,2600.00,800.00
Punjab,GURDASPUR,2001,Rabi,Gram,400.00,300.00
Punjab,GURDASPUR,2001,Rabi,Linseed,100.00,100.00
Punjab,GURDASPUR,2001,Rabi,Masoor,900.00,700.00
Punjab,GURDASPUR,2001,Rabi,Rapeseed &Mustard,300.00,300.00
Punjab,GURDASPUR,2001,Rabi,Wheat,217000.00,1011000.00
Punjab,GURDASPUR,2001,Whole Year,Sugarcane,23000.00,1570000.00
Punjab,GURDASPUR,2002,Kharif,Maize,12000.00,18000.00
Punjab,GURDASPUR,2002,Kharif,Rice,189000.00,547000.00
Punjab,GURDASPUR,2002,Kharif,Sesamum,1800.00,600.00
Punjab,GURDASPUR,2002,Kharif,Urad,2000.00,1100.00
Punjab,GURDASPUR,2002,Rabi,Gram,400.00,500.00
Punjab,GURDASPUR,2002,Rabi,Masoor,800.00,700.00
Punjab,GURDASPUR,2002,Rabi,Rapeseed &Mustard,3000.00,3000.00
Punjab,GURDASPUR,2002,Rabi,Wheat,206000.00,784000.00
Punjab,GURDASPUR,2002,Whole Year,Sugarcane,25000.00,1700000.00
Punjab,GURDASPUR,2003,Kharif,Maize,13000.00,31000.00
Punjab,GURDASPUR,2003,Kharif,Rice,193000.00,587000.00
Punjab,GURDASPUR,2003,Kharif,Sesamum,1800.00,500.00
Punjab,GURDASPUR,2003,Kharif,Urad,2400.00,1000.00
Punjab,GURDASPUR,2003,Rabi,Gram,400.00,300.00
Punjab,GURDASPUR,2003,Rabi,Masoor,600.00,500.00
Punjab,GURDASPUR,2003,Rabi,Rapeseed &Mustard,3000.00,3000.00
Punjab,GURDASPUR,2003,Rabi,Wheat,219000.00,952000.00
Punjab,GURDASPUR,2003,Whole Year,Sugarcane,22000.00,1320000.00
Punjab,GURDASPUR,2004,Kharif,Arhar/Tur,100.00,100.00
Punjab,GURDASPUR,2004,Kharif,Maize,15000.00,35000.00
Punjab,GURDASPUR,2004,Kharif,Moth,100.00,.00
Punjab,GURDASPUR,2004,Kharif,Rice,202000.00,641000.00
Punjab,GURDASPUR,2004,Kharif,Sesamum,1600.00,400.00
Punjab,GURDASPUR,2004,Kharif,Urad,2200.00,1200.00
Punjab,GURDASPUR,2004,Rabi,Gram,400.00,100.00
Punjab,GURDASPUR,2004,Rabi,Masoor,600.00,200.00
Punjab,GURDASPUR,2004,Rabi,Rapeseed &Mustard,4000.00,5000.00
Punjab,GURDASPUR,2004,Rabi,Wheat,227000.00,810000.00
Punjab,GURDASPUR,2004,Whole Year,Sugarcane,20000.00,1310000.00
Punjab,GURDASPUR,2005,Kharif,Arhar/Tur,100.00,100.00
Punjab,GURDASPUR,2005,Kharif,Bajra,1000.00,1000.00
Punjab,GURDASPUR,2005,Kharif,Maize,13000.00,30000.00
Punjab,GURDASPUR,2005,Kharif,Rice,190000.00,590000.00
Punjab,GURDASPUR,2005,Kharif,Sesamum,1400.00,300.00
Punjab,GURDASPUR,2005,Kharif,Urad,1800.00,900.00
Punjab,GURDASPUR,2005,Rabi,Gram,200.00,100.00
Punjab,GURDASPUR,2005,Rabi,Masoor,400.00,200.00
Punjab,GURDASPUR,2005,Rabi,Peas & beans (Pulses),100.00,
Punjab,GURDASPUR,2005,Rabi,Rapeseed &Mustard,3000.00,3000.00
Punjab,GURDASPUR,2005,Rabi,Wheat,227000.00,904000.00
Punjab,GURDASPUR,2005,Whole Year,Sugarcane,21000.00,1412000.00
Punjab,GURDASPUR,2006,Kharif,Maize,13000.00,29000.00
Punjab,GURDASPUR,2006,Kharif,Rice,201000.00,636000.00
Punjab,GURDASPUR,2006,Kharif,Sesamum,1100.00,300.00
Punjab,GURDASPUR,2006,Kharif,Urad,2200.00,1000.00
Punjab,GURDASPUR,2006,Rabi,Gram,200.00,200.00
Punjab,GURDASPUR,2006,Rabi,Masoor,300.00,100.00
Punjab,GURDASPUR,2006,Rabi,Peas & beans (Pulses),100.00,100.00
Punjab,GURDASPUR,2006,Rabi,Rapeseed &Mustard,4000.00,4000.00
Punjab,GURDASPUR,2006,Rabi,Wheat,229000.00,910000.00
Punjab,GURDASPUR,2007,Kharif,Maize,13000.00,28000.00
Punjab,GURDASPUR,2007,Kharif,Rice,191000.00,617000.00
Punjab,GURDASPUR,2007,Kharif,Sesamum,900.00,200.00
Punjab,GURDASPUR,2007,Kharif,Urad,2000.00,900.00
Punjab,GURDASPUR,2007,Rabi,Gram,1000.00,1000.00
Punjab,GURDASPUR,2007,Rabi,Masoor,2000.00,1000.00
Punjab,GURDASPUR,2007,Rabi,Rapeseed &Mustard,3000.00,4000.00
Punjab,GURDASPUR,2007,Rabi,Wheat,231000.00,976000.00
Punjab,GURDASPUR,2008,Kharif,Maize,13000.00,30000.00
Punjab,GURDASPUR,2008,Kharif,Rice,201000.00,663000.00
Punjab,GURDASPUR,2008,Kharif,Sesamum,800.00,200.00
Punjab,GURDASPUR,2008,Kharif,Urad,1800.00,800.00
Punjab,GURDASPUR,2008,Rabi,Gram,1000.00,1000.00
Punjab,GURDASPUR,2008,Rabi,Masoor,2000.00,1000.00
Punjab,GURDASPUR,2008,Rabi,Rapeseed &Mustard,3000.00,3000.00
Punjab,GURDASPUR,2008,Rabi,Wheat,231000.00,927000.00
Punjab,GURDASPUR,2009,Kharif,Maize,11000.00,25000.00
Punjab,GURDASPUR,2009,Kharif,Rice,204000.00,640000.00
Punjab,GURDASPUR,2009,Kharif,Sesamum,900.00,300.00
Punjab,GURDASPUR,2009,Kharif,Urad,1800.00,800.00
Punjab,GURDASPUR,2009,Rabi,Gram,1000.00,1000.00
Punjab,GURDASPUR,2009,Rabi,Masoor,300.00,200.00
Punjab,GURDASPUR,2009,Rabi,Peas & beans (Pulses),100.00,100.00
Punjab,GURDASPUR,2009,Rabi,Rapeseed &Mustard,3000.00,3000.00
Punjab,GURDASPUR,2009,Rabi,Wheat,230000.00,940000.00
Punjab,GURDASPUR,2009,Whole Year,Sugarcane,1900.00,124000.00
Punjab,GURDASPUR,2010,Kharif,Maize,11000.00,30000.00
Punjab,GURDASPUR,2010,Kharif,Rice,204000.00,705000.00
Punjab,GURDASPUR,2010,Kharif,Sesamum,800.00,300.00
Punjab,GURDASPUR,2010,Kharif,Urad,1800.00,900.00
Punjab,GURDASPUR,2010,Rabi,Gram,100.00,100.00
Punjab,GURDASPUR,2010,Rabi,Masoor,200.00,93.00
Punjab,GURDASPUR,2010,Rabi,Peas & beans (Pulses),200.00,200.00
Punjab,GURDASPUR,2010,Rabi,Rapeseed &Mustard,3000.00,3000.00
Punjab,GURDASPUR,2010,Rabi,Wheat,226000.00,919000.00
Punjab,GURDASPUR,2011,Kharif,Maize,10000.00,25000.00
Punjab,GURDASPUR,2011,Kharif,Moong(Green Gram),2000.00,2000.00
Punjab,GURDASPUR,2011,Kharif,Rice,201000.00,649000.00
Punjab,GURDASPUR,2011,Kharif,Sesamum,8000.00,1000.00
Punjab,GURDASPUR,2011,Kharif,Urad,18000.00,5000.00
Punjab,GURDASPUR,2011,Rabi,Masoor,3000.00,2200.00
Punjab,GURDASPUR,2011,Rabi,Peas & beans (Pulses),2000.00,2000.00
Punjab,GURDASPUR,2011,Rabi,Rapeseed &Mustard,3000.00,4000.00
Punjab,GURDASPUR,2011,Rabi,Wheat,231000.00,1098000.00
Punjab,GURDASPUR,2011,Whole Year,Sugarcane,20.00,1491000.00
Punjab,GURDASPUR,2012,Kharif,Maize,2000.00,5000.00
Punjab,GURDASPUR,2012,Kharif,Rice,174000.00,542000.00
Punjab,GURDASPUR,2012,Kharif,Sesamum,400.00,100.00
Punjab,GURDASPUR,2012,Kharif,Urad,300.00,100.00
Punjab,GURDASPUR,2012,Rabi,Masoor,100.00,100.00
Punjab,GURDASPUR,2012,Rabi,Rapeseed &Mustard,2000.00,2500.00
Punjab,GURDASPUR,2012,Rabi,Wheat,184000.00,825000.00
Punjab,GURDASPUR,2012,Whole Year,Sugarcane,22000.00,1594000.00
Punjab,GURDASPUR,2013,Kharif,Maize,1000.00,2000.00
Punjab,GURDASPUR,2013,Kharif,Rice,173000.00,507000.00
Punjab,GURDASPUR,2013,Kharif,Sesamum,1000.00,
Punjab,GURDASPUR,2013,Kharif,Urad,3000.00,1600.00
Punjab,GURDASPUR,2013,Rabi,Masoor,2000.00,1400.00
Punjab,GURDASPUR,2013,Rabi,Rapeseed &Mustard,2000.00,2500.00
Punjab,GURDASPUR,2013,Rabi,Wheat,184000.00,822000.00
Punjab,GURDASPUR,2013,Whole Year,Sugarcane,21000.00,1560000.00
Punjab,GURDASPUR,2014,Kharif,Maize,1000.00,3000.00
Punjab,GURDASPUR,2014,Kharif,Rice,173000.00,452000.00
Punjab,GURDASPUR,2014,Kharif,Urad,3000.00,1600.00
Punjab,GURDASPUR,2014,Rabi,Masoor,2000.00,1200.00
Punjab,GURDASPUR,2014,Rabi,Peas & beans (Pulses),1000.00,900.00
Punjab,GURDASPUR,2014,Rabi,Rapeseed &Mustard,2000.00,2100.00
Punjab,GURDASPUR,2014,Rabi,Wheat,187000.00,627000.00
Punjab,GURDASPUR,2014,Whole Year,Sugarcane,24000.00,1840000.00
Punjab,HOSHIARPUR,1997,Kharif,Arhar/Tur,200.00,100.00
Punjab,HOSHIARPUR,1997,Kharif,Bajra,3000.00,3000.00
Punjab,HOSHIARPUR,1997,Kharif,Groundnut,3000.00,3000.00
Punjab,HOSHIARPUR,1997,Kharif,Maize,65000.00,144000.00
Punjab,HOSHIARPUR,1997,Kharif,Rice,56000.00,169000.00
Punjab,HOSHIARPUR,1997,Kharif,Sesamum,700.00,200.00
Punjab,HOSHIARPUR,1997,Kharif,Urad,300.00,200.00
Punjab,HOSHIARPUR,1997,Rabi,Gram,500.00,300.00
Punjab,HOSHIARPUR,1997,Rabi,Masoor,1100.00,500.00
Punjab,HOSHIARPUR,1997,Rabi,Rapeseed &Mustard,3000.00,2000.00
Punjab,HOSHIARPUR,1997,Rabi,Wheat,135000.00,413000.00
Punjab,HOSHIARPUR,1997,Whole Year,Sugarcane,13000.00,770000.00
Punjab,HOSHIARPUR,1998,Kharif,Arhar/Tur,100.00,100.00
Punjab,HOSHIARPUR,1998,Kharif,Groundnut,3000.00,2000.00
Punjab,HOSHIARPUR,1998,Kharif,Maize,63000.00,141000.00
Punjab,HOSHIARPUR,1998,Kharif,Rice,59000.00,171000.00
Punjab,HOSHIARPUR,1998,Kharif,Sesamum,500.00,200.00
Punjab,HOSHIARPUR,1998,Kharif,Urad,400.00,200.00
Punjab,HOSHIARPUR,1998,Rabi,Gram,500.00,200.00
Punjab,HOSHIARPUR,1998,Rabi,Masoor,1200.00,600.00
Punjab,HOSHIARPUR,1998,Rabi,Peas & beans (Pulses),500.00,500.00
Punjab,HOSHIARPUR,1998,Rabi,Rapeseed &Mustard,3000.00,2000.00
Punjab,HOSHIARPUR,1998,Rabi,Wheat,140000.00,488000.00
Punjab,HOSHIARPUR,1998,Whole Year,Sugarcane,13000.00,780000.00
Punjab,HOSHIARPUR,1999,Kharif,Arhar/Tur,200.00,100.00
Punjab,HOSHIARPUR,1999,Kharif,Groundnut,3000.00,3000.00
Punjab,HOSHIARPUR,1999,Kharif,Maize,66000.00,177000.00
Punjab,HOSHIARPUR,1999,Kharif,Rice,61000.00,178000.00
Punjab,HOSHIARPUR,1999,Kharif,Sesamum,800.00,200.00
Punjab,HOSHIARPUR,1999,Kharif,Urad,400.00,200.00
Punjab,HOSHIARPUR,1999,Rabi,Gram,500.00,300.00
Punjab,HOSHIARPUR,1999,Rabi,Masoor,1000.00,600.00
Punjab,HOSHIARPUR,1999,Rabi,Peas & beans (Pulses),1100.00,500.00
Punjab,HOSHIARPUR,1999,Rabi,Rapeseed &Mustard,3000.00,3000.00
Punjab,HOSHIARPUR,1999,Rabi,Wheat,144000.00,517000.00
Punjab,HOSHIARPUR,1999,Whole Year,Sugarcane,15000.00,900000.00
Punjab,HOSHIARPUR,2000,Kharif,Arhar/Tur,100.00,100.00
Punjab,HOSHIARPUR,2000,Kharif,Groundnut,3000.00,3000.00
Punjab,HOSHIARPUR,2000,Kharif,Maize,66000.00,184000.00
Punjab,HOSHIARPUR,2000,Kharif,Rice,63000.00,192000.00
Punjab,HOSHIARPUR,2000,Kharif,Sesamum,800.00,300.00
Punjab,HOSHIARPUR,2000,Rabi,Gram,400.00,200.00
Punjab,HOSHIARPUR,2000,Rabi,Linseed,100.00,100.00
Punjab,HOSHIARPUR,2000,Rabi,Masoor,900.00,400.00
Punjab,HOSHIARPUR,2000,Rabi,Other  Rabi pulses,1800.00,1700.00
Punjab,HOSHIARPUR,2000,Rabi,Wheat,142000.00,489000.00
Punjab,HOSHIARPUR,2000,Whole Year,Sugarcane,17000.00,1020000.00
Punjab,HOSHIARPUR,2001,Kharif,Arhar/Tur,100.00,100.00
Punjab,HOSHIARPUR,2001,Kharif,Groundnut,300.00,300.00
Punjab,HOSHIARPUR,2001,Kharif,Maize,65000.00,189000.00
Punjab,HOSHIARPUR,2001,Kharif,Moong(Green Gram),100.00,100.00
Punjab,HOSHIARPUR,2001,Kharif,Rice,60000.00,171000.00
Punjab,HOSHIARPUR,2001,Kharif,Sesamum,700.00,200.00
Punjab,HOSHIARPUR,2001,Rabi,Gram,300.00,200.00
Punjab,HOSHIARPUR,2001,Rabi,Masoor,700.00,300.00
Punjab,HOSHIARPUR,2001,Rabi,Rapeseed &Mustard,300.00,300.00
Punjab,HOSHIARPUR,2001,Rabi,Wheat,139000.00,502000.00
Punjab,HOSHIARPUR,2001,Whole Year,Sugarcane,21000.00,1290000.00
Punjab,HOSHIARPUR,2002,Kharif,Arhar/Tur,100.00,100.00
Punjab,HOSHIARPUR,2002,Kharif,Groundnut,3200.00,2200.00
Punjab,HOSHIARPUR,2002,Kharif,Maize,62000.00,128000.00
Punjab,HOSHIARPUR,2002,Kharif,Moong(Green Gram),100.00,100.00
Punjab,HOSHIARPUR,2002,Kharif,Rice,56000.00,159000.00
Punjab,HOSHIARPUR,2002,Kharif,Sesamum,800.00,200.00
Punjab,HOSHIARPUR,2002,Kharif,Urad,600.00,200.00
Punjab,HOSHIARPUR,2002,Rabi,Gram,500.00,400.00
Punjab,HOSHIARPUR,2002,Rabi,Masoor,600.00,200.00
Punjab,HOSHIARPUR,2002,Rabi,Rapeseed &Mustard,3000.00,3000.00
Punjab,HOSHIARPUR,2002,Rabi,Wheat,137000.00,471000.00
Punjab,HOSHIARPUR,2002,Whole Year,Sugarcane,25000.00,1310000.00
Punjab,HOSHIARPUR,2003,Kharif,Arhar/Tur,100.00,100.00
Punjab,HOSHIARPUR,2003,Kharif,Groundnut,3000.00,2800.00
Punjab,HOSHIARPUR,2003,Kharif,Maize,66000.00,187000.00
Punjab,HOSHIARPUR,2003,Kharif,Moong(Green Gram),200.00,200.00
Punjab,HOSHIARPUR,2003,Kharif,Rice,58000.00,179000.00
Punjab,HOSHIARPUR,2003,Kharif,Sesamum,700.00,200.00
Punjab,HOSHIARPUR,2003,Kharif,Urad,1000.00,400.00
Punjab,HOSHIARPUR,2003,Rabi,Gram,400.00,200.00
Punjab,HOSHIARPUR,2003,Rabi,Masoor,700.00,300.00
Punjab,HOSHIARPUR,2003,Rabi,Rapeseed &Mustard,3000.00,2000.00
Punjab,HOSHIARPUR,2003,Rabi,Sunflower,7000.00,12000.00
Punjab,HOSHIARPUR,2003,Rabi,Wheat,146000.00,499000.00
Punjab,HOSHIARPUR,2003,Whole Year,Sugarcane,22000.00,1170000.00
Punjab,HOSHIARPUR,2004,Kharif,Arhar/Tur,100.00,100.00
Punjab,HOSHIARPUR,2004,Kharif,Groundnut,3200.00,2800.00
Punjab,HOSHIARPUR,2004,Kharif,Maize,67000.00,194000.00
Punjab,HOSHIARPUR,2004,Kharif,Rice,58000.00,171000.00
Punjab,HOSHIARPUR,2004,Kharif,Sesamum,700.00,300.00
Punjab,HOSHIARPUR,2004,Kharif,Urad,400.00,100.00
Punjab,HOSHIARPUR,2004,Rabi,Gram,400.00,300.00
Punjab,HOSHIARPUR,2004,Rabi,Masoor,700.00,300.00
Punjab,HOSHIARPUR,2004,Rabi,Rapeseed &Mustard,4000.00,4000.00
Punjab,HOSHIARPUR,2004,Rabi,Wheat,145000.00,493000.00
Punjab,HOSHIARPUR,2004,Whole Year,Sugarcane,18000.00,1030000.00
Punjab,HOSHIARPUR,2005,Kharif,Groundnut,2700.00,2300.00
Punjab,HOSHIARPUR,2005,Kharif,Maize,66000.00,172000.00
Punjab,HOSHIARPUR,2005,Kharif,Rice,61000.00,182000.00
Punjab,HOSHIARPUR,2005,Kharif,Sesamum,700.00,200.00
Punjab,HOSHIARPUR,2005,Kharif,Urad,300.00,100.00
Punjab,HOSHIARPUR,2005,Rabi,Gram,300.00,200.00
Punjab,HOSHIARPUR,2005,Rabi,Masoor,400.00,200.00
Punjab,HOSHIARPUR,2005,Rabi,Peas & beans (Pulses),400.00,400.00
Punjab,HOSHIARPUR,2005,Rabi,Rapeseed &Mustard,3000.00,3000.00
Punjab,HOSHIARPUR,2005,Rabi,Wheat,145000.00,514000.00
Punjab,HOSHIARPUR,2005,Whole Year,Sugarcane,21000.00,1168000.00
Punjab,HOSHIARPUR,2006,Kharif,Arhar/Tur,100.00,100.00
Punjab,HOSHIARPUR,2006,Kharif,Groundnut,3500.00,3000.00
Punjab,HOSHIARPUR,2006,Kharif,Maize,68000.00,225000.00
Punjab,HOSHIARPUR,2006,Kharif,Rice,56000.00,157000.00
Punjab,HOSHIARPUR,2006,Kharif,Sesamum,800.00,100.00
Punjab,HOSHIARPUR,2006,Kharif,Urad,300.00,100.00
Punjab,HOSHIARPUR,2006,Rabi,Gram,300.00,200.00
Punjab,HOSHIARPUR,2006,Rabi,Masoor,400.00,100.00
Punjab,HOSHIARPUR,2006,Rabi,Peas & beans (Pulses),300.00,300.00
Punjab,HOSHIARPUR,2006,Rabi,Rapeseed &Mustard,4000.00,5000.00
Punjab,HOSHIARPUR,2006,Rabi,Wheat,142000.00,517000.00
Punjab,HOSHIARPUR,2007,Kharif,Arhar/Tur,100.00,100.00
Punjab,HOSHIARPUR,2007,Kharif,Groundnut,2700.00,2300.00
Punjab,HOSHIARPUR,2007,Kharif,Maize,70000.00,230000.00
Punjab,HOSHIARPUR,2007,Kharif,Rice,56000.00,185000.00
Punjab,HOSHIARPUR,2007,Kharif,Sesamum,700.00,100.00
Punjab,HOSHIARPUR,2007,Kharif,Urad,500.00,200.00
Punjab,HOSHIARPUR,2007,Rabi,Gram,1000.00,1000.00
Punjab,HOSHIARPUR,2007,Rabi,Masoor,3000.00,1000.00
Punjab,HOSHIARPUR,2007,Rabi,Rapeseed &Mustard,3000.00,3000.00
Punjab,HOSHIARPUR,2007,Rabi,Wheat,145000.00,552000.00
Punjab,HOSHIARPUR,2008,Kharif,Arhar/Tur,100.00,100.00
Punjab,HOSHIARPUR,2008,Kharif,Groundnut,2300.00,2200.00
Punjab,HOSHIARPUR,2008,Kharif,Maize,70000.00,242000.00
Punjab,HOSHIARPUR,2008,Kharif,Rice,60000.00,209000.00
Punjab,HOSHIARPUR,2008,Kharif,Sesamum,500.00,100.00
Punjab,HOSHIARPUR,2008,Kharif,Urad,400.00,200.00
Punjab,HOSHIARPUR,2008,Rabi,Gram,2000.00,2000.00
Punjab,HOSHIARPUR,2008,Rabi,Masoor,3000.00,1000.00
Punjab,HOSHIARPUR,2008,Rabi,Peas & beans (Pulses),2000.00,2000.00
Punjab,HOSHIARPUR,2008,Rabi,Rapeseed &Mustard,3000.00,3000.00
Punjab,HOSHIARPUR,2008,Rabi,Wheat,154000.00,545000.00
Punjab,HOSHIARPUR,2009,Kharif,Arhar/Tur,100.00,100.00
Punjab,HOSHIARPUR,2009,Kharif,Groundnut,2200.00,2700.00
Punjab,HOSHIARPUR,2009,Kharif,Maize,67000.00,240000.00
Punjab,HOSHIARPUR,2009,Kharif,Rice,70000.00,248000.00
Punjab,HOSHIARPUR,2009,Kharif,Sesamum,500.00,100.00
Punjab,HOSHIARPUR,2009,Kharif,Urad,400.00,200.00
Punjab,HOSHIARPUR,2009,Rabi,Gram,4000.00,3000.00
Punjab,HOSHIARPUR,2009,Rabi,Masoor,300.00,100.00
Punjab,HOSHIARPUR,2009,Rabi,Peas & beans (Pulses),300.00,300.00
Punjab,HOSHIARPUR,2009,Rabi,Rapeseed &Mustard,5000.00,6000.00
Punjab,HOSHIARPUR,2009,Rabi,Wheat,153000.00,589000.00
Punjab,HOSHIARPUR,2009,Whole Year,Sugarcane,1400.00,76000.00
Punjab,HOSHIARPUR,2010,Kharif,Groundnut,2000.00,3700.00
Punjab,HOSHIARPUR,2010,Kharif,Maize,63000.00,241000.00
Punjab,HOSHIARPUR,2010,Kharif,Rice,73000.00,261000.00
Punjab,HOSHIARPUR,2010,Kharif,Sesamum,600.00,100.00
Punjab,HOSHIARPUR,2010,Kharif,Urad,400.00,200.00
Punjab,HOSHIARPUR,2010,Rabi,Gram,100.00,100.00
Punjab,HOSHIARPUR,2010,Rabi,Masoor,300.00,185.00
Punjab,HOSHIARPUR,2010,Rabi,Peas & beans (Pulses),200.00,200.00
Punjab,HOSHIARPUR,2010,Rabi,Rapeseed &Mustard,6000.00,8000.00
Punjab,HOSHIARPUR,2010,Rabi,Wheat,154000.00,661000.00
Punjab,HOSHIARPUR,2011,Kharif,Arhar/Tur,1000.00,1000.00
Punjab,HOSHIARPUR,2011,Kharif,Groundnut,16000.00,28000.00
Punjab,HOSHIARPUR,2011,Kharif,Maize,59000.00,241000.00
Punjab,HOSHIARPUR,2011,Kharif,Rice,74000.00,269000.00
Punjab,HOSHIARPUR,2011,Kharif,Sesamum,5000.00,2000.00
Punjab,HOSHIARPUR,2011,Kharif,Urad,6000.00,4000.00
Punjab,HOSHIARPUR,2011,Rabi,Gram,1000.00,1000.00
Punjab,HOSHIARPUR,2011,Rabi,Masoor,3000.00,1800.00
Punjab,HOSHIARPUR,2011,Rabi,Peas & beans (Pulses),3000.00,4000.00
Punjab,HOSHIARPUR,2011,Rabi,Rapeseed &Mustard,6000.00,6000.00
Punjab,HOSHIARPUR,2011,Rabi,Wheat,154000.00,694000.00
Punjab,HOSHIARPUR,2011,Whole Year,Sugarcane,20.00,1293000.00
Punjab,HOSHIARPUR,2012,Kharif,Arhar/Tur,100.00,100.00
Punjab,HOSHIARPUR,2012,Kharif,Groundnut,1600.00,2900.00
Punjab,HOSHIARPUR,2012,Kharif,Maize,61000.00,248000.00
Punjab,HOSHIARPUR,2012,Kharif,Peas & beans (Pulses),20.00,20.00
Punjab,HOSHIARPUR,2012,Kharif,Rice,70000.00,252000.00
Punjab,HOSHIARPUR,2012,Kharif,Sesamum,600.00,200.00
Punjab,HOSHIARPUR,2012,Kharif,Urad,300.00,200.00
Punjab,HOSHIARPUR,2012,Rabi,Gram,100.00,100.00
Punjab,HOSHIARPUR,2012,Rabi,Masoor,200.00,100.00
Punjab,HOSHIARPUR,2012,Rabi,Peas & beans (Pulses),200.00,200.00
Punjab,HOSHIARPUR,2012,Rabi,Rapeseed &Mustard,4000.00,4800.00
Punjab,HOSHIARPUR,2012,Rabi,Sunflower,1500.00,3300.00
Punjab,HOSHIARPUR,2012,Rabi,Wheat,149000.00,629000.00
Punjab,HOSHIARPUR,2012,Whole Year,Sugarcane,19000.00,1321000.00
Punjab,HOSHIARPUR,2013,Kharif,Groundnut,13000.00,24000.00
Punjab,HOSHIARPUR,2013,Kharif,Maize,58000.00,228000.00
Punjab,HOSHIARPUR,2013,Kharif,Rice,70000.00,252000.00
Punjab,HOSHIARPUR,2013,Kharif,Sesamum,6000.00,2000.00
Punjab,HOSHIARPUR,2013,Kharif,Urad,1000.00,300.00
Punjab,HOSHIARPUR,2013,Rabi,Masoor,2000.00,1500.00
Punjab,HOSHIARPUR,2013,Rabi,Peas & beans (Pulses),2000.00,2600.00
Punjab,HOSHIARPUR,2013,Rabi,Rapeseed &Mustard,4000.00,5200.00
Punjab,HOSHIARPUR,2013,Rabi,Wheat,148000.00,671000.00
Punjab,HOSHIARPUR,2013,Whole Year,Sugarcane,21000.00,1481000.00
Punjab,HOSHIARPUR,2014,Kharif,Groundnut,14000.00,26000.00
Punjab,HOSHIARPUR,2014,Kharif,Maize,59000.00,222000.00
Punjab,HOSHIARPUR,2014,Kharif,Rice,71000.00,244000.00
Punjab,HOSHIARPUR,2014,Kharif,Sesamum,3000.00,1000.00
Punjab,HOSHIARPUR,2014,Kharif,Urad,1000.00,300.00
Punjab,HOSHIARPUR,2014,Rabi,Masoor,1000.00,500.00
Punjab,HOSHIARPUR,2014,Rabi,Peas & beans (Pulses),2000.00,2600.00
Punjab,HOSHIARPUR,2014,Rabi,Rapeseed &Mustard,4000.00,4300.00
Punjab,HOSHIARPUR,2014,Rabi,Wheat,150000.00,540000.00
Punjab,HOSHIARPUR,2014,Whole Year,Sugarcane,22000.00,1515000.00
Punjab,JALANDHAR,1997,Kharif,Arhar/Tur,600.00,300.00
Punjab,JALANDHAR,1997,Kharif,Maize,15000.00,37000.00
Punjab,JALANDHAR,1997,Kharif,Rice,126000.00,422000.00
Punjab,JALANDHAR,1997,Kharif,Sesamum,1600.00,600.00
Punjab,JALANDHAR,1997,Kharif,Urad,300.00,100.00
Punjab,JALANDHAR,1997,Rabi,Masoor,100.00,100.00
Punjab,JALANDHAR,1997,Rabi,Rapeseed &Mustard,2000.00,2000.00
Punjab,JALANDHAR,1997,Rabi,Wheat,157000.00,563000.00
Punjab,JALANDHAR,1997,Whole Year,Moong(Green Gram),500.00,300.00
Punjab,JALANDHAR,1997,Whole Year,Sugarcane,14000.00,780000.00
Punjab,JALANDHAR,1998,Kharif,Arhar/Tur,400.00,300.00
Punjab,JALANDHAR,1998,Kharif,Cotton(lint),2000.00,2000.00
Punjab,JALANDHAR,1998,Kharif,Maize,13000.00,34000.00
Punjab,JALANDHAR,1998,Kharif,Moong(Green Gram),300.00,200.00
Punjab,JALANDHAR,1998,Kharif,Rice,134000.00,436000.00
Punjab,JALANDHAR,1998,Kharif,Sesamum,1300.00,400.00
Punjab,JALANDHAR,1998,Rabi,Linseed,100.00,100.00
Punjab,JALANDHAR,1998,Rabi,Masoor,100.00,100.00
Punjab,JALANDHAR,1998,Rabi,Peas & beans (Pulses),200.00,200.00
Punjab,JALANDHAR,1998,Rabi,Rapeseed &Mustard,2000.00,3000.00
Punjab,JALANDHAR,1998,Rabi,Wheat,162000.00,748000.00
Punjab,JALANDHAR,1998,Whole Year,Sugarcane,13000.00,730000.00
Punjab,JALANDHAR,1999,Kharif,Arhar/Tur,600.00,400.00
Punjab,JALANDHAR,1999,Kharif,Maize,15000.00,44000.00
Punjab,JALANDHAR,1999,Kharif,Moong(Green Gram),100.00,100.00
Punjab,JALANDHAR,1999,Kharif,Rice,133000.00,464000.00
Punjab,JALANDHAR,1999,Kharif,Sesamum,1300.00,700.00
Punjab,JALANDHAR,1999,Rabi,Linseed,100.00,100.00
Punjab,JALANDHAR,1999,Rabi,Rapeseed &Mustard,2000.00,3000.00
Punjab,JALANDHAR,1999,Rabi,Wheat,163000.00,803000.00
Punjab,JALANDHAR,1999,Whole Year,Sugarcane,14000.00,820000.00
Punjab,JALANDHAR,2000,Kharif,Arhar/Tur,700.00,500.00
Punjab,JALANDHAR,2000,Kharif,Maize,16000.00,52000.00
Punjab,JALANDHAR,2000,Kharif,Moong(Green Gram),100.00,100.00
Punjab,JALANDHAR,2000,Kharif,Rice,136000.00,488000.00
Punjab,JALANDHAR,2000,Kharif,Sesamum,1400.00,600.00
Punjab,JALANDHAR,2000,Rabi,Gram,100.00,100.00
Punjab,JALANDHAR,2000,Rabi,Linseed,200.00,200.00
Punjab,JALANDHAR,2000,Rabi,Masoor,100.00,100.00
Punjab,JALANDHAR,2000,Rabi,Other  Rabi pulses,100.00,100.00
Punjab,JALANDHAR,2000,Rabi,Wheat,167000.00,773000.00
Punjab,JALANDHAR,2000,Whole Year,Sugarcane,15000.00,920000.00
Punjab,JALANDHAR,2001,Kharif,Arhar/Tur,1000.00,1100.00
Punjab,JALANDHAR,2001,Kharif,Cotton(lint),1000.00,2000.00
Punjab,JALANDHAR,2001,Kharif,Maize,16000.00,49000.00
Punjab,JALANDHAR,2001,Kharif,Moong(Green Gram),200.00,100.00
Punjab,JALANDHAR,2001,Kharif,Rice,132000.00,445000.00
Punjab,JALANDHAR,2001,Kharif,Sesamum,1700.00,600.00
Punjab,JALANDHAR,2001,Rabi,Gram,100.00,100.00
Punjab,JALANDHAR,2001,Rabi,Linseed,100.00,100.00
Punjab,JALANDHAR,2001,Rabi,Rapeseed &Mustard,200.00,300.00
Punjab,JALANDHAR,2001,Rabi,Wheat,167000.00,785000.00
Punjab,JALANDHAR,2001,Whole Year,Sugarcane,16000.00,1000000.00
Punjab,JALANDHAR,2002,Kharif,Arhar/Tur,800.00,900.00
Punjab,JALANDHAR,2002,Kharif,Maize,13000.00,36000.00
Punjab,JALANDHAR,2002,Kharif,Moong(Green Gram),100.00,100.00
Punjab,JALANDHAR,2002,Kharif,Rice,133000.00,495000.00
Punjab,JALANDHAR,2002,Kharif,Sesamum,600.00,200.00
Punjab,JALANDHAR,2002,Kharif,Urad,100.00,100.00
Punjab,JALANDHAR,2002,Rabi,Gram,100.00,100.00
Punjab,JALANDHAR,2002,Rabi,Masoor,100.00,100.00
Punjab,JALANDHAR,2002,Rabi,Rapeseed &Mustard,2000.00,2000.00
Punjab,JALANDHAR,2002,Rabi,Wheat,167000.00,715000.00
Punjab,JALANDHAR,2002,Whole Year,Sugarcane,17000.00,1040000.00
Punjab,JALANDHAR,2003,Kharif,Arhar/Tur,1100.00,1200.00
Punjab,JALANDHAR,2003,Kharif,Maize,14000.00,48000.00
Punjab,JALANDHAR,2003,Kharif,Moong(Green Gram),300.00,200.00
Punjab,JALANDHAR,2003,Kharif,Rice,138000.00,465000.00
Punjab,JALANDHAR,2003,Kharif,Sesamum,700.00,300.00
Punjab,JALANDHAR,2003,Kharif,Urad,100.00,100.00
Punjab,JALANDHAR,2003,Rabi,Masoor,100.00,100.00
Punjab,JALANDHAR,2003,Rabi,Rapeseed &Mustard,1000.00,1000.00
Punjab,JALANDHAR,2003,Rabi,Sunflower,5000.00,8000.00
Punjab,JALANDHAR,2003,Rabi,Wheat,169000.00,747000.00
Punjab,JALANDHAR,2003,Whole Year,Sugarcane,15000.00,690000.00
Punjab,JALANDHAR,2004,Kharif,Arhar/Tur,1200.00,1400.00
Punjab,JALANDHAR,2004,Kharif,Maize,13000.00,38000.00
Punjab,JALANDHAR,2004,Kharif,Moong(Green Gram),200.00,200.00
Punjab,JALANDHAR,2004,Kharif,Rice,145000.00,538000.00
Punjab,JALANDHAR,2004,Kharif,Sesamum,700.00,300.00
Punjab,JALANDHAR,2004,Kharif,Urad,100.00,100.00
Punjab,JALANDHAR,2004,Rabi,Rapeseed &Mustard,2000.00,2000.00
Punjab,JALANDHAR,2004,Rabi,Wheat,171000.00,734000.00
Punjab,JALANDHAR,2004,Whole Year,Sugarcane,11000.00,610000.00
Punjab,JALANDHAR,2005,Kharif,Arhar/Tur,1200.00,1200.00
Punjab,JALANDHAR,2005,Kharif,Maize,12000.00,40000.00
Punjab,JALANDHAR,2005,Kharif,Moong(Green Gram),100.00,100.00
Punjab,JALANDHAR,2005,Kharif,Rice,151000.00,526000.00
Punjab,JALANDHAR,2005,Kharif,Sesamum,800.00,300.00
Punjab,JALANDHAR,2005,Kharif,Urad,100.00,100.00
Punjab,JALANDHAR,2005,Rabi,Peas & beans (Pulses),200.00,200.00
Punjab,JALANDHAR,2005,Rabi,Rapeseed &Mustard,1000.00,2000.00
Punjab,JALANDHAR,2005,Rabi,Wheat,170000.00,764000.00
Punjab,JALANDHAR,2005,Whole Year,Sugarcane,11000.00,676000.00
Punjab,JALANDHAR,2006,Kharif,Arhar/Tur,1000.00,1100.00
Punjab,JALANDHAR,2006,Kharif,Groundnut,100.00,100.00
Punjab,JALANDHAR,2006,Kharif,Maize,12000.00,38000.00
Punjab,JALANDHAR,2006,Kharif,Moong(Green Gram),100.00,100.00
Punjab,JALANDHAR,2006,Kharif,Rice,147000.00,514000.00
Punjab,JALANDHAR,2006,Kharif,Sesamum,600.00,300.00
Punjab,JALANDHAR,2006,Rabi,Linseed,100.00,100.00
Punjab,JALANDHAR,2006,Rabi,Peas & beans (Pulses),100.00,100.00
Punjab,JALANDHAR,2006,Rabi,Rapeseed &Mustard,1000.00,1000.00
Punjab,JALANDHAR,2006,Rabi,Wheat,165000.00,692000.00
Punjab,JALANDHAR,2007,Kharif,Arhar/Tur,900.00,900.00
Punjab,JALANDHAR,2007,Kharif,Maize,13000.00,49000.00
Punjab,JALANDHAR,2007,Kharif,Moong(Green Gram),100.00,100.00
Punjab,JALANDHAR,2007,Kharif,Rice,149000.00,554000.00
Punjab,JALANDHAR,2007,Kharif,Sesamum,600.00,300.00
Punjab,JALANDHAR,2007,Rabi,Rapeseed &Mustard,1000.00,1000.00
Punjab,JALANDHAR,2007,Rabi,Wheat,167000.00,741000.00
Punjab,JALANDHAR,2008,Kharif,Arhar/Tur,1000.00,1000.00
Punjab,JALANDHAR,2008,Kharif,Maize,12000.00,41000.00
Punjab,JALANDHAR,2008,Kharif,Moong(Green Gram),100.00,100.00
Punjab,JALANDHAR,2008,Kharif,Rice,155000.00,588000.00
Punjab,JALANDHAR,2008,Kharif,Sesamum,600.00,300.00
Punjab,JALANDHAR,2008,Rabi,Linseed,1000.00,1000.00
Punjab,JALANDHAR,2008,Rabi,Peas & beans (Pulses),1000.00,1000.00
Punjab,JALANDHAR,2008,Rabi,Rapeseed &Mustard,1000.00,1000.00
Punjab,JALANDHAR,2008,Rabi,Wheat,171000.00,708000.00
Punjab,JALANDHAR,2009,Kharif,Arhar/Tur,700.00,700.00
Punjab,JALANDHAR,2009,Kharif,Maize,10000.00,35000.00
Punjab,JALANDHAR,2009,Kharif,Moong(Green Gram),100.00,100.00
Punjab,JALANDHAR,2009,Kharif,Rice,161000.00,636000.00
Punjab,JALANDHAR,2009,Kharif,Sesamum,500.00,200.00
Punjab,JALANDHAR,2009,Rabi,Peas & beans (Pulses),100.00,100.00
Punjab,JALANDHAR,2009,Rabi,Rapeseed &Mustard,1000.00,1000.00
Punjab,JALANDHAR,2009,Rabi,Wheat,170000.00,735000.00
Punjab,JALANDHAR,2009,Whole Year,Sugarcane,700.00,42000.00
Punjab,JALANDHAR,2010,Kharif,Arhar/Tur,600.00,600.00
Punjab,JALANDHAR,2010,Kharif,Maize,9000.00,35000.00
Punjab,JALANDHAR,2010,Kharif,Moong(Green Gram),100.00,100.00
Punjab,JALANDHAR,2010,Kharif,Rice,163000.00,588000.00
Punjab,JALANDHAR,2010,Kharif,Sesamum,400.00,200.00
Punjab,JALANDHAR,2010,Rabi,Peas & beans (Pulses),100.00,100.00
Punjab,JALANDHAR,2010,Rabi,Rapeseed &Mustard,1000.00,1000.00
Punjab,JALANDHAR,2010,Rabi,Wheat,169000.00,793000.00
Punjab,JALANDHAR,2011,Kharif,Arhar/Tur,6000.00,6000.00
Punjab,JALANDHAR,2011,Kharif,Maize,8000.00,37000.00
Punjab,JALANDHAR,2011,Kharif,Rice,165000.00,583000.00
Punjab,JALANDHAR,2011,Kharif,Sesamum,2000.00,1000.00
Punjab,JALANDHAR,2011,Rabi,Rapeseed &Mustard,1000.00,1000.00
Punjab,JALANDHAR,2011,Rabi,Wheat,171000.00,866000.00
Punjab,JALANDHAR,2011,Whole Year,Sugarcane,9.00,599000.00
Punjab,JALANDHAR,2012,Kharif,Arhar/Tur,600.00,600.00
Punjab,JALANDHAR,2012,Kharif,Maize,8000.00,27000.00
Punjab,JALANDHAR,2012,Kharif,Moong(Green Gram),100.00,100.00
Punjab,JALANDHAR,2012,Kharif,Rice,165000.00,625000.00
Punjab,JALANDHAR,2012,Kharif,Sesamum,300.00,100.00
Punjab,JALANDHAR,2012,Rabi,Peas & beans (Pulses),100.00,100.00
Punjab,JALANDHAR,2012,Rabi,Rapeseed &Mustard,1000.00,1500.00
Punjab,JALANDHAR,2012,Rabi,Sunflower,3500.00,5700.00
Punjab,JALANDHAR,2012,Rabi,Wheat,169000.00,773000.00
Punjab,JALANDHAR,2012,Whole Year,Sugarcane,10000.00,651000.00
Punjab,JALANDHAR,2013,Kharif,Arhar/Tur,4000.00,4000.00
Punjab,JALANDHAR,2013,Kharif,Maize,8000.00,26000.00
Punjab,JALANDHAR,2013,Kharif,Rice,167000.00,596000.00
Punjab,JALANDHAR,2013,Kharif,Sesamum,3000.00,1000.00
Punjab,JALANDHAR,2013,Rabi,Peas & beans (Pulses),2000.00,2100.00
Punjab,JALANDHAR,2013,Rabi,Rapeseed &Mustard,1000.00,1500.00
Punjab,JALANDHAR,2013,Rabi,Wheat,169000.00,837000.00
Punjab,JALANDHAR,2013,Whole Year,Sugarcane,10000.00,764000.00
Punjab,JALANDHAR,2014,Kharif,Arhar/Tur,4000.00,3500.00
Punjab,JALANDHAR,2014,Kharif,Maize,8000.00,29000.00
Punjab,JALANDHAR,2014,Kharif,Rice,167000.00,616000.00
Punjab,JALANDHAR,2014,Kharif,Sesamum,2000.00,1000.00
Punjab,JALANDHAR,2014,Kharif,Urad,2000.00,1100.00
Punjab,JALANDHAR,2014,Rabi,Peas & beans (Pulses),1000.00,1100.00
Punjab,JALANDHAR,2014,Rabi,Rapeseed &Mustard,1000.00,1300.00
Punjab,JALANDHAR,2014,Rabi,Wheat,167000.00,685000.00
Punjab,JALANDHAR,2014,Whole Year,Sugarcane,11000.00,825000.00
Punjab,KAPURTHALA,1997,Kharif,Arhar/Tur,100.00,100.00
Punjab,KAPURTHALA,1997,Kharif,Maize,4000.00,10000.00
Punjab,KAPURTHALA,1997,Kharif,Rice,97000.00,290000.00
Punjab,KAPURTHALA,1997,Kharif,Sesamum,700.00,200.00
Punjab,KAPURTHALA,1997,Rabi,Rapeseed &Mustard,1000.00,1000.00
Punjab,KAPURTHALA,1997,Rabi,Wheat,102000.00,348000.00
Punjab,KAPURTHALA,1997,Whole Year,Moong(Green Gram),200.00,100.00
Punjab,KAPURTHALA,1997,Whole Year,Sugarcane,5000.00,270000.00
Punjab,KAPURTHALA,1998,Kharif,Maize,4000.00,11000.00
Punjab,KAPURTHALA,1998,Kharif,Moong(Green Gram),200.00,100.00
Punjab,KAPURTHALA,1998,Kharif,Rice,99000.00,314000.00
Punjab,KAPURTHALA,1998,Kharif,Sesamum,600.00,200.00
Punjab,KAPURTHALA,1998,Rabi,Barley,5000.00,17000.00
Punjab,KAPURTHALA,1998,Rabi,Peas & beans (Pulses),200.00,200.00
Punjab,KAPURTHALA,1998,Rabi,Rapeseed &Mustard,12000.00,9000.00
Punjab,KAPURTHALA,1998,Rabi,Wheat,238000.00,990000.00
Punjab,KAPURTHALA,1998,Whole Year,Sugarcane,4000.00,240000.00
Punjab,KAPURTHALA,1999,Kharif,Maize,4000.00,13000.00
Punjab,KAPURTHALA,1999,Kharif,Moong(Green Gram),100.00,100.00
Punjab,KAPURTHALA,1999,Kharif,Rice,100000.00,319000.00
Punjab,KAPURTHALA,1999,Kharif,Sesamum,200.00,.00
Punjab,KAPURTHALA,1999,Rabi,Rapeseed &Mustard,1000.00,1000.00
Punjab,KAPURTHALA,1999,Rabi,Wheat,111000.00,523000.00
Punjab,KAPURTHALA,1999,Whole Year,Sugarcane,4000.00,220000.00
Punjab,KAPURTHALA,2000,Kharif,Maize,4000.00,12000.00
Punjab,KAPURTHALA,2000,Kharif,Moong(Green Gram),100.00,100.00
Punjab,KAPURTHALA,2000,Kharif,Rice,103000.00,358000.00
Punjab,KAPURTHALA,2000,Kharif,Sesamum,400.00,200.00
Punjab,KAPURTHALA,2000,Rabi,Gram,100.00,100.00
Punjab,KAPURTHALA,2000,Rabi,Masoor,100.00,100.00
Punjab,KAPURTHALA,2000,Rabi,Other  Rabi pulses,200.00,200.00
Punjab,KAPURTHALA,2000,Rabi,Wheat,111000.00,493000.00
Punjab,KAPURTHALA,2000,Whole Year,Sugarcane,5000.00,330000.00
Punjab,KAPURTHALA,2001,Kharif,Maize,4000.00,14000.00
Punjab,KAPURTHALA,2001,Kharif,Moong(Green Gram),100.00,100.00
Punjab,KAPURTHALA,2001,Kharif,Rice,103000.00,357000.00
Punjab,KAPURTHALA,2001,Kharif,Sesamum,400.00,200.00
Punjab,KAPURTHALA,2001,Rabi,Gram,100.00,100.00
Punjab,KAPURTHALA,2001,Rabi,Masoor,100.00,100.00
Punjab,KAPURTHALA,2001,Rabi,Rapeseed &Mustard,100.00,100.00
Punjab,KAPURTHALA,2001,Rabi,Wheat,114000.00,538000.00
Punjab,KAPURTHALA,2001,Whole Year,Sugarcane,6000.00,370000.00
Punjab,KAPURTHALA,2002,Kharif,Maize,3000.00,8000.00
Punjab,KAPURTHALA,2002,Kharif,Moong(Green Gram),100.00,100.00
Punjab,KAPURTHALA,2002,Kharif,Rice,102000.00,362000.00
Punjab,KAPURTHALA,2002,Kharif,Sesamum,200.00,100.00
Punjab,KAPURTHALA,2002,Rabi,Gram,100.00,100.00
Punjab,KAPURTHALA,2002,Rabi,Masoor,100.00,100.00
Punjab,KAPURTHALA,2002,Rabi,Rapeseed &Mustard,1000.00,1000.00
Punjab,KAPURTHALA,2002,Rabi,Wheat,112000.00,445000.00
Punjab,KAPURTHALA,2002,Whole Year,Sugarcane,6000.00,350000.00
Punjab,KAPURTHALA,2003,Kharif,Arhar/Tur,100.00,100.00
Punjab,KAPURTHALA,2003,Kharif,Maize,3000.00,11000.00
Punjab,KAPURTHALA,2003,Kharif,Moong(Green Gram),100.00,100.00
Punjab,KAPURTHALA,2003,Kharif,Rice,104000.00,361000.00
Punjab,KAPURTHALA,2003,Kharif,Sesamum,100.00,.00
Punjab,KAPURTHALA,2003,Rabi,Rapeseed &Mustard,1000.00,1000.00
Punjab,KAPURTHALA,2003,Rabi,Sunflower,2000.00,3000.00
Punjab,KAPURTHALA,2003,Rabi,Wheat,112000.00,496000.00
Punjab,KAPURTHALA,2003,Whole Year,Sugarcane,6000.00,320000.00
Punjab,KAPURTHALA,2004,Kharif,Arhar/Tur,100.00,100.00
Punjab,KAPURTHALA,2004,Kharif,Maize,4000.00,12000.00
Punjab,KAPURTHALA,2004,Kharif,Rice,105000.00,423000.00
Punjab,KAPURTHALA,2004,Kharif,Sesamum,200.00,100.00
Punjab,KAPURTHALA,2004,Rabi,Rapeseed &Mustard,1000.00,1000.00
Punjab,KAPURTHALA,2004,Rabi,Wheat,115000.00,460000.00
Punjab,KAPURTHALA,2004,Whole Year,Sugarcane,5000.00,300000.00
Punjab,KAPURTHALA,2005,Kharif,Arhar/Tur,100.00,100.00
Punjab,KAPURTHALA,2005,Kharif,Maize,3000.00,9000.00
Punjab,KAPURTHALA,2005,Kharif,Rice,108000.00,422000.00
Punjab,KAPURTHALA,2005,Kharif,Sesamum,200.00,100.00
Punjab,KAPURTHALA,2005,Rabi,Peas & beans (Pulses),100.00,100.00
Punjab,KAPURTHALA,2005,Rabi,Rapeseed &Mustard,1000.00,2000.00
Punjab,KAPURTHALA,2005,Rabi,Wheat,111000.00,483000.00
Punjab,KAPURTHALA,2005,Whole Year,Sugarcane,4000.00,231000.00
Punjab,KAPURTHALA,2006,Kharif,Maize,3000.00,11000.00
Punjab,KAPURTHALA,2006,Kharif,Rice,110000.00,414000.00
Punjab,KAPURTHALA,2006,Kharif,Sesamum,100.00,
Punjab,KAPURTHALA,2006,Rabi,Peas & beans (Pulses),100.00,100.00
Punjab,KAPURTHALA,2006,Rabi,Rapeseed &Mustard,1000.00,1000.00
Punjab,KAPURTHALA,2006,Rabi,Wheat,109000.00,444000.00
Punjab,KAPURTHALA,2007,Kharif,Maize,3000.00,13000.00
Punjab,KAPURTHALA,2007,Kharif,Rice,110000.00,428000.00
Punjab,KAPURTHALA,2007,Kharif,Sesamum,100.00,
Punjab,KAPURTHALA,2007,Rabi,Rapeseed &Mustard,1000.00,1000.00
Punjab,KAPURTHALA,2007,Rabi,Wheat,111000.00,506000.00
Punjab,KAPURTHALA,2008,Kharif,Maize,3000.00,11000.00
Punjab,KAPURTHALA,2008,Kharif,Rice,114000.00,428000.00
Punjab,KAPURTHALA,2008,Kharif,Sesamum,100.00,
Punjab,KAPURTHALA,2008,Rabi,Rapeseed &Mustard,1000.00,1000.00
Punjab,KAPURTHALA,2008,Rabi,Wheat,111000.00,472000.00
Punjab,KAPURTHALA,2009,Kharif,Maize,3000.00,14000.00
Punjab,KAPURTHALA,2009,Kharif,Rice,115000.00,452000.00
Punjab,KAPURTHALA,2009,Rabi,Rapeseed &Mustard,1000.00,1000.00
Punjab,KAPURTHALA,2009,Rabi,Wheat,111000.00,457000.00
Punjab,KAPURTHALA,2009,Whole Year,Sugarcane,300.00,18000.00
Punjab,KAPURTHALA,2010,Kharif,Maize,2000.00,11000.00
Punjab,KAPURTHALA,2010,Kharif,Rice,118000.00,460000.00
Punjab,KAPURTHALA,2010,Rabi,Peas & beans (Pulses),100.00,100.00
Punjab,KAPURTHALA,2010,Rabi,Rapeseed &Mustard,1000.00,1000.00
Punjab,KAPURTHALA,2010,Rabi,Wheat,108000.00,480000.00
Punjab,KAPURTHALA,2011,Kharif,Bajra,1000.00,1000.00
Punjab,KAPURTHALA,2011,Kharif,Maize,3000.00,18000.00
Punjab,KAPURTHALA,2011,Kharif,Rice,118000.00,433000.00
Punjab,KAPURTHALA,2011,Rabi,Rapeseed &Mustard,1000.00,1000.00
Punjab,KAPURTHALA,2011,Rabi,Wheat,110000.00,542000.00
Punjab,KAPURTHALA,2011,Whole Year,Sugarcane,3.00,221000.00
Punjab,KAPURTHALA,2012,Kharif,Maize,2000.00,9000.00
Punjab,KAPURTHALA,2012,Kharif,Rice,117000.00,445000.00
Punjab,KAPURTHALA,2012,Rabi,Sunflower,1300.00,2200.00
Punjab,KAPURTHALA,2012,Rabi,Wheat,110000.00,510000.00
Punjab,KAPURTHALA,2012,Whole Year,Sugarcane,4000.00,258000.00
Punjab,KAPURTHALA,2013,Kharif,Maize,3000.00,20000.00
Punjab,KAPURTHALA,2013,Kharif,Rice,117000.00,451000.00
Punjab,KAPURTHALA,2013,Rabi,Rapeseed &Mustard,1000.00,1300.00
Punjab,KAPURTHALA,2013,Rabi,Wheat,111000.00,548000.00
Punjab,KAPURTHALA,2013,Whole Year,Sugarcane,4000.00,328000.00
Punjab,KAPURTHALA,2014,Kharif,Maize,3000.00,11000.00
Punjab,KAPURTHALA,2014,Kharif,Rice,117000.00,439000.00
Punjab,KAPURTHALA,2014,Rabi,Peas & beans (Pulses),1000.00,1400.00
Punjab,KAPURTHALA,2014,Rabi,Rapeseed &Mustard,1000.00,1500.00
Punjab,KAPURTHALA,2014,Rabi,Wheat,110000.00,429000.00
Punjab,KAPURTHALA,2014,Whole Year,Sugarcane,4000.00,312000.00
Punjab,LUDHIANA,1997,Kharif,Arhar/Tur,3000.00,2200.00
Punjab,LUDHIANA,1997,Kharif,Groundnut,1000.00,1000.00
Punjab,LUDHIANA,1997,Kharif,Maize,4000.00,10000.00
Punjab,LUDHIANA,1997,Kharif,Rice,234000.00,899000.00
Punjab,LUDHIANA,1997,Kharif,Sesamum,100.00,100.00
Punjab,LUDHIANA,1997,Rabi,Barley,3000.00,8000.00
Punjab,LUDHIANA,1997,Rabi,Gram,100.00,100.00
Punjab,LUDHIANA,1997,Rabi,Rapeseed &Mustard,2000.00,2000.00
Punjab,LUDHIANA,1997,Rabi,Wheat,257000.00,1082000.00
Punjab,LUDHIANA,1997,Whole Year,Cotton(lint),3000.00,5000.00
Punjab,LUDHIANA,1997,Whole Year,Moong(Green Gram),6500.00,4600.00
Punjab,LUDHIANA,1997,Whole Year,Sugarcane,8000.00,470000.00
Punjab,LUDHIANA,1998,Kharif,Arhar/Tur,2600.00,1400.00
Punjab,LUDHIANA,1998,Kharif,Maize,3000.00,10000.00
Punjab,LUDHIANA,1998,Kharif,Moong(Green Gram),4800.00,2800.00
Punjab,LUDHIANA,1998,Kharif,Rice,241000.00,789000.00
Punjab,LUDHIANA,1998,Rabi,Barley,4000.00,13000.00
Punjab,LUDHIANA,1998,Rabi,Peas & beans (Pulses),600.00,600.00
Punjab,LUDHIANA,1998,Rabi,Rapeseed &Mustard,18000.00,16000.00
Punjab,LUDHIANA,1998,Rabi,Wheat,413000.00,1823000.00
Punjab,LUDHIANA,1998,Whole Year,Sugarcane,5000.00,330000.00
Punjab,LUDHIANA,1999,Kharif,Arhar/Tur,2300.00,1700.00
Punjab,LUDHIANA,1999,Kharif,Cotton(lint),1000.00,2000.00
Punjab,LUDHIANA,1999,Kharif,Maize,4000.00,12000.00
Punjab,LUDHIANA,1999,Kharif,Moong(Green Gram),4300.00,3100.00
Punjab,LUDHIANA,1999,Kharif,Rice,237000.00,856000.00
Punjab,LUDHIANA,1999,Rabi,Barley,3000.00,12000.00
Punjab,LUDHIANA,1999,Rabi,Rapeseed &Mustard,3000.00,4000.00
Punjab,LUDHIANA,1999,Rabi,Wheat,259000.00,1312000.00
Punjab,LUDHIANA,1999,Whole Year,Sugarcane,6000.00,420000.00
Punjab,LUDHIANA,2000,Kharif,Arhar/Tur,2200.00,1800.00
Punjab,LUDHIANA,2000,Kharif,Cotton(lint),1000.00,1000.00
Punjab,LUDHIANA,2000,Kharif,Maize,4000.00,17000.00
Punjab,LUDHIANA,2000,Kharif,Moong(Green Gram),3600.00,2300.00
Punjab,LUDHIANA,2000,Kharif,Rice,238000.00,939000.00
Punjab,LUDHIANA,2000,Kharif,Sesamum,100.00,10.00
Punjab,LUDHIANA,2000,Rabi,Barley,3000.00,12000.00
Punjab,LUDHIANA,2000,Rabi,Gram,100.00,100.00
Punjab,LUDHIANA,2000,Rabi,Other  Rabi pulses,100.00,100.00
Punjab,LUDHIANA,2000,Rabi,Wheat,258000.00,1334000.00
Punjab,LUDHIANA,2000,Whole Year,Sugarcane,7000.00,470000.00
Punjab,LUDHIANA,2001,Kharif,Arhar/Tur,2300.00,1600.00
Punjab,LUDHIANA,2001,Kharif,Cotton(lint),2000.00,3000.00
Punjab,LUDHIANA,2001,Kharif,Maize,5000.00,17000.00
Punjab,LUDHIANA,2001,Kharif,Moong(Green Gram),4000.00,1600.00
Punjab,LUDHIANA,2001,Kharif,Rice,235000.00,916000.00
Punjab,LUDHIANA,2001,Kharif,Sesamum,100.00,100.00
Punjab,LUDHIANA,2001,Rabi,Barley,2000.00,7000.00
Punjab,LUDHIANA,2001,Rabi,Gram,200.00,200.00
Punjab,LUDHIANA,2001,Rabi,Rapeseed &Mustard,200.00,300.00
Punjab,LUDHIANA,2001,Rabi,Wheat,257000.00,1304000.00
Punjab,LUDHIANA,2001,Whole Year,Sugarcane,8000.00,540000.00
Punjab,LUDHIANA,2002,Kharif,Arhar/Tur,2000.00,1600.00
Punjab,LUDHIANA,2002,Kharif,Cotton(lint),1000.00,1000.00
Punjab,LUDHIANA,2002,Kharif,Groundnut,100.00,100.00
Punjab,LUDHIANA,2002,Kharif,Maize,4000.00,13000.00
Punjab,LUDHIANA,2002,Kharif,Moong(Green Gram),2200.00,1800.00
Punjab,LUDHIANA,2002,Kharif,Rice,236000.00,1020000.00
Punjab,LUDHIANA,2002,Rabi,Barley,3000.00,10000.00
Punjab,LUDHIANA,2002,Rabi,Gram,200.00,200.00
Punjab,LUDHIANA,2002,Rabi,Rapeseed &Mustard,2000.00,2000.00
Punjab,LUDHIANA,2002,Rabi,Wheat,254000.00,1142000.00
Punjab,LUDHIANA,2002,Whole Year,Sugarcane,8000.00,510000.00
Punjab,LUDHIANA,2003,Kharif,Arhar/Tur,2200.00,1800.00
Punjab,LUDHIANA,2003,Kharif,Cotton(lint),1000.00,1000.00
Punjab,LUDHIANA,2003,Kharif,Maize,3000.00,10000.00
Punjab,LUDHIANA,2003,Kharif,Moong(Green Gram),2600.00,2300.00
Punjab,LUDHIANA,2003,Kharif,Rice,241000.00,1047000.00
Punjab,LUDHIANA,2003,Rabi,Barley,2000.00,6000.00
Punjab,LUDHIANA,2003,Rabi,Gram,100.00,100.00
Punjab,LUDHIANA,2003,Rabi,Rapeseed &Mustard,2000.00,3000.00
Punjab,LUDHIANA,2003,Rabi,Sunflower,1000.00,2000.00
Punjab,LUDHIANA,2003,Rabi,Wheat,257000.00,1220000.00
Punjab,LUDHIANA,2003,Whole Year,Sugarcane,5000.00,270000.00
Punjab,LUDHIANA,2004,Kharif,Arhar/Tur,2000.00,1600.00
Punjab,LUDHIANA,2004,Kharif,Groundnut,100.00,100.00
Punjab,LUDHIANA,2004,Kharif,Maize,2000.00,6000.00
Punjab,LUDHIANA,2004,Kharif,Moong(Green Gram),2100.00,1600.00
Punjab,LUDHIANA,2004,Kharif,Rice,400000.00,1144000.00
Punjab,LUDHIANA,2004,Rabi,Barley,2000.00,7000.00
Punjab,LUDHIANA,2004,Rabi,Gram,100.00,100.00
Punjab,LUDHIANA,2004,Rabi,Rapeseed &Mustard,2000.00,3000.00
Punjab,LUDHIANA,2004,Rabi,Wheat,258000.00,1246000.00
Punjab,LUDHIANA,2004,Whole Year,Sugarcane,3000.00,140000.00
Punjab,LUDHIANA,2005,Kharif,Arhar/Tur,1900.00,1500.00
Punjab,LUDHIANA,2005,Kharif,Cotton(lint),1000.00,5000.00
Punjab,LUDHIANA,2005,Kharif,Groundnut,100.00,100.00
Punjab,LUDHIANA,2005,Kharif,Maize,2000.00,7000.00
Punjab,LUDHIANA,2005,Kharif,Moong(Green Gram),2000.00,1600.00
Punjab,LUDHIANA,2005,Kharif,Moth,100.00,100.00
Punjab,LUDHIANA,2005,Kharif,Rice,250000.00,1130000.00
Punjab,LUDHIANA,2005,Rabi,Barley,2000.00,7000.00
Punjab,LUDHIANA,2005,Rabi,Peas & beans (Pulses),400.00,500.00
Punjab,LUDHIANA,2005,Rabi,Rapeseed &Mustard,2000.00,3000.00
Punjab,LUDHIANA,2005,Rabi,Wheat,257000.00,1228000.00
Punjab,LUDHIANA,2005,Whole Year,Sugarcane,2000.00,133000.00
Punjab,LUDHIANA,2006,Kharif,Arhar/Tur,1800.00,1600.00
Punjab,LUDHIANA,2006,Kharif,Cotton(lint),2000.00,9000.00
Punjab,LUDHIANA,2006,Kharif,Groundnut,200.00,200.00
Punjab,LUDHIANA,2006,Kharif,Maize,2000.00,9000.00
Punjab,LUDHIANA,2006,Kharif,Moong(Green Gram),2300.00,1900.00
Punjab,LUDHIANA,2006,Kharif,Rice,248000.00,1084000.00
Punjab,LUDHIANA,2006,Rabi,Barley,2000.00,6000.00
Punjab,LUDHIANA,2006,Rabi,Peas & beans (Pulses),500.00,700.00
Punjab,LUDHIANA,2006,Rabi,Rapeseed &Mustard,1000.00,1000.00
Punjab,LUDHIANA,2006,Rabi,Wheat,257000.00,1158000.00
Punjab,LUDHIANA,2007,Kharif,Arhar/Tur,1500.00,1300.00
Punjab,LUDHIANA,2007,Kharif,Cotton(lint),3000.00,12000.00
Punjab,LUDHIANA,2007,Kharif,Maize,2000.00,7000.00
Punjab,LUDHIANA,2007,Kharif,Moong(Green Gram),2000.00,1300.00
Punjab,LUDHIANA,2007,Kharif,Rice,250000.00,1133000.00
Punjab,LUDHIANA,2007,Rabi,Barley,2000.00,7000.00
Punjab,LUDHIANA,2007,Rabi,Rapeseed &Mustard,1000.00,1000.00
Punjab,LUDHIANA,2007,Rabi,Wheat,258000.00,1238000.00
Punjab,LUDHIANA,2008,Kharif,Arhar/Tur,1400.00,1100.00
Punjab,LUDHIANA,2008,Kharif,Cotton(lint),2000.00,9000.00
Punjab,LUDHIANA,2008,Kharif,Maize,2000.00,7000.00
Punjab,LUDHIANA,2008,Kharif,Moong(Green Gram),1200.00,900.00
Punjab,LUDHIANA,2008,Kharif,Rice,254000.00,1135000.00
Punjab,LUDHIANA,2008,Rabi,Barley,2000.00,5000.00
Punjab,LUDHIANA,2008,Rabi,Peas & beans (Pulses),2000.00,3000.00
Punjab,LUDHIANA,2008,Rabi,Rapeseed &Mustard,1000.00,1000.00
Punjab,LUDHIANA,2008,Rabi,Wheat,259000.00,1137000.00
Punjab,LUDHIANA,2009,Kharif,Arhar/Tur,1200.00,1300.00
Punjab,LUDHIANA,2009,Kharif,Cotton(lint),2000.00,8000.00
Punjab,LUDHIANA,2009,Kharif,Maize,2000.00,9000.00
Punjab,LUDHIANA,2009,Kharif,Moong(Green Gram),1100.00,1000.00
Punjab,LUDHIANA,2009,Kharif,Rice,257000.00,1206000.00
Punjab,LUDHIANA,2009,Rabi,Barley,2000.00,7000.00
Punjab,LUDHIANA,2009,Rabi,Peas & beans (Pulses),300.00,400.00
Punjab,LUDHIANA,2009,Rabi,Rapeseed &Mustard,2000.00,2000.00
Punjab,LUDHIANA,2009,Rabi,Wheat,259000.00,1200000.00
Punjab,LUDHIANA,2009,Whole Year,Sugarcane,100.00,6000.00
Punjab,LUDHIANA,2010,Kharif,Arhar/Tur,1100.00,1000.00
Punjab,LUDHIANA,2010,Kharif,Cotton(lint),1000.00,4000.00
Punjab,LUDHIANA,2010,Kharif,Maize,2000.00,7000.00
Punjab,LUDHIANA,2010,Kharif,Moong(Green Gram),1300.00,1000.00
Punjab,LUDHIANA,2010,Kharif,Rice,257000.00,1133000.00
Punjab,LUDHIANA,2010,Rabi,Barley,1000.00,4000.00
Punjab,LUDHIANA,2010,Rabi,Peas & beans (Pulses),300.00,400.00
Punjab,LUDHIANA,2010,Rabi,Rapeseed &Mustard,1000.00,2000.00
Punjab,LUDHIANA,2010,Rabi,Wheat,257000.00,1276000.00
Punjab,LUDHIANA,2011,Kharif,Arhar/Tur,8000.00,7000.00
Punjab,LUDHIANA,2011,Kharif,Cotton(lint),1000.00,3000.00
Punjab,LUDHIANA,2011,Kharif,Maize,2000.00,6000.00
Punjab,LUDHIANA,2011,Kharif,Moong(Green Gram),7000.00,5000.00
Punjab,LUDHIANA,2011,Kharif,Rice,257000.00,1094000.00
Punjab,LUDHIANA,2011,Rabi,Barley,1000.00,4000.00
Punjab,LUDHIANA,2011,Rabi,Peas & beans (Pulses),3000.00,4000.00
Punjab,LUDHIANA,2011,Rabi,Rapeseed &Mustard,1000.00,2000.00
Punjab,LUDHIANA,2011,Rabi,Wheat,257000.00,1381000.00
Punjab,LUDHIANA,2011,Whole Year,Sugarcane,2.00,161000.00
Punjab,LUDHIANA,2012,Kharif,Arhar/Tur,100.00,800.00
Punjab,LUDHIANA,2012,Kharif,Cotton(lint),1000.00,2000.00
Punjab,LUDHIANA,2012,Kharif,Maize,3000.00,8000.00
Punjab,LUDHIANA,2012,Kharif,Moong(Green Gram),600.00,300.00
Punjab,LUDHIANA,2012,Kharif,Peas & beans (Pulses),30.00,50.00
Punjab,LUDHIANA,2012,Kharif,Rice,257000.00,1169000.00
Punjab,LUDHIANA,2012,Rabi,Barley,2000.00,7000.00
Punjab,LUDHIANA,2012,Rabi,Peas & beans (Pulses),300.00,400.00
Punjab,LUDHIANA,2012,Rabi,Rapeseed &Mustard,1000.00,1200.00
Punjab,LUDHIANA,2012,Rabi,Sunflower,1200.00,2100.00
Punjab,LUDHIANA,2012,Rabi,Wheat,256000.00,1242000.00
Punjab,LUDHIANA,2012,Whole Year,Guar seed,100.00,100.00
Punjab,LUDHIANA,2012,Whole Year,Sugarcane,2000.00,136000.00
Punjab,LUDHIANA,2013,Kharif,Arhar/Tur,9000.00,8000.00
Punjab,LUDHIANA,2013,Kharif,Bajra,300.00,300.00
Punjab,LUDHIANA,2013,Kharif,Cotton(lint),1000.00,3000.00
Punjab,LUDHIANA,2013,Kharif,Maize,2000.00,14000.00
Punjab,LUDHIANA,2013,Kharif,Moong(Green Gram),4000.00,3000.00
Punjab,LUDHIANA,2013,Kharif,Rice,257000.00,1137000.00
Punjab,LUDHIANA,2013,Rabi,Barley,1000.00,4000.00
Punjab,LUDHIANA,2013,Rabi,Peas & beans (Pulses),3000.00,4500.00
Punjab,LUDHIANA,2013,Rabi,Rapeseed &Mustard,1000.00,1300.00
Punjab,LUDHIANA,2013,Rabi,Wheat,254000.00,1327000.00
Punjab,LUDHIANA,2013,Whole Year,Sugarcane,2000.00,170000.00
Punjab,LUDHIANA,2014,Kharif,Arhar/Tur,7000.00,7600.00
Punjab,LUDHIANA,2014,Kharif,Maize,3000.00,21000.00
Punjab,LUDHIANA,2014,Kharif,Moong(Green Gram),5000.00,4000.00
Punjab,LUDHIANA,2014,Kharif,Rice,257000.00,1119000.00
Punjab,LUDHIANA,2014,Rabi,Barley,1000.00,3500.00
Punjab,LUDHIANA,2014,Rabi,Peas & beans (Pulses),3000.00,4500.00
Punjab,LUDHIANA,2014,Rabi,Rapeseed &Mustard,1000.00,1500.00
Punjab,LUDHIANA,2014,Rabi,Wheat,253000.00,1129000.00
Punjab,LUDHIANA,2014,Whole Year,Sugarcane,3000.00,258000.00
Punjab,MANSA,1997,Kharif,Bajra,1000.00,1000.00
Punjab,MANSA,1997,Kharif,Groundnut,1000.00,1000.00
Punjab,MANSA,1997,Kharif,Rice,58000.00,220000.00
Punjab,MANSA,1997,Rabi,Barley,4000.00,10000.00
Punjab,MANSA,1997,Rabi,Gram,2300.00,1600.00
Punjab,MANSA,1997,Rabi,Rapeseed &Mustard,6000.00,4000.00
Punjab,MANSA,1997,Rabi,Wheat,157000.00,558000.00
Punjab,MANSA,1997,Whole Year,Cotton(lint),103000.00,165000.00
Punjab,MANSA,1997,Whole Year,Moong(Green Gram),800.00,500.00
Punjab,MANSA,1997,Whole Year,Sugarcane,1000.00,60000.00
Punjab,MANSA,1998,Kharif,Bajra,1000.00,1000.00
Punjab,MANSA,1998,Kharif,Cotton(lint),83000.00,70000.00
Punjab,MANSA,1998,Kharif,Moong(Green Gram),700.00,400.00
Punjab,MANSA,1998,Kharif,Rice,84000.00,215000.00
Punjab,MANSA,1998,Rabi,Barley,3000.00,8000.00
Punjab,MANSA,1998,Rabi,Gram,2300.00,1600.00
Punjab,MANSA,1998,Rabi,Rapeseed &Mustard,6000.00,6000.00
Punjab,MANSA,1998,Rabi,Wheat,159000.00,687000.00
Punjab,MANSA,1998,Whole Year,Sugarcane,1000.00,60000.00
Punjab,MANSA,1999,Kharif,Bajra,2000.00,1000.00
Punjab,MANSA,1999,Kharif,Cotton(lint),72000.00,159000.00
Punjab,MANSA,1999,Kharif,Moong(Green Gram),700.00,400.00
Punjab,MANSA,1999,Kharif,Rice,91000.00,291000.00
Punjab,MANSA,1999,Kharif,Sesamum,100.00,.00
Punjab,MANSA,1999,Rabi,Barley,3000.00,10000.00
Punjab,MANSA,1999,Rabi,Gram,1000.00,900.00
Punjab,MANSA,1999,Rabi,Rapeseed &Mustard,4000.00,4000.00
Punjab,MANSA,1999,Rabi,Wheat,157000.00,719000.00
Punjab,MANSA,1999,Whole Year,Sugarcane,1000.00,60000.00
Punjab,MANSA,2000,Kharif,Bajra,1000.00,1000.00
Punjab,MANSA,2000,Kharif,Cotton(lint),79000.00,193000.00
Punjab,MANSA,2000,Kharif,Moong(Green Gram),700.00,400.00
Punjab,MANSA,2000,Kharif,Rice,84000.00,306000.00
Punjab,MANSA,2000,Kharif,Sesamum,100.00,10.00
Punjab,MANSA,2000,Rabi,Barley,3000.00,10000.00
Punjab,MANSA,2000,Rabi,Gram,700.00,600.00
Punjab,MANSA,2000,Rabi,Wheat,163000.00,748000.00
Punjab,MANSA,2000,Whole Year,Sugarcane,1000.00,60000.00
Punjab,MANSA,2001,Kharif,Cotton(lint),92000.00,182000.00
Punjab,MANSA,2001,Kharif,Moong(Green Gram),500.00,200.00
Punjab,MANSA,2001,Kharif,Rice,68000.00,242000.00
Punjab,MANSA,2001,Kharif,Sesamum,300.00,100.00
Punjab,MANSA,2001,Rabi,Barley,2000.00,5000.00
Punjab,MANSA,2001,Rabi,Gram,500.00,300.00
Punjab,MANSA,2001,Rabi,Rapeseed &Mustard,400.00,900.00
Punjab,MANSA,2001,Rabi,Wheat,165000.00,667000.00
Punjab,MANSA,2001,Whole Year,Sugarcane,1000.00,70000.00
Punjab,MANSA,2002,Kharif,Bajra,2000.00,2000.00
Punjab,MANSA,2002,Kharif,Cotton(lint),70000.00,168000.00
Punjab,MANSA,2002,Kharif,Groundnut,300.00,200.00
Punjab,MANSA,2002,Kharif,Maize,1000.00,2000.00
Punjab,MANSA,2002,Kharif,Moong(Green Gram),400.00,200.00
Punjab,MANSA,2002,Kharif,Rice,88000.00,267000.00
Punjab,MANSA,2002,Kharif,Sesamum,1200.00,300.00
Punjab,MANSA,2002,Rabi,Barley,2000.00,6000.00
Punjab,MANSA,2002,Rabi,Gram,400.00,400.00
Punjab,MANSA,2002,Rabi,Rapeseed &Mustard,7000.00,5000.00
Punjab,MANSA,2002,Rabi,Wheat,163000.00,691000.00
Punjab,MANSA,2002,Whole Year,Guar seed,5500.00,3600.00
Punjab,MANSA,2002,Whole Year,Sugarcane,1000.00,50000.00
Punjab,MANSA,2003,Kharif,Bajra,3000.00,3000.00
Punjab,MANSA,2003,Kharif,Cotton(lint),73000.00,246000.00
Punjab,MANSA,2003,Kharif,Groundnut,200.00,200.00
Punjab,MANSA,2003,Kharif,Moong(Green Gram),700.00,500.00
Punjab,MANSA,2003,Kharif,Rice,78000.00,299000.00
Punjab,MANSA,2003,Kharif,Sesamum,300.00,100.00
Punjab,MANSA,2003,Rabi,Barley,2000.00,7000.00
Punjab,MANSA,2003,Rabi,Gram,700.00,400.00
Punjab,MANSA,2003,Rabi,Rapeseed &Mustard,5000.00,6000.00
Punjab,MANSA,2003,Rabi,Wheat,166000.00,691000.00
Punjab,MANSA,2003,Whole Year,Guar seed,6300.00,3100.00
Punjab,MANSA,2004,Kharif,Bajra,2000.00,2000.00
Punjab,MANSA,2004,Kharif,Cotton(lint),82000.00,350000.00
Punjab,MANSA,2004,Kharif,Groundnut,100.00,100.00
Punjab,MANSA,2004,Kharif,Moong(Green Gram),500.00,400.00
Punjab,MANSA,2004,Kharif,Rice,75000.00,307000.00
Punjab,MANSA,2004,Kharif,Sesamum,400.00,200.00
Punjab,MANSA,2004,Rabi,Barley,2000.00,6000.00
Punjab,MANSA,2004,Rabi,Gram,400.00,300.00
Punjab,MANSA,2004,Rabi,Rapeseed &Mustard,5000.00,5000.00
Punjab,MANSA,2004,Rabi,Wheat,167000.00,707000.00
Punjab,MANSA,2004,Whole Year,Guar seed,4200.00,2300.00
Punjab,MANSA,2005,Kharif,Bajra,1000.00,1000.00
Punjab,MANSA,2005,Kharif,Cotton(lint),91000.00,365000.00
Punjab,MANSA,2005,Kharif,Groundnut,100.00,100.00
Punjab,MANSA,2005,Kharif,Moong(Green Gram),500.00,400.00
Punjab,MANSA,2005,Kharif,Rice,70000.00,291000.00
Punjab,MANSA,2005,Kharif,Sesamum,500.00,200.00
Punjab,MANSA,2005,Rabi,Barley,2000.00,5000.00
Punjab,MANSA,2005,Rabi,Gram,300.00,200.00
Punjab,MANSA,2005,Rabi,Rapeseed &Mustard,4000.00,4000.00
Punjab,MANSA,2005,Rabi,Wheat,163000.00,612000.00
Punjab,MANSA,2005,Whole Year,Guar seed,4300.00,3200.00
Punjab,MANSA,2006,Kharif,Bajra,1000.00,1000.00
Punjab,MANSA,2006,Kharif,Cotton(lint),93000.00,405000.00
Punjab,MANSA,2006,Kharif,Groundnut,100.00,100.00
Punjab,MANSA,2006,Kharif,Moong(Green Gram),600.00,400.00
Punjab,MANSA,2006,Kharif,Rice,62000.00,259000.00
Punjab,MANSA,2006,Kharif,Sesamum,400.00,100.00
Punjab,MANSA,2006,Rabi,Barley,2000.00,6000.00
Punjab,MANSA,2006,Rabi,Gram,400.00,500.00
Punjab,MANSA,2006,Rabi,Rapeseed &Mustard,3000.00,3000.00
Punjab,MANSA,2006,Rabi,Wheat,165000.00,718000.00
Punjab,MANSA,2006,Whole Year,Guar seed,4500.00,3800.00
Punjab,MANSA,2007,Kharif,Bajra,1000.00,1000.00
Punjab,MANSA,2007,Kharif,Cotton(lint),100000.00,438000.00
Punjab,MANSA,2007,Kharif,Groundnut,100.00,100.00
Punjab,MANSA,2007,Kharif,Guar seed,54.00,46.00
Punjab,MANSA,2007,Kharif,Moong(Green Gram),500.00,200.00
Punjab,MANSA,2007,Kharif,Rice,61000.00,252000.00
Punjab,MANSA,2007,Kharif,Sesamum,200.00,100.00
Punjab,MANSA,2007,Rabi,Barley,1000.00,3000.00
Punjab,MANSA,2007,Rabi,Gram,2000.00,2000.00
Punjab,MANSA,2007,Rabi,Rapeseed &Mustard,2000.00,2000.00
Punjab,MANSA,2007,Rabi,Wheat,169000.00,727000.00
Punjab,MANSA,2008,Kharif,Cotton(lint),90000.00,366000.00
Punjab,MANSA,2008,Kharif,Groundnut,100.00,100.00
Punjab,MANSA,2008,Kharif,Guar seed,52.00,44.00
Punjab,MANSA,2008,Kharif,Moong(Green Gram),300.00,200.00
Punjab,MANSA,2008,Kharif,Rice,71000.00,296000.00
Punjab,MANSA,2008,Kharif,Sesamum,200.00,100.00
Punjab,MANSA,2008,Rabi,Barley,1000.00,3000.00
Punjab,MANSA,2008,Rabi,Gram,1000.00,1000.00
Punjab,MANSA,2008,Rabi,Rapeseed &Mustard,2000.00,3000.00
Punjab,MANSA,2008,Rabi,Wheat,171000.00,791000.00
Punjab,MANSA,2009,Kharif,Bajra,1000.00,1000.00
Punjab,MANSA,2009,Kharif,Cotton(lint),89000.00,328000.00
Punjab,MANSA,2009,Kharif,Groundnut,100.00,100.00
Punjab,MANSA,2009,Kharif,Guar seed,30.00,25.00
Punjab,MANSA,2009,Kharif,Moong(Green Gram),300.00,200.00
Punjab,MANSA,2009,Kharif,Rice,77000.00,324000.00
Punjab,MANSA,2009,Kharif,Sesamum,100.00,
Punjab,MANSA,2009,Rabi,Barley,1000.00,3000.00
Punjab,MANSA,2009,Rabi,Gram,2000.00,3000.00
Punjab,MANSA,2009,Rabi,Rapeseed &Mustard,2000.00,3000.00
Punjab,MANSA,2009,Rabi,Wheat,170000.00,730000.00
Punjab,MANSA,2010,Kharif,Bajra,1000.00,1000.00
Punjab,MANSA,2010,Kharif,Cotton(lint),88000.00,351000.00
Punjab,MANSA,2010,Kharif,Moong(Green Gram),400.00,300.00
Punjab,MANSA,2010,Kharif,Rice,78000.00,316000.00
Punjab,MANSA,2010,Rabi,Barley,1000.00,3000.00
Punjab,MANSA,2010,Rabi,Gram,100.00,100.00
Punjab,MANSA,2010,Rabi,Rapeseed &Mustard,2000.00,3000.00
Punjab,MANSA,2010,Rabi,Wheat,170000.00,830000.00
Punjab,MANSA,2010,Whole Year,Guar seed,3100.00,2900.00
Punjab,MANSA,2011,Kharif,Bajra,1000.00,1000.00
Punjab,MANSA,2011,Kharif,Cotton(lint),93000.00,338000.00
Punjab,MANSA,2011,Kharif,Groundnut,1000.00,1000.00
Punjab,MANSA,2011,Kharif,Guar seed,19000.00,16000.00
Punjab,MANSA,2011,Kharif,Moong(Green Gram),3000.00,2000.00
Punjab,MANSA,2011,Kharif,Rice,74000.00,292000.00
Punjab,MANSA,2011,Rabi,Barley,1000.00,3000.00
Punjab,MANSA,2011,Rabi,Gram,1000.00,2000.00
Punjab,MANSA,2011,Rabi,Rapeseed &Mustard,2000.00,3000.00
Punjab,MANSA,2011,Rabi,Wheat,170000.00,841000.00
Punjab,MANSA,2012,Kharif,Bajra,1000.00,1000.00
Punjab,MANSA,2012,Kharif,Cotton(lint),90000.00,317000.00
Punjab,MANSA,2012,Kharif,Guar seed,2900.00,2900.00
Punjab,MANSA,2012,Kharif,Moong(Green Gram),100.00,100.00
Punjab,MANSA,2012,Kharif,Rice,78000.00,321000.00
Punjab,MANSA,2012,Rabi,Barley,1000.00,3000.00
Punjab,MANSA,2012,Rabi,Gram,100.00,100.00
Punjab,MANSA,2012,Rabi,Masoor,100.00,100.00
Punjab,MANSA,2012,Rabi,Rapeseed &Mustard,2000.00,3100.00
Punjab,MANSA,2012,Rabi,Wheat,171000.00,759000.00
Punjab,MANSA,2012,Whole Year,Guar seed,2800.00,2800.00
Punjab,MANSA,2013,Kharif,Bajra,200.00,200.00
Punjab,MANSA,2013,Kharif,Cotton(lint),86000.00,275000.00
Punjab,MANSA,2013,Kharif,Guar seed,4800.00,4500.00
Punjab,MANSA,2013,Kharif,Moong(Green Gram),4000.00,2000.00
Punjab,MANSA,2013,Kharif,Rice,81000.00,334000.00
Punjab,MANSA,2013,Rabi,Barley,1000.00,3000.00
Punjab,MANSA,2013,Rabi,Rapeseed &Mustard,2000.00,2700.00
Punjab,MANSA,2013,Rabi,Wheat,170000.00,854000.00
Punjab,MANSA,2014,Kharif,Cotton(lint),84000.00,251000.00
Punjab,MANSA,2014,Kharif,Guar seed,3800.00,2800.00
Punjab,MANSA,2014,Kharif,Rice,82000.00,296000.00
Punjab,MANSA,2014,Rabi,Barley,1000.00,3100.00
Punjab,MANSA,2014,Rabi,Gram,1000.00,1300.00
Punjab,MANSA,2014,Rabi,Rapeseed &Mustard,2000.00,2100.00
Punjab,MANSA,2014,Rabi,Wheat,166000.00,742000.00
Punjab,MOGA,1997,Kharif,Arhar/Tur,300.00,200.00
Punjab,MOGA,1997,Kharif,Rice,107000.00,429000.00
Punjab,MOGA,1997,Rabi,Barley,1000.00,3000.00
Punjab,MOGA,1997,Rabi,Gram,200.00,200.00
Punjab,MOGA,1997,Rabi,Rapeseed &Mustard,1000.00,1000.00
Punjab,MOGA,1997,Rabi,Wheat,124000.00,530000.00
Punjab,MOGA,1997,Whole Year,Cotton(lint),16000.00,24000.00
Punjab,MOGA,1997,Whole Year,Moong(Green Gram),3200.00,2000.00
Punjab,MOGA,1997,Whole Year,Sugarcane,1000.00,60000.00
Punjab,MOGA,1998,Kharif,Arhar/Tur,600.00,400.00
Punjab,MOGA,1998,Kharif,Cotton(lint),9000.00,10000.00
Punjab,MOGA,1998,Kharif,Moong(Green Gram),2800.00,1500.00
Punjab,MOGA,1998,Kharif,Rice,118000.00,413000.00
Punjab,MOGA,1998,Rabi,Barley,1000.00,3000.00
Punjab,MOGA,1998,Rabi,Gram,200.00,200.00
Punjab,MOGA,1998,Rabi,Rapeseed &Mustard,1000.00,1000.00
Punjab,MOGA,1998,Rabi,Wheat,124000.00,562000.00
Punjab,MOGA,1999,Kharif,Arhar/Tur,600.00,400.00
Punjab,MOGA,1999,Kharif,Cotton(lint),9000.00,13000.00
Punjab,MOGA,1999,Kharif,Moong(Green Gram),2100.00,1200.00
Punjab,MOGA,1999,Kharif,Rice,117000.00,393000.00
Punjab,MOGA,1999,Rabi,Barley,1000.00,4000.00
Punjab,MOGA,1999,Rabi,Gram,200.00,300.00
Punjab,MOGA,1999,Rabi,Rapeseed &Mustard,1000.00,1000.00
Punjab,MOGA,1999,Rabi,Wheat,170000.00,838000.00
Punjab,MOGA,2000,Kharif,Arhar/Tur,800.00,700.00
Punjab,MOGA,2000,Kharif,Bajra,2000.00,1000.00
Punjab,MOGA,2000,Kharif,Cotton(lint),8000.00,20000.00
Punjab,MOGA,2000,Kharif,Moong(Green Gram),4000.00,2900.00
Punjab,MOGA,2000,Kharif,Rice,159000.00,596000.00
Punjab,MOGA,2000,Kharif,Sesamum,100.00,10.00
Punjab,MOGA,2000,Rabi,Barley,1000.00,3000.00
Punjab,MOGA,2000,Rabi,Gram,400.00,500.00
Punjab,MOGA,2000,Rabi,Wheat,172000.00,818000.00
Punjab,MOGA,2000,Whole Year,Sugarcane,1000.00,60000.00
Punjab,MOGA,2001,Kharif,Arhar/Tur,300.00,200.00
Punjab,MOGA,2001,Kharif,Cotton(lint),14000.00,20000.00
Punjab,MOGA,2001,Kharif,Maize,1000.00,3000.00
Punjab,MOGA,2001,Kharif,Moong(Green Gram),2800.00,200.00
Punjab,MOGA,2001,Kharif,Rice,151000.00,579000.00
Punjab,MOGA,2001,Kharif,Sesamum,100.00,100.00
Punjab,MOGA,2001,Rabi,Barley,1000.00,3000.00
Punjab,MOGA,2001,Rabi,Gram,500.00,600.00
Punjab,MOGA,2001,Rabi,Rapeseed &Mustard,100.00,100.00
Punjab,MOGA,2001,Rabi,Wheat,167000.00,779000.00
Punjab,MOGA,2001,Whole Year,Sugarcane,2000.00,150000.00
Punjab,MOGA,2002,Kharif,Arhar/Tur,900.00,600.00
Punjab,MOGA,2002,Kharif,Cotton(lint),5000.00,6000.00
Punjab,MOGA,2002,Kharif,Maize,1000.00,2000.00
Punjab,MOGA,2002,Kharif,Moong(Green Gram),1600.00,900.00
Punjab,MOGA,2002,Kharif,Rice,149000.00,568000.00
Punjab,MOGA,2002,Kharif,Sesamum,100.00,.00
Punjab,MOGA,2002,Rabi,Barley,1000.00,2000.00
Punjab,MOGA,2002,Rabi,Gram,500.00,400.00
Punjab,MOGA,2002,Rabi,Rapeseed &Mustard,1000.00,1000.00
Punjab,MOGA,2002,Rabi,Wheat,170000.00,735000.00
Punjab,MOGA,2002,Whole Year,Sugarcane,2000.00,100000.00
Punjab,MOGA,2003,Kharif,Arhar/Tur,1000.00,600.00
Punjab,MOGA,2003,Kharif,Cotton(lint),4000.00,11000.00
Punjab,MOGA,2003,Kharif,Maize,1000.00,3000.00
Punjab,MOGA,2003,Kharif,Moong(Green Gram),1400.00,1100.00
Punjab,MOGA,2003,Kharif,Rice,163000.00,667000.00
Punjab,MOGA,2003,Rabi,Barley,1000.00,3000.00
Punjab,MOGA,2003,Rabi,Gram,200.00,300.00
Punjab,MOGA,2003,Rabi,Rapeseed &Mustard,1000.00,1000.00
Punjab,MOGA,2003,Rabi,Wheat,171000.00,743000.00
Punjab,MOGA,2003,Whole Year,Guar seed,200.00,100.00
Punjab,MOGA,2003,Whole Year,Sugarcane,1000.00,60000.00
Punjab,MOGA,2004,Kharif,Arhar/Tur,900.00,600.00
Punjab,MOGA,2004,Kharif,Cotton(lint),6000.00,20000.00
Punjab,MOGA,2004,Kharif,Moong(Green Gram),1100.00,1100.00
Punjab,MOGA,2004,Kharif,Rice,164000.00,731000.00
Punjab,MOGA,2004,Rabi,Barley,1000.00,3000.00
Punjab,MOGA,2004,Rabi,Gram,200.00,100.00
Punjab,MOGA,2004,Rabi,Rapeseed &Mustard,1000.00,1000.00
Punjab,MOGA,2004,Rabi,Wheat,173000.00,759000.00
Punjab,MOGA,2004,Whole Year,Guar seed,100.00,100.00
Punjab,MOGA,2004,Whole Year,Sugarcane,1000.00,60000.00
Punjab,MOGA,2005,Kharif,Arhar/Tur,800.00,600.00
Punjab,MOGA,2005,Kharif,Cotton(lint),7000.00,28000.00
Punjab,MOGA,2005,Kharif,Moong(Green Gram),1000.00,1000.00
Punjab,MOGA,2005,Kharif,Rice,167000.00,735000.00
Punjab,MOGA,2005,Rabi,Barley,1000.00,3000.00
Punjab,MOGA,2005,Rabi,Gram,200.00,100.00
Punjab,MOGA,2005,Rabi,Rapeseed &Mustard,1000.00,1000.00
Punjab,MOGA,2005,Rabi,Wheat,174000.00,767000.00
Punjab,MOGA,2006,Kharif,Arhar/Tur,800.00,700.00
Punjab,MOGA,2006,Kharif,Cotton(lint),7000.00,29000.00
Punjab,MOGA,2006,Kharif,Moong(Green Gram),1000.00,1300.00
Punjab,MOGA,2006,Kharif,Rice,168000.00,711000.00
Punjab,MOGA,2006,Rabi,Barley,1000.00,3000.00
Punjab,MOGA,2006,Rabi,Gram,200.00,100.00
Punjab,MOGA,2006,Rabi,Rapeseed &Mustard,1000.00,1000.00
Punjab,MOGA,2006,Rabi,Wheat,175000.00,725000.00
Punjab,MOGA,2007,Kharif,Arhar/Tur,600.00,500.00
Punjab,MOGA,2007,Kharif,Cotton(lint),8000.00,32000.00
Punjab,MOGA,2007,Kharif,Moong(Green Gram),800.00,500.00
Punjab,MOGA,2007,Kharif,Rice,169000.00,749000.00
Punjab,MOGA,2007,Rabi,Gram,1000.00,1000.00
Punjab,MOGA,2007,Rabi,Rapeseed &Mustard,1000.00,1000.00
Punjab,MOGA,2007,Rabi,Wheat,175000.00,818000.00
Punjab,MOGA,2008,Kharif,Arhar/Tur,400.00,400.00
Punjab,MOGA,2008,Kharif,Cotton(lint),6000.00,36000.00
Punjab,MOGA,2008,Kharif,Moong(Green Gram),700.00,600.00
Punjab,MOGA,2008,Kharif,Rice,174000.00,800000.00
Punjab,MOGA,2008,Kharif,Sesamum,100.00,
Punjab,MOGA,2008,Rabi,Barley,1000.00,3000.00
Punjab,MOGA,2008,Rabi,Gram,1000.00,1000.00
Punjab,MOGA,2008,Rabi,Rapeseed &Mustard,1000.00,1000.00
Punjab,MOGA,2008,Rabi,Wheat,117000.00,873000.00
Punjab,MOGA,2009,Kharif,Arhar/Tur,400.00,300.00
Punjab,MOGA,2009,Kharif,Cotton(lint),4000.00,17000.00
Punjab,MOGA,2009,Kharif,Guar seed,1.00,1.00
Punjab,MOGA,2009,Kharif,Moong(Green Gram),500.00,400.00
Punjab,MOGA,2009,Kharif,Rice,172000.00,812000.00
Punjab,MOGA,2009,Rabi,Rapeseed &Mustard,1000.00,1000.00
Punjab,MOGA,2009,Rabi,Wheat,177000.00,779000.00
Punjab,MOGA,2010,Kharif,Arhar/Tur,500.00,600.00
Punjab,MOGA,2010,Kharif,Cotton(lint),3000.00,9000.00
Punjab,MOGA,2010,Kharif,Moong(Green Gram),700.00,600.00
Punjab,MOGA,2010,Kharif,Rice,172000.00,745000.00
Punjab,MOGA,2010,Rabi,Rapeseed &Mustard,1000.00,1000.00
Punjab,MOGA,2010,Rabi,Wheat,177000.00,887000.00
Punjab,MOGA,2011,Kharif,Arhar/Tur,2000.00,2000.00
Punjab,MOGA,2011,Kharif,Cotton(lint),3000.00,5000.00
Punjab,MOGA,2011,Kharif,Moong(Green Gram),5000.00,4000.00
Punjab,MOGA,2011,Kharif,Rice,174000.00,759000.00
Punjab,MOGA,2011,Rabi,Wheat,176000.00,961000.00
Punjab,MOGA,2012,Kharif,Arhar/Tur,300.00,200.00
Punjab,MOGA,2012,Kharif,Cotton(lint),2000.00,9000.00
Punjab,MOGA,2012,Kharif,Moong(Green Gram),300.00,300.00
Punjab,MOGA,2012,Kharif,Rice,176000.00,794000.00
Punjab,MOGA,2012,Rabi,Gram,100.00,100.00
Punjab,MOGA,2012,Rabi,Rapeseed &Mustard,1000.00,1400.00
Punjab,MOGA,2012,Rabi,Wheat,176000.00,871000.00
Punjab,MOGA,2013,Kharif,Arhar/Tur,2000.00,2000.00
Punjab,MOGA,2013,Kharif,Cotton(lint),2000.00,8000.00
Punjab,MOGA,2013,Kharif,Moong(Green Gram),2000.00,2000.00
Punjab,MOGA,2013,Kharif,Rice,176000.00,815000.00
Punjab,MOGA,2013,Rabi,Gram,1000.00,1200.00
Punjab,MOGA,2013,Rabi,Rapeseed &Mustard,1000.00,1200.00
Punjab,MOGA,2013,Rabi,Wheat,176000.00,922000.00
Punjab,MOGA,2014,Kharif,Arhar/Tur,2000.00,1000.00
Punjab,MOGA,2014,Kharif,Cotton(lint),1000.00,3000.00
Punjab,MOGA,2014,Kharif,Moong(Green Gram),2000.00,2000.00
Punjab,MOGA,2014,Kharif,Rice,177000.00,815000.00
Punjab,MOGA,2014,Rabi,Gram,1000.00,1100.00
Punjab,MOGA,2014,Rabi,Rapeseed &Mustard,1000.00,1100.00
Punjab,MOGA,2014,Rabi,Wheat,175000.00,794000.00
Punjab,MUKTSAR,1997,Kharif,Rice,28000.00,97000.00
Punjab,MUKTSAR,1997,Kharif,Sesamum,400.00,100.00
Punjab,MUKTSAR,1997,Rabi,Barley,7000.00,21000.00
Punjab,MUKTSAR,1997,Rabi,Gram,1800.00,1300.00
Punjab,MUKTSAR,1997,Rabi,Rapeseed &Mustard,6000.00,6000.00
Punjab,MUKTSAR,1997,Rabi,Wheat,176000.00,609000.00
Punjab,MUKTSAR,1997,Whole Year,Cotton(lint),161000.00,154000.00
Punjab,MUKTSAR,1997,Whole Year,Moong(Green Gram),3600.00,1800.00
Punjab,MUKTSAR,1997,Whole Year,Sugarcane,2000.00,110000.00
Punjab,MUKTSAR,1998,Kharif,Cotton(lint),109000.00,100000.00
Punjab,MUKTSAR,1998,Kharif,Moong(Green Gram),1900.00,1300.00
Punjab,MUKTSAR,1998,Kharif,Rice,77000.00,221000.00
Punjab,MUKTSAR,1998,Kharif,Sesamum,300.00,100.00
Punjab,MUKTSAR,1998,Rabi,Barley,5000.00,16000.00
Punjab,MUKTSAR,1998,Rabi,Gram,1600.00,1500.00
Punjab,MUKTSAR,1998,Rabi,Peas & beans (Pulses),200.00,200.00
Punjab,MUKTSAR,1998,Rabi,Rapeseed &Mustard,6000.00,5000.00
Punjab,MUKTSAR,1998,Rabi,Wheat,175000.00,741000.00
Punjab,MUKTSAR,1998,Whole Year,Sugarcane,2000.00,130000.00
Punjab,MUKTSAR,1999,Kharif,Cotton(lint),85000.00,170000.00
Punjab,MUKTSAR,1999,Kharif,Maize,2000.00,5000.00
Punjab,MUKTSAR,1999,Kharif,Moong(Green Gram),3000.00,1600.00
Punjab,MUKTSAR,1999,Kharif,Rice,91000.00,272000.00
Punjab,MUKTSAR,1999,Kharif,Sesamum,1000.00,400.00
Punjab,MUKTSAR,1999,Rabi,Barley,4000.00,13000.00
Punjab,MUKTSAR,1999,Rabi,Gram,600.00,700.00
Punjab,MUKTSAR,1999,Rabi,Rapeseed &Mustard,3000.00,3000.00
Punjab,MUKTSAR,1999,Rabi,Wheat,187000.00,884000.00
Punjab,MUKTSAR,1999,Whole Year,Sugarcane,2000.00,130000.00
Punjab,MUKTSAR,2000,Kharif,Arhar/Tur,100.00,100.00
Punjab,MUKTSAR,2000,Kharif,Cotton(lint),87000.00,233000.00
Punjab,MUKTSAR,2000,Kharif,Maize,3000.00,8000.00
Punjab,MUKTSAR,2000,Kharif,Moong(Green Gram),2200.00,1700.00
Punjab,MUKTSAR,2000,Kharif,Rice,89000.00,309000.00
Punjab,MUKTSAR,2000,Kharif,Sesamum,1100.00,500.00
Punjab,MUKTSAR,2000,Rabi,Barley,4000.00,13000.00
Punjab,MUKTSAR,2000,Rabi,Gram,500.00,500.00
Punjab,MUKTSAR,2000,Rabi,Other  Rabi pulses,300.00,300.00
Punjab,MUKTSAR,2000,Rabi,Wheat,189000.00,869000.00
Punjab,MUKTSAR,2000,Whole Year,Sugarcane,4000.00,290000.00
Punjab,MUKTSAR,2001,Kharif,Arhar/Tur,700.00,400.00
Punjab,MUKTSAR,2001,Kharif,Cotton(lint),126000.00,276000.00
Punjab,MUKTSAR,2001,Kharif,Moong(Green Gram),1500.00,1800.00
Punjab,MUKTSAR,2001,Kharif,Rice,65000.00,239000.00
Punjab,MUKTSAR,2001,Kharif,Sesamum,1500.00,700.00
Punjab,MUKTSAR,2001,Rabi,Barley,3000.00,9000.00
Punjab,MUKTSAR,2001,Rabi,Gram,300.00,300.00
Punjab,MUKTSAR,2001,Rabi,Rapeseed &Mustard,300.00,400.00
Punjab,MUKTSAR,2001,Rabi,Wheat,193000.00,818000.00
Punjab,MUKTSAR,2001,Whole Year,Sugarcane,5000.00,380000.00
Punjab,MUKTSAR,2002,Kharif,Bajra,1000.00,1000.00
Punjab,MUKTSAR,2002,Kharif,Cotton(lint),86000.00,202000.00
Punjab,MUKTSAR,2002,Kharif,Groundnut,300.00,200.00
Punjab,MUKTSAR,2002,Kharif,Maize,1000.00,1000.00
Punjab,MUKTSAR,2002,Kharif,Moong(Green Gram),1700.00,800.00
Punjab,MUKTSAR,2002,Kharif,Moth,100.00,100.00
Punjab,MUKTSAR,2002,Kharif,Rice,83000.00,261000.00
Punjab,MUKTSAR,2002,Kharif,Sesamum,2400.00,700.00
Punjab,MUKTSAR,2002,Rabi,Barley,3000.00,10000.00
Punjab,MUKTSAR,2002,Rabi,Gram,500.00,300.00
Punjab,MUKTSAR,2002,Rabi,Rapeseed &Mustard,5000.00,5000.00
Punjab,MUKTSAR,2002,Rabi,Wheat,192000.00,809000.00
Punjab,MUKTSAR,2002,Whole Year,Guar seed,5400.00,3200.00
Punjab,MUKTSAR,2002,Whole Year,Sugarcane,8000.00,500000.00
Punjab,MUKTSAR,2003,Kharif,Arhar/Tur,100.00,100.00
Punjab,MUKTSAR,2003,Kharif,Cotton(lint),91000.00,267000.00
Punjab,MUKTSAR,2003,Kharif,Groundnut,400.00,400.00
Punjab,MUKTSAR,2003,Kharif,Moong(Green Gram),1900.00,1700.00
Punjab,MUKTSAR,2003,Kharif,Rice,87000.00,328000.00
Punjab,MUKTSAR,2003,Kharif,Sesamum,700.00,200.00
Punjab,MUKTSAR,2003,Rabi,Barley,3000.00,10000.00
Punjab,MUKTSAR,2003,Rabi,Gram,300.00,200.00
Punjab,MUKTSAR,2003,Rabi,Rapeseed &Mustard,3000.00,4000.00
Punjab,MUKTSAR,2003,Rabi,Wheat,197000.00,814000.00
Punjab,MUKTSAR,2003,Whole Year,Guar seed,8300.00,5200.00
Punjab,MUKTSAR,2003,Whole Year,Sugarcane,4000.00,210000.00
Punjab,MUKTSAR,2004,Kharif,Arhar/Tur,100.00,100.00
Punjab,MUKTSAR,2004,Kharif,Bajra,1000.00,1000.00
Punjab,MUKTSAR,2004,Kharif,Cotton(lint),105000.00,437000.00
Punjab,MUKTSAR,2004,Kharif,Groundnut,200.00,100.00
Punjab,MUKTSAR,2004,Kharif,Moong(Green Gram),1300.00,1100.00
Punjab,MUKTSAR,2004,Kharif,Rice,86000.00,334000.00
Punjab,MUKTSAR,2004,Kharif,Sesamum,700.00,300.00
Punjab,MUKTSAR,2004,Rabi,Barley,3000.00,10000.00
Punjab,MUKTSAR,2004,Rabi,Gram,300.00,300.00
Punjab,MUKTSAR,2004,Rabi,Rapeseed &Mustard,3000.00,2000.00
Punjab,MUKTSAR,2004,Rabi,Wheat,200000.00,799000.00
Punjab,MUKTSAR,2004,Whole Year,Guar seed,3900.00,2500.00
Punjab,MUKTSAR,2004,Whole Year,Sugarcane,1000.00,50000.00
Punjab,MUKTSAR,2005,Kharif,Cotton(lint),117000.00,542000.00
Punjab,MUKTSAR,2005,Kharif,Moong(Green Gram),900.00,700.00
Punjab,MUKTSAR,2005,Kharif,Rice,77000.00,298000.00
Punjab,MUKTSAR,2005,Kharif,Sesamum,600.00,200.00
Punjab,MUKTSAR,2005,Rabi,Barley,2000.00,6000.00
Punjab,MUKTSAR,2005,Rabi,Gram,300.00,300.00
Punjab,MUKTSAR,2005,Rabi,Peas & beans (Pulses),100.00,100.00
Punjab,MUKTSAR,2005,Rabi,Rapeseed &Mustard,2000.00,3000.00
Punjab,MUKTSAR,2005,Rabi,Wheat,200000.00,787000.00
Punjab,MUKTSAR,2005,Whole Year,Guar seed,3100.00,2300.00
Punjab,MUKTSAR,2005,Whole Year,Sugarcane,1000.00,51000.00
Punjab,MUKTSAR,2006,Kharif,Cotton(lint),131000.00,599000.00
Punjab,MUKTSAR,2006,Kharif,Moong(Green Gram),700.00,800.00
Punjab,MUKTSAR,2006,Kharif,Rice,68000.00,272000.00
Punjab,MUKTSAR,2006,Kharif,Sesamum,400.00,100.00
Punjab,MUKTSAR,2006,Rabi,Barley,2000.00,8000.00
Punjab,MUKTSAR,2006,Rabi,Gram,200.00,200.00
Punjab,MUKTSAR,2006,Rabi,Peas & beans (Pulses),100.00,100.00
Punjab,MUKTSAR,2006,Rabi,Rapeseed &Mustard,1000.00,1000.00
Punjab,MUKTSAR,2006,Rabi,Wheat,202000.00,854000.00
Punjab,MUKTSAR,2006,Whole Year,Guar seed,2600.00,2000.00
Punjab,MUKTSAR,2007,Kharif,Cotton(lint),128000.00,481000.00
Punjab,MUKTSAR,2007,Kharif,Guar seed,21.00,19.00
Punjab,MUKTSAR,2007,Kharif,Moong(Green Gram),800.00,800.00
Punjab,MUKTSAR,2007,Kharif,Rice,68000.00,283000.00
Punjab,MUKTSAR,2007,Kharif,Sesamum,300.00,200.00
Punjab,MUKTSAR,2007,Rabi,Barley,2000.00,8000.00
Punjab,MUKTSAR,2007,Rabi,Gram,2000.00,2000.00
Punjab,MUKTSAR,2007,Rabi,Rapeseed &Mustard,1000.00,2000.00
Punjab,MUKTSAR,2007,Rabi,Wheat,202000.00,963000.00
Punjab,MUKTSAR,2008,Kharif,Cotton(lint),107000.00,476000.00
Punjab,MUKTSAR,2008,Kharif,Guar seed,23.00,20.00
Punjab,MUKTSAR,2008,Kharif,Moong(Green Gram),600.00,500.00
Punjab,MUKTSAR,2008,Kharif,Rice,95000.00,402000.00
Punjab,MUKTSAR,2008,Kharif,Sesamum,300.00,100.00
Punjab,MUKTSAR,2008,Rabi,Barley,1000.00,4000.00
Punjab,MUKTSAR,2008,Rabi,Gram,2000.00,4000.00
Punjab,MUKTSAR,2008,Rabi,Rapeseed &Mustard,1000.00,1000.00
Punjab,MUKTSAR,2008,Rabi,Wheat,202000.00,977000.00
Punjab,MUKTSAR,2009,Kharif,Cotton(lint),96000.00,391000.00
Punjab,MUKTSAR,2009,Kharif,Guar seed,13.00,15.00
Punjab,MUKTSAR,2009,Kharif,Moong(Green Gram),300.00,400.00
Punjab,MUKTSAR,2009,Kharif,Rice,100000.00,387000.00
Punjab,MUKTSAR,2009,Kharif,Sesamum,200.00,100.00
Punjab,MUKTSAR,2009,Rabi,Barley,1000.00,4000.00
Punjab,MUKTSAR,2009,Rabi,Gram,2000.00,4000.00
Punjab,MUKTSAR,2009,Rabi,Rapeseed &Mustard,1000.00,2000.00
Punjab,MUKTSAR,2009,Rabi,Wheat,205000.00,950000.00
Punjab,MUKTSAR,2010,Kharif,Cotton(lint),90000.00,330000.00
Punjab,MUKTSAR,2010,Kharif,Moong(Green Gram),400.00,400.00
Punjab,MUKTSAR,2010,Kharif,Rice,111000.00,432000.00
Punjab,MUKTSAR,2010,Kharif,Sesamum,200.00,100.00
Punjab,MUKTSAR,2010,Rabi,Barley,1000.00,4000.00
Punjab,MUKTSAR,2010,Rabi,Gram,100.00,200.00
Punjab,MUKTSAR,2010,Rabi,Rapeseed &Mustard,1000.00,2000.00
Punjab,MUKTSAR,2010,Rabi,Wheat,192000.00,957000.00
Punjab,MUKTSAR,2010,Whole Year,Guar seed,1900.00,2300.00
Punjab,MUKTSAR,2011,Kharif,Cotton(lint),98000.00,228000.00
Punjab,MUKTSAR,2011,Kharif,Guar seed,1000.00,1000.00
Punjab,MUKTSAR,2011,Kharif,Moong(Green Gram),4000.00,6000.00
Punjab,MUKTSAR,2011,Kharif,Rice,113000.00,402000.00
Punjab,MUKTSAR,2011,Kharif,Sesamum,1000.00,1000.00
Punjab,MUKTSAR,2011,Rabi,Barley,1000.00,3000.00
Punjab,MUKTSAR,2011,Rabi,Gram,1000.00,1000.00
Punjab,MUKTSAR,2011,Rabi,Rapeseed &Mustard,1000.00,1000.00
Punjab,MUKTSAR,2011,Rabi,Wheat,206000.00,1036000.00
Punjab,MUKTSAR,2012,Kharif,Cotton(lint),88000.00,298000.00
Punjab,MUKTSAR,2012,Kharif,Guar seed,1900.00,2200.00
Punjab,MUKTSAR,2012,Kharif,Moong(Green Gram),300.00,300.00
Punjab,MUKTSAR,2012,Kharif,Rice,118000.00,471000.00
Punjab,MUKTSAR,2012,Kharif,Sesamum,100.00,
Punjab,MUKTSAR,2012,Rabi,Barley,1000.00,4000.00
Punjab,MUKTSAR,2012,Rabi,Gram,100.00,100.00
Punjab,MUKTSAR,2012,Rabi,Rapeseed &Mustard,1000.00,1300.00
Punjab,MUKTSAR,2012,Rabi,Wheat,209000.00,996000.00
Punjab,MUKTSAR,2012,Whole Year,Guar seed,1800.00,2100.00
Punjab,MUKTSAR,2013,Kharif,Bajra,100.00,100.00
Punjab,MUKTSAR,2013,Kharif,Cotton(lint),82000.00,264000.00
Punjab,MUKTSAR,2013,Kharif,Guar seed,4200.00,2800.00
Punjab,MUKTSAR,2013,Kharif,Moong(Green Gram),3000.00,3000.00
Punjab,MUKTSAR,2013,Kharif,Rice,115000.00,457000.00
Punjab,MUKTSAR,2013,Kharif,Sesamum,1000.00,
Punjab,MUKTSAR,2013,Rabi,Barley,1000.00,4000.00
Punjab,MUKTSAR,2013,Rabi,Gram,1000.00,1300.00
Punjab,MUKTSAR,2013,Rabi,Rapeseed &Mustard,1000.00,1300.00
Punjab,MUKTSAR,2013,Rabi,Wheat,209000.00,1058000.00
Punjab,MUKTSAR,2014,Kharif,Cotton(lint),66000.00,217000.00
Punjab,MUKTSAR,2014,Kharif,Guar seed,2700.00,1700.00
Punjab,MUKTSAR,2014,Kharif,Moong(Green Gram),1000.00,1000.00
Punjab,MUKTSAR,2014,Kharif,Rice,135000.00,514000.00
Punjab,MUKTSAR,2014,Kharif,Sesamum,1000.00,
Punjab,MUKTSAR,2014,Rabi,Barley,1000.00,3400.00
Punjab,MUKTSAR,2014,Rabi,Gram,1000.00,1100.00
Punjab,MUKTSAR,2014,Rabi,Rapeseed &Mustard,1000.00,1200.00
Punjab,MUKTSAR,2014,Rabi,Wheat,208000.00,907000.00
Punjab,NAWANSHAHR,1997,Kharif,Arhar/Tur,100.00,100.00
Punjab,NAWANSHAHR,1997,Kharif,Maize,18000.00,39000.00
Punjab,NAWANSHAHR,1997,Kharif,Rice,43000.00,145000.00
Punjab,NAWANSHAHR,1997,Kharif,Sesamum,100.00,100.00
Punjab,NAWANSHAHR,1997,Rabi,Masoor,300.00,200.00
Punjab,NAWANSHAHR,1997,Rabi,Rapeseed &Mustard,1000.00,1000.00
Punjab,NAWANSHAHR,1997,Rabi,Wheat,57000.00,203000.00
Punjab,NAWANSHAHR,1997,Whole Year,Sugarcane,13000.00,730000.00
Punjab,NAWANSHAHR,1998,Kharif,Maize,18000.00,43000.00
Punjab,NAWANSHAHR,1998,Kharif,Rice,46000.00,150000.00
Punjab,NAWANSHAHR,1998,Rabi,Barley,3000.00,10000.00
Punjab,NAWANSHAHR,1998,Rabi,Linseed,100.00,100.00
Punjab,NAWANSHAHR,1998,Rabi,Masoor,400.00,200.00
Punjab,NAWANSHAHR,1998,Rabi,Rapeseed &Mustard,2000.00,2000.00
Punjab,NAWANSHAHR,1998,Rabi,Wheat,257000.00,1161000.00
Punjab,NAWANSHAHR,1998,Whole Year,Sugarcane,11000.00,630000.00
Punjab,NAWANSHAHR,1999,Kharif,Maize,18000.00,46000.00
Punjab,NAWANSHAHR,1999,Kharif,Rice,46000.00,160000.00
Punjab,NAWANSHAHR,1999,Kharif,Sesamum,100.00,.00
Punjab,NAWANSHAHR,1999,Rabi,Linseed,100.00,100.00
Punjab,NAWANSHAHR,1999,Rabi,Masoor,300.00,200.00
Punjab,NAWANSHAHR,1999,Rabi,Peas & beans (Pulses),300.00,100.00
Punjab,NAWANSHAHR,1999,Rabi,Rapeseed &Mustard,2000.00,2000.00
Punjab,NAWANSHAHR,1999,Rabi,Wheat,67000.00,308000.00
Punjab,NAWANSHAHR,1999,Whole Year,Sugarcane,12000.00,700000.00
Punjab,NAWANSHAHR,2000,Kharif,Arhar/Tur,100.00,100.00
Punjab,NAWANSHAHR,2000,Kharif,Maize,17000.00,53000.00
Punjab,NAWANSHAHR,2000,Kharif,Rice,47000.00,158000.00
Punjab,NAWANSHAHR,2000,Kharif,Sesamum,100.00,10.00
Punjab,NAWANSHAHR,2000,Rabi,Linseed,100.00,100.00
Punjab,NAWANSHAHR,2000,Rabi,Masoor,200.00,200.00
Punjab,NAWANSHAHR,2000,Rabi,Wheat,70000.00,312000.00
Punjab,NAWANSHAHR,2000,Whole Year,Sugarcane,12000.00,760000.00
Punjab,NAWANSHAHR,2001,Kharif,Maize,18000.00,51000.00
Punjab,NAWANSHAHR,2001,Kharif,Rice,45000.00,143000.00
Punjab,NAWANSHAHR,2001,Kharif,Sesamum,100.00,100.00
Punjab,NAWANSHAHR,2001,Rabi,Linseed,100.00,100.00
Punjab,NAWANSHAHR,2001,Rabi,Masoor,300.00,200.00
Punjab,NAWANSHAHR,2001,Rabi,Rapeseed &Mustard,200.00,200.00
Punjab,NAWANSHAHR,2001,Rabi,Wheat,71000.00,324000.00
Punjab,NAWANSHAHR,2001,Whole Year,Sugarcane,12000.00,720000.00
Punjab,NAWANSHAHR,2002,Kharif,Maize,19000.00,38000.00
Punjab,NAWANSHAHR,2002,Kharif,Rice,43000.00,151000.00
Punjab,NAWANSHAHR,2002,Kharif,Sesamum,200.00,100.00
Punjab,NAWANSHAHR,2002,Rabi,Masoor,300.00,200.00
Punjab,NAWANSHAHR,2002,Rabi,Rapeseed &Mustard,2000.00,2000.00
Punjab,NAWANSHAHR,2002,Rabi,Wheat,68000.00,254000.00
Punjab,NAWANSHAHR,2002,Whole Year,Sugarcane,12000.00,640000.00
Punjab,NAWANSHAHR,2003,Kharif,Arhar/Tur,100.00,100.00
Punjab,NAWANSHAHR,2003,Kharif,Maize,18000.00,65000.00
Punjab,NAWANSHAHR,2003,Kharif,Rice,47000.00,171000.00
Punjab,NAWANSHAHR,2003,Kharif,Sesamum,100.00,.00
Punjab,NAWANSHAHR,2003,Kharif,Urad,100.00,100.00
Punjab,NAWANSHAHR,2003,Rabi,Masoor,200.00,100.00
Punjab,NAWANSHAHR,2003,Rabi,Rapeseed &Mustard,2000.00,2000.00
Punjab,NAWANSHAHR,2003,Rabi,Sunflower,1000.00,2000.00
Punjab,NAWANSHAHR,2003,Rabi,Wheat,75000.00,311000.00
Punjab,NAWANSHAHR,2003,Whole Year,Sugarcane,10000.00,470000.00
Punjab,NAWANSHAHR,2004,Kharif,Arhar/Tur,100.00,100.00
Punjab,NAWANSHAHR,2004,Kharif,Maize,18000.00,48000.00
Punjab,NAWANSHAHR,2004,Kharif,Moong(Green Gram),100.00,100.00
Punjab,NAWANSHAHR,2004,Kharif,Rice,50000.00,199000.00
Punjab,NAWANSHAHR,2004,Rabi,Gram,100.00,100.00
Punjab,NAWANSHAHR,2004,Rabi,Masoor,200.00,100.00
Punjab,NAWANSHAHR,2004,Rabi,Rapeseed &Mustard,2000.00,2000.00
Punjab,NAWANSHAHR,2004,Rabi,Wheat,76000.00,312000.00
Punjab,NAWANSHAHR,2004,Whole Year,Sugarcane,7000.00,380000.00
Punjab,NAWANSHAHR,2005,Kharif,Arhar/Tur,100.00,100.00
Punjab,NAWANSHAHR,2005,Kharif,Maize,17000.00,48000.00
Punjab,NAWANSHAHR,2005,Kharif,Rice,49000.00,171000.00
Punjab,NAWANSHAHR,2005,Kharif,Sesamum,100.00,100.00
Punjab,NAWANSHAHR,2005,Rabi,Rapeseed &Mustard,1000.00,1000.00
Punjab,NAWANSHAHR,2005,Rabi,Wheat,72000.00,303000.00
Punjab,NAWANSHAHR,2005,Whole Year,Sugarcane,7000.00,380000.00
Punjab,NAWANSHAHR,2006,Kharif,Arhar/Tur,100.00,100.00
Punjab,NAWANSHAHR,2006,Kharif,Maize,18000.00,68000.00
Punjab,NAWANSHAHR,2006,Kharif,Rice,53000.00,209000.00
Punjab,NAWANSHAHR,2006,Rabi,Linseed,100.00,
Punjab,NAWANSHAHR,2006,Rabi,Masoor,100.00,
Punjab,NAWANSHAHR,2006,Rabi,Rapeseed &Mustard,2000.00,2000.00
Punjab,NAWANSHAHR,2006,Rabi,Wheat,72000.00,300000.00
Punjab,NAWANSHAHR,2007,Kharif,Maize,17000.00,74000.00
Punjab,NAWANSHAHR,2007,Kharif,Rice,50000.00,194000.00
Punjab,NAWANSHAHR,2007,Rabi,Masoor,1000.00,1000.00
Punjab,NAWANSHAHR,2007,Rabi,Rapeseed &Mustard,1000.00,2000.00
Punjab,NAWANSHAHR,2007,Rabi,Wheat,72000.00,328000.00
Punjab,NAWANSHAHR,2008,Kharif,Arhar/Tur,100.00,100.00
Punjab,NAWANSHAHR,2008,Kharif,Maize,17000.00,67000.00
Punjab,NAWANSHAHR,2008,Kharif,Rice,52000.00,213000.00
Punjab,NAWANSHAHR,2008,Rabi,Rapeseed &Mustard,1000.00,1000.00
Punjab,NAWANSHAHR,2008,Rabi,Wheat,76000.00,297000.00
Punjab,NAWANSHAHR,2009,Kharif,Arhar/Tur,100.00,100.00
Punjab,NAWANSHAHR,2009,Kharif,Maize,16000.00,56000.00
Punjab,NAWANSHAHR,2009,Kharif,Rice,56000.00,232000.00
Punjab,NAWANSHAHR,2009,Rabi,Rapeseed &Mustard,2000.00,2000.00
Punjab,NAWANSHAHR,2009,Rabi,Wheat,74000.00,316000.00
Punjab,NAWANSHAHR,2009,Whole Year,Sugarcane,500.00,31000.00
Punjab,NAWANSHAHR,2010,Kharif,Maize,14000.00,57000.00
Punjab,NAWANSHAHR,2010,Kharif,Rice,58000.00,231000.00
Punjab,NAWANSHAHR,2010,Rabi,Rapeseed &Mustard,1000.00,1000.00
Punjab,NAWANSHAHR,2010,Rabi,Wheat,74000.00,348000.00
Punjab,NAWANSHAHR,2011,Kharif,Maize,14000.00,55000.00
Punjab,NAWANSHAHR,2011,Kharif,Rice,57000.00,226000.00
Punjab,NAWANSHAHR,2011,Rabi,Peas & beans (Pulses),1000.00,1000.00
Punjab,NAWANSHAHR,2011,Rabi,Rapeseed &Mustard,2000.00,2000.00
Punjab,NAWANSHAHR,2011,Rabi,Wheat,75000.00,387000.00
Punjab,NAWANSHAHR,2011,Whole Year,Sugarcane,6.00,407000.00
Punjab,NAWANSHAHR,2012,Kharif,Maize,14000.00,58000.00
Punjab,NAWANSHAHR,2012,Kharif,Rice,57000.00,236000.00
Punjab,NAWANSHAHR,2012,Rabi,Rapeseed &Mustard,2000.00,2800.00
Punjab,NAWANSHAHR,2012,Rabi,Sunflower,1000.00,2000.00
Punjab,NAWANSHAHR,2012,Rabi,Wheat,80000.00,382000.00
Punjab,NAWANSHAHR,2012,Whole Year,Sugarcane,5000.00,327000.00
Punjab,NAWANSHAHR,2013,Kharif,Guar seed,100.00,100.00
Punjab,NAWANSHAHR,2013,Kharif,Maize,12000.00,50000.00
Punjab,NAWANSHAHR,2013,Kharif,Rice,56000.00,202000.00
Punjab,NAWANSHAHR,2013,Rabi,Peas & beans (Pulses),1000.00,1700.00
Punjab,NAWANSHAHR,2013,Rabi,Rapeseed &Mustard,3000.00,3800.00
Punjab,NAWANSHAHR,2013,Rabi,Wheat,75000.00,371000.00
Punjab,NAWANSHAHR,2013,Whole Year,Sugarcane,6000.00,401000.00
Punjab,NAWANSHAHR,2014,Kharif,Guar seed,100.00,100.00
Punjab,NAWANSHAHR,2014,Kharif,Maize,10000.00,44000.00
Punjab,NAWANSHAHR,2014,Kharif,Rice,57000.00,226000.00
Punjab,NAWANSHAHR,2014,Rabi,Peas & beans (Pulses),1000.00,1200.00
Punjab,NAWANSHAHR,2014,Rabi,Rapeseed &Mustard,1000.00,1200.00
Punjab,NAWANSHAHR,2014,Rabi,Wheat,76000.00,282000.00
Punjab,NAWANSHAHR,2014,Whole Year,Sugarcane,6000.00,395000.00
Punjab,PATHANKOT,2011,Whole Year,Sugarcane,4.00,298000.00
Punjab,PATHANKOT,2012,Kharif,Maize,9000.00,24000.00
Punjab,PATHANKOT,2012,Kharif,Rice,27000.00,76000.00
Punjab,PATHANKOT,2012,Kharif,Sesamum,500.00,200.00
Punjab,PATHANKOT,2012,Kharif,Urad,1200.00,500.00
Punjab,PATHANKOT,2012,Rabi,Barley,1000.00,3000.00
Punjab,PATHANKOT,2012,Rabi,Gram,100.00,100.00
Punjab,PATHANKOT,2012,Rabi,Masoor,100.00,100.00
Punjab,PATHANKOT,2012,Rabi,Rapeseed &Mustard,1000.00,1000.00
Punjab,PATHANKOT,2012,Rabi,Wheat,42000.00,173000.00
Punjab,PATHANKOT,2012,Whole Year,Sugarcane,4000.00,297000.00
Punjab,PATHANKOT,2013,Kharif,Maize,9000.00,28000.00
Punjab,PATHANKOT,2013,Kharif,Rice,29000.00,78000.00
Punjab,PATHANKOT,2013,Kharif,Sesamum,6000.00,3000.00
Punjab,PATHANKOT,2013,Kharif,Urad,13000.00,6100.00
Punjab,PATHANKOT,2013,Rabi,Masoor,1000.00,700.00
Punjab,PATHANKOT,2013,Rabi,Rapeseed &Mustard,1000.00,1300.00
Punjab,PATHANKOT,2013,Rabi,Wheat,42000.00,167000.00
Punjab,PATHANKOT,2013,Whole Year,Sugarcane,4000.00,234000.00
Punjab,PATHANKOT,2014,Kharif,Maize,8000.00,18000.00
Punjab,PATHANKOT,2014,Kharif,Rice,29000.00,72000.00
Punjab,PATHANKOT,2014,Kharif,Sesamum,4000.00,2000.00
Punjab,PATHANKOT,2014,Kharif,Urad,12000.00,6700.00
Punjab,PATHANKOT,2014,Rabi,Rapeseed &Mustard,1000.00,1100.00
Punjab,PATHANKOT,2014,Rabi,Wheat,42000.00,115000.00
Punjab,PATHANKOT,2014,Whole Year,Sugarcane,4000.00,253000.00
Punjab,PATIALA,1997,Kharif,Arhar/Tur,1000.00,800.00
Punjab,PATIALA,1997,Kharif,Maize,8000.00,15000.00
Punjab,PATIALA,1997,Kharif,Rice,240000.00,792000.00
Punjab,PATIALA,1997,Kharif,Urad,200.00,100.00
Punjab,PATIALA,1997,Rabi,Barley,2000.00,7000.00
Punjab,PATIALA,1997,Rabi,Gram,200.00,200.00
Punjab,PATIALA,1997,Rabi,Masoor,1300.00,1100.00
Punjab,PATIALA,1997,Rabi,Rapeseed &Mustard,4000.00,4000.00
Punjab,PATIALA,1997,Rabi,Wheat,253000.00,1026000.00
Punjab,PATIALA,1997,Whole Year,Cotton(lint),1000.00,2000.00
Punjab,PATIALA,1997,Whole Year,Moong(Green Gram),400.00,200.00
Punjab,PATIALA,1997,Whole Year,Sugarcane,5000.00,270000.00
Punjab,PATIALA,1998,Kharif,Arhar/Tur,600.00,400.00
Punjab,PATIALA,1998,Kharif,Cotton(lint),1000.00,1000.00
Punjab,PATIALA,1998,Kharif,Maize,6000.00,14000.00
Punjab,PATIALA,1998,Kharif,Moong(Green Gram),300.00,200.00
Punjab,PATIALA,1998,Kharif,Rice,246000.00,772000.00
Punjab,PATIALA,1998,Kharif,Urad,200.00,100.00
Punjab,PATIALA,1998,Rabi,Barley,6000.00,21000.00
Punjab,PATIALA,1998,Rabi,Gram,200.00,200.00
Punjab,PATIALA,1998,Rabi,Masoor,1100.00,900.00
Punjab,PATIALA,1998,Rabi,Peas & beans (Pulses),1500.00,1500.00
Punjab,PATIALA,1998,Rabi,Rapeseed &Mustard,3000.00,3000.00
Punjab,PATIALA,1998,Rabi,Wheat,393000.00,1749000.00
Punjab,PATIALA,1998,Whole Year,Sugarcane,3000.00,170000.00
Punjab,PATIALA,1999,Kharif,Arhar/Tur,400.00,300.00
Punjab,PATIALA,1999,Kharif,Cotton(lint),1000.00,1000.00
Punjab,PATIALA,1999,Kharif,Maize,5000.00,15000.00
Punjab,PATIALA,1999,Kharif,Moong(Green Gram),200.00,100.00
Punjab,PATIALA,1999,Kharif,Rice,250000.00,812000.00
Punjab,PATIALA,1999,Kharif,Urad,100.00,10.00
Punjab,PATIALA,1999,Rabi,Barley,2000.00,5000.00
Punjab,PATIALA,1999,Rabi,Gram,100.00,100.00
Punjab,PATIALA,1999,Rabi,Masoor,900.00,600.00
Punjab,PATIALA,1999,Rabi,Peas & beans (Pulses),1100.00,900.00
Punjab,PATIALA,1999,Rabi,Rapeseed &Mustard,2000.00,2000.00
Punjab,PATIALA,1999,Rabi,Wheat,264000.00,1267000.00
Punjab,PATIALA,1999,Whole Year,Sugarcane,3000.00,180000.00
Punjab,PATIALA,2000,Kharif,Arhar/Tur,400.00,300.00
Punjab,PATIALA,2000,Kharif,Cotton(lint),1000.00,2000.00
Punjab,PATIALA,2000,Kharif,Maize,6000.00,17000.00
Punjab,PATIALA,2000,Kharif,Moong(Green Gram),300.00,200.00
Punjab,PATIALA,2000,Kharif,Rice,255000.00,854000.00
Punjab,PATIALA,2000,Rabi,Barley,2000.00,7000.00
Punjab,PATIALA,2000,Rabi,Gram,200.00,200.00
Punjab,PATIALA,2000,Rabi,Masoor,1200.00,700.00
Punjab,PATIALA,2000,Rabi,Other  Rabi pulses,1800.00,2400.00
Punjab,PATIALA,2000,Rabi,Wheat,261000.00,1191000.00
Punjab,PATIALA,2000,Whole Year,Sugarcane,3000.00,220000.00
Punjab,PATIALA,2001,Kharif,Arhar/Tur,300.00,300.00
Punjab,PATIALA,2001,Kharif,Cotton(lint),1000.00,2000.00
Punjab,PATIALA,2001,Kharif,Maize,5000.00,11000.00
Punjab,PATIALA,2001,Kharif,Moong(Green Gram),300.00,100.00
Punjab,PATIALA,2001,Kharif,Rice,252000.00,908000.00
Punjab,PATIALA,2001,Rabi,Barley,2000.00,9000.00
Punjab,PATIALA,2001,Rabi,Gram,200.00,200.00
Punjab,PATIALA,2001,Rabi,Masoor,1000.00,600.00
Punjab,PATIALA,2001,Rabi,Rapeseed &Mustard,200.00,200.00
Punjab,PATIALA,2001,Rabi,Wheat,265000.00,1310000.00
Punjab,PATIALA,2001,Whole Year,Sugarcane,4000.00,280000.00
Punjab,PATIALA,2002,Kharif,Arhar/Tur,200.00,200.00
Punjab,PATIALA,2002,Kharif,Cotton(lint),1000.00,2000.00
Punjab,PATIALA,2002,Kharif,Maize,4000.00,6000.00
Punjab,PATIALA,2002,Kharif,Moong(Green Gram),200.00,100.00
Punjab,PATIALA,2002,Kharif,Rice,237000.00,818000.00
Punjab,PATIALA,2002,Kharif,Urad,100.00,100.00
Punjab,PATIALA,2002,Rabi,Barley,2000.00,7000.00
Punjab,PATIALA,2002,Rabi,Gram,200.00,200.00
Punjab,PATIALA,2002,Rabi,Masoor,900.00,700.00
Punjab,PATIALA,2002,Rabi,Rapeseed &Mustard,2000.00,2000.00
Punjab,PATIALA,2002,Rabi,Wheat,265000.00,1184000.00
Punjab,PATIALA,2002,Whole Year,Sugarcane,5000.00,330000.00
Punjab,PATIALA,2003,Kharif,Arhar/Tur,300.00,300.00
Punjab,PATIALA,2003,Kharif,Cotton(lint),1000.00,3000.00
Punjab,PATIALA,2003,Kharif,Maize,5000.00,14000.00
Punjab,PATIALA,2003,Kharif,Moong(Green Gram),300.00,200.00
Punjab,PATIALA,2003,Kharif,Rice,246000.00,950000.00
Punjab,PATIALA,2003,Kharif,Urad,100.00,100.00
Punjab,PATIALA,2003,Rabi,Barley,2000.00,6000.00
Punjab,PATIALA,2003,Rabi,Gram,100.00,100.00
Punjab,PATIALA,2003,Rabi,Masoor,900.00,600.00
Punjab,PATIALA,2003,Rabi,Rapeseed &Mustard,2000.00,2000.00
Punjab,PATIALA,2003,Rabi,Sunflower,2000.00,3000.00
Punjab,PATIALA,2003,Rabi,Wheat,266000.00,1095000.00
Punjab,PATIALA,2003,Whole Year,Sugarcane,4000.00,240000.00
Punjab,PATIALA,2004,Kharif,Arhar/Tur,200.00,200.00
Punjab,PATIALA,2004,Kharif,Cotton(lint),1000.00,3000.00
Punjab,PATIALA,2004,Kharif,Maize,4000.00,9000.00
Punjab,PATIALA,2004,Kharif,Moong(Green Gram),200.00,100.00
Punjab,PATIALA,2004,Kharif,Rice,250000.00,965000.00
Punjab,PATIALA,2004,Kharif,Urad,100.00,100.00
Punjab,PATIALA,2004,Rabi,Barley,1000.00,4000.00
Punjab,PATIALA,2004,Rabi,Gram,100.00,100.00
Punjab,PATIALA,2004,Rabi,Masoor,900.00,600.00
Punjab,PATIALA,2004,Rabi,Rapeseed &Mustard,2000.00,2000.00
Punjab,PATIALA,2004,Rabi,Wheat,266000.00,1197000.00
Punjab,PATIALA,2004,Whole Year,Guar seed,100.00,100.00
Punjab,PATIALA,2004,Whole Year,Sugarcane,2000.00,120000.00
Punjab,PATIALA,2005,Kharif,Arhar/Tur,200.00,200.00
Punjab,PATIALA,2005,Kharif,Cotton(lint),1000.00,3000.00
Punjab,PATIALA,2005,Kharif,Maize,4000.00,9000.00
Punjab,PATIALA,2005,Kharif,Moong(Green Gram),200.00,200.00
Punjab,PATIALA,2005,Kharif,Rice,252000.00,996000.00
Punjab,PATIALA,2005,Kharif,Urad,100.00,100.00
Punjab,PATIALA,2005,Rabi,Barley,1000.00,4000.00
Punjab,PATIALA,2005,Rabi,Gram,100.00,100.00
Punjab,PATIALA,2005,Rabi,Masoor,600.00,300.00
Punjab,PATIALA,2005,Rabi,Peas & beans (Pulses),1400.00,1800.00
Punjab,PATIALA,2005,Rabi,Rapeseed &Mustard,2000.00,2000.00
Punjab,PATIALA,2005,Rabi,Wheat,262000.00,1109000.00
Punjab,PATIALA,2005,Whole Year,Sugarcane,1000.00,70000.00
Punjab,PATIALA,2006,Kharif,Arhar/Tur,100.00,100.00
Punjab,PATIALA,2006,Kharif,Cotton(lint),1000.00,3000.00
Punjab,PATIALA,2006,Kharif,Maize,2000.00,5000.00
Punjab,PATIALA,2006,Kharif,Moong(Green Gram),200.00,200.00
Punjab,PATIALA,2006,Kharif,Rice,237000.00,989000.00
Punjab,PATIALA,2006,Rabi,Barley,1000.00,3000.00
Punjab,PATIALA,2006,Rabi,Gram,100.00,100.00
Punjab,PATIALA,2006,Rabi,Masoor,100.00,100.00
Punjab,PATIALA,2006,Rabi,Peas & beans (Pulses),1200.00,1500.00
Punjab,PATIALA,2006,Rabi,Rapeseed &Mustard,1000.00,1000.00
Punjab,PATIALA,2006,Rabi,Wheat,244000.00,1126000.00
Punjab,PATIALA,2007,Kharif,Arhar/Tur,100.00,100.00
Punjab,PATIALA,2007,Kharif,Cotton(lint),1000.00,4000.00
Punjab,PATIALA,2007,Kharif,Maize,2000.00,7000.00
Punjab,PATIALA,2007,Kharif,Moong(Green Gram),100.00,100.00
Punjab,PATIALA,2007,Kharif,Rice,234000.00,999000.00
Punjab,PATIALA,2007,Rabi,Barley,1000.00,4000.00
Punjab,PATIALA,2007,Rabi,Rapeseed &Mustard,1000.00,1000.00
Punjab,PATIALA,2007,Rabi,Wheat,240000.00,1133000.00
Punjab,PATIALA,2008,Kharif,Arhar/Tur,100.00,100.00
Punjab,PATIALA,2008,Kharif,Cotton(lint),1000.00,4000.00
Punjab,PATIALA,2008,Kharif,Maize,2000.00,6000.00
Punjab,PATIALA,2008,Kharif,Moong(Green Gram),100.00,100.00
Punjab,PATIALA,2008,Kharif,Rice,238000.00,1009000.00
Punjab,PATIALA,2008,Kharif,Urad,100.00,
Punjab,PATIALA,2008,Rabi,Barley,1000.00,4000.00
Punjab,PATIALA,2008,Rabi,Peas & beans (Pulses),12000.00,15000.00
Punjab,PATIALA,2008,Rabi,Rapeseed &Mustard,1000.00,1000.00
Punjab,PATIALA,2008,Rabi,Wheat,242000.00,1137000.00
Punjab,PATIALA,2009,Kharif,Arhar/Tur,100.00,100.00
Punjab,PATIALA,2009,Kharif,Cotton(lint),1000.00,4000.00
Punjab,PATIALA,2009,Kharif,Maize,1000.00,3000.00
Punjab,PATIALA,2009,Kharif,Rice,240000.00,1021000.00
Punjab,PATIALA,2009,Rabi,Barley,1000.00,4000.00
Punjab,PATIALA,2009,Rabi,Peas & beans (Pulses),600.00,700.00
Punjab,PATIALA,2009,Rabi,Wheat,235000.00,1063000.00
Punjab,PATIALA,2009,Whole Year,Sugarcane,100.00,8000.00
Punjab,PATIALA,2010,Kharif,Cotton(lint),1000.00,3000.00
Punjab,PATIALA,2010,Kharif,Maize,1000.00,3000.00
Punjab,PATIALA,2010,Kharif,Rice,234000.00,873000.00
Punjab,PATIALA,2010,Rabi,Barley,1000.00,4000.00
Punjab,PATIALA,2010,Rabi,Masoor,100.00,67.00
Punjab,PATIALA,2010,Rabi,Peas & beans (Pulses),1400.00,1800.00
Punjab,PATIALA,2010,Rabi,Rapeseed &Mustard,1000.00,1000.00
Punjab,PATIALA,2010,Rabi,Wheat,236000.00,1141000.00
Punjab,PATIALA,2011,Kharif,Cotton(lint),1000.00,3000.00
Punjab,PATIALA,2011,Kharif,Maize,1000.00,6000.00
Punjab,PATIALA,2011,Kharif,Rice,234000.00,903000.00
Punjab,PATIALA,2011,Rabi,Barley,1000.00,5000.00
Punjab,PATIALA,2011,Rabi,Peas & beans (Pulses),14000.00,18000.00
Punjab,PATIALA,2011,Rabi,Wheat,237000.00,1297000.00
Punjab,PATIALA,2011,Whole Year,Sugarcane,3.00,264000.00
Punjab,PATIALA,2012,Kharif,Arhar/Tur,100.00,100.00
Punjab,PATIALA,2012,Kharif,Cotton(lint),1000.00,3000.00
Punjab,PATIALA,2012,Kharif,Maize,1000.00,4000.00
Punjab,PATIALA,2012,Kharif,Rice,233000.00,922000.00
Punjab,PATIALA,2012,Rabi,Peas & beans (Pulses),600.00,800.00
Punjab,PATIALA,2012,Rabi,Rapeseed &Mustard,1000.00,1400.00
Punjab,PATIALA,2012,Rabi,Sunflower,1000.00,1600.00
Punjab,PATIALA,2012,Rabi,Wheat,234000.00,1123000.00
Punjab,PATIALA,2012,Whole Year,Sugarcane,2000.00,184000.00
Punjab,PATIALA,2013,Kharif,Maize,1000.00,5000.00
Punjab,PATIALA,2013,Kharif,Rice,231000.00,959000.00
Punjab,PATIALA,2013,Rabi,Barley,1000.00,4000.00
Punjab,PATIALA,2013,Rabi,Rapeseed &Mustard,1000.00,1400.00
Punjab,PATIALA,2013,Rabi,Wheat,232000.00,1153000.00
Punjab,PATIALA,2013,Whole Year,Sugarcane,3000.00,281000.00
Punjab,PATIALA,2014,Kharif,Maize,1000.00,5000.00
Punjab,PATIALA,2014,Kharif,Rice,230000.00,904000.00
Punjab,PATIALA,2014,Rabi,Barley,1000.00,4100.00
Punjab,PATIALA,2014,Rabi,Gram,1000.00,1100.00
Punjab,PATIALA,2014,Rabi,Peas & beans (Pulses),4000.00,4600.00
Punjab,PATIALA,2014,Rabi,Rapeseed &Mustard,1000.00,1700.00
Punjab,PATIALA,2014,Rabi,Wheat,233000.00,1024000.00
Punjab,PATIALA,2014,Whole Year,Sugarcane,3000.00,272000.00
Punjab,RUPNAGAR,1997,Kharif,Arhar/Tur,1300.00,1000.00
Punjab,RUPNAGAR,1997,Kharif,Maize,28000.00,49000.00
Punjab,RUPNAGAR,1997,Kharif,Rice,43000.00,138000.00
Punjab,RUPNAGAR,1997,Kharif,Sesamum,600.00,200.00
Punjab,RUPNAGAR,1997,Kharif,Urad,1000.00,500.00
Punjab,RUPNAGAR,1997,Rabi,Barley,1000.00,3000.00
Punjab,RUPNAGAR,1997,Rabi,Gram,500.00,400.00
Punjab,RUPNAGAR,1997,Rabi,Masoor,900.00,500.00
Punjab,RUPNAGAR,1997,Rabi,Rapeseed &Mustard,1000.00,1000.00
Punjab,RUPNAGAR,1997,Rabi,Wheat,83000.00,296000.00
Punjab,RUPNAGAR,1997,Whole Year,Sugarcane,11000.00,560000.00
Punjab,RUPNAGAR,1998,Kharif,Arhar/Tur,1000.00,800.00
Punjab,RUPNAGAR,1998,Kharif,Maize,26000.00,52000.00
Punjab,RUPNAGAR,1998,Kharif,Rice,46000.00,128000.00
Punjab,RUPNAGAR,1998,Kharif,Sesamum,400.00,100.00
Punjab,RUPNAGAR,1998,Kharif,Urad,400.00,200.00
Punjab,RUPNAGAR,1998,Rabi,Barley,1000.00,3000.00
Punjab,RUPNAGAR,1998,Rabi,Gram,700.00,600.00
Punjab,RUPNAGAR,1998,Rabi,Masoor,700.00,400.00
Punjab,RUPNAGAR,1998,Rabi,Rapeseed &Mustard,1000.00,1000.00
Punjab,RUPNAGAR,1998,Rabi,Wheat,110000.00,482000.00
Punjab,RUPNAGAR,1998,Whole Year,Sugarcane,9000.00,510000.00
Punjab,RUPNAGAR,1999,Kharif,Arhar/Tur,600.00,600.00
Punjab,RUPNAGAR,1999,Kharif,Maize,28000.00,60000.00
Punjab,RUPNAGAR,1999,Kharif,Rice,50000.00,156000.00
Punjab,RUPNAGAR,1999,Kharif,Sesamum,400.00,100.00
Punjab,RUPNAGAR,1999,Kharif,Urad,800.00,300.00
Punjab,RUPNAGAR,1999,Rabi,Gram,500.00,300.00
Punjab,RUPNAGAR,1999,Rabi,Masoor,700.00,300.00
Punjab,RUPNAGAR,1999,Rabi,Peas & beans (Pulses),700.00,400.00
Punjab,RUPNAGAR,1999,Rabi,Rapeseed &Mustard,2000.00,2000.00
Punjab,RUPNAGAR,1999,Rabi,Wheat,87000.00,350000.00
Punjab,RUPNAGAR,1999,Whole Year,Sugarcane,9000.00,490000.00
Punjab,RUPNAGAR,2000,Kharif,Arhar/Tur,700.00,500.00
Punjab,RUPNAGAR,2000,Kharif,Maize,28000.00,70000.00
Punjab,RUPNAGAR,2000,Kharif,Rice,49000.00,163000.00
Punjab,RUPNAGAR,2000,Kharif,Sesamum,600.00,200.00
Punjab,RUPNAGAR,2000,Rabi,Gram,200.00,100.00
Punjab,RUPNAGAR,2000,Rabi,Linseed,100.00,100.00
Punjab,RUPNAGAR,2000,Rabi,Masoor,700.00,400.00
Punjab,RUPNAGAR,2000,Rabi,Wheat,86000.00,312000.00
Punjab,RUPNAGAR,2000,Whole Year,Sugarcane,10000.00,550000.00
Punjab,RUPNAGAR,2001,Kharif,Arhar/Tur,500.00,400.00
Punjab,RUPNAGAR,2001,Kharif,Maize,29000.00,66000.00
Punjab,RUPNAGAR,2001,Kharif,Rice,51000.00,163000.00
Punjab,RUPNAGAR,2001,Kharif,Sesamum,400.00,100.00
Punjab,RUPNAGAR,2001,Rabi,Gram,200.00,200.00
Punjab,RUPNAGAR,2001,Rabi,Masoor,600.00,500.00
Punjab,RUPNAGAR,2001,Rabi,Rapeseed &Mustard,100.00,100.00
Punjab,RUPNAGAR,2001,Rabi,Wheat,88000.00,347000.00
Punjab,RUPNAGAR,2001,Whole Year,Sugarcane,10000.00,540000.00
Punjab,RUPNAGAR,2002,Kharif,Arhar/Tur,300.00,300.00
Punjab,RUPNAGAR,2002,Kharif,Bajra,1000.00,1000.00
Punjab,RUPNAGAR,2002,Kharif,Groundnut,100.00,100.00
Punjab,RUPNAGAR,2002,Kharif,Maize,24000.00,42000.00
Punjab,RUPNAGAR,2002,Kharif,Rice,44000.00,141000.00
Punjab,RUPNAGAR,2002,Kharif,Sesamum,400.00,100.00
Punjab,RUPNAGAR,2002,Kharif,Urad,400.00,100.00
Punjab,RUPNAGAR,2002,Rabi,Gram,300.00,300.00
Punjab,RUPNAGAR,2002,Rabi,Masoor,600.00,300.00
Punjab,RUPNAGAR,2002,Rabi,Rapeseed &Mustard,2000.00,1000.00
Punjab,RUPNAGAR,2002,Rabi,Wheat,86000.00,305000.00
Punjab,RUPNAGAR,2002,Whole Year,Sugarcane,9000.00,490000.00
Punjab,RUPNAGAR,2003,Kharif,Arhar/Tur,300.00,200.00
Punjab,RUPNAGAR,2003,Kharif,Bajra,1000.00,1000.00
Punjab,RUPNAGAR,2003,Kharif,Maize,23000.00,65000.00
Punjab,RUPNAGAR,2003,Kharif,Rice,51000.00,170000.00
Punjab,RUPNAGAR,2003,Kharif,Sesamum,300.00,100.00
Punjab,RUPNAGAR,2003,Kharif,Urad,700.00,200.00
Punjab,RUPNAGAR,2003,Rabi,Gram,200.00,100.00
Punjab,RUPNAGAR,2003,Rabi,Masoor,600.00,300.00
Punjab,RUPNAGAR,2003,Rabi,Rapeseed &Mustard,2000.00,2000.00
Punjab,RUPNAGAR,2003,Rabi,Sunflower,1000.00,2000.00
Punjab,RUPNAGAR,2003,Rabi,Wheat,87000.00,307000.00
Punjab,RUPNAGAR,2003,Whole Year,Sugarcane,7000.00,350000.00
Punjab,RUPNAGAR,2004,Kharif,Arhar/Tur,300.00,200.00
Punjab,RUPNAGAR,2004,Kharif,Bajra,1000.00,1000.00
Punjab,RUPNAGAR,2004,Kharif,Groundnut,100.00,100.00
Punjab,RUPNAGAR,2004,Kharif,Maize,25000.00,60000.00
Punjab,RUPNAGAR,2004,Kharif,Rice,51000.00,176000.00
Punjab,RUPNAGAR,2004,Kharif,Sesamum,400.00,100.00
Punjab,RUPNAGAR,2004,Kharif,Urad,300.00,200.00
Punjab,RUPNAGAR,2004,Rabi,Gram,300.00,100.00
Punjab,RUPNAGAR,2004,Rabi,Masoor,500.00,300.00
Punjab,RUPNAGAR,2004,Rabi,Rapeseed &Mustard,3000.00,2000.00
Punjab,RUPNAGAR,2004,Rabi,Wheat,89000.00,312000.00
Punjab,RUPNAGAR,2004,Whole Year,Sugarcane,4000.00,230000.00
Punjab,RUPNAGAR,2005,Kharif,Arhar/Tur,200.00,200.00
Punjab,RUPNAGAR,2005,Kharif,Maize,27000.00,75000.00
Punjab,RUPNAGAR,2005,Kharif,Moong(Green Gram),200.00,200.00
Punjab,RUPNAGAR,2005,Kharif,Rice,53000.00,183000.00
Punjab,RUPNAGAR,2005,Kharif,Sesamum,400.00,100.00
Punjab,RUPNAGAR,2005,Kharif,Urad,300.00,200.00
Punjab,RUPNAGAR,2005,Rabi,Gram,200.00,100.00
Punjab,RUPNAGAR,2005,Rabi,Masoor,400.00,100.00
Punjab,RUPNAGAR,2005,Rabi,Rapeseed &Mustard,2000.00,2000.00
Punjab,RUPNAGAR,2005,Rabi,Wheat,91000.00,327000.00
Punjab,RUPNAGAR,2005,Whole Year,Sugarcane,6000.00,383000.00
Punjab,RUPNAGAR,2006,Kharif,Arhar/Tur,100.00,100.00
Punjab,RUPNAGAR,2006,Kharif,Maize,24000.00,61000.00
Punjab,RUPNAGAR,2006,Kharif,Rice,38000.00,138000.00
Punjab,RUPNAGAR,2006,Kharif,Sesamum,300.00,100.00
Punjab,RUPNAGAR,2006,Kharif,Urad,200.00,100.00
Punjab,RUPNAGAR,2006,Rabi,Gram,100.00,100.00
Punjab,RUPNAGAR,2006,Rabi,Masoor,100.00,100.00
Punjab,RUPNAGAR,2006,Rabi,Rapeseed &Mustard,1000.00,1000.00
Punjab,RUPNAGAR,2006,Rabi,Wheat,57000.00,216000.00
Punjab,RUPNAGAR,2007,Kharif,Arhar/Tur,200.00,200.00
Punjab,RUPNAGAR,2007,Kharif,Maize,22000.00,72000.00
Punjab,RUPNAGAR,2007,Kharif,Rice,33000.00,122000.00
Punjab,RUPNAGAR,2007,Kharif,Sesamum,300.00,100.00
Punjab,RUPNAGAR,2007,Kharif,Urad,100.00,100.00
Punjab,RUPNAGAR,2007,Rabi,Gram,1000.00,1000.00
Punjab,RUPNAGAR,2007,Rabi,Masoor,1000.00,
Punjab,RUPNAGAR,2007,Rabi,Rapeseed &Mustard,2000.00,2000.00
Punjab,RUPNAGAR,2007,Rabi,Wheat,62000.00,256000.00
Punjab,RUPNAGAR,2008,Kharif,Arhar/Tur,200.00,100.00
Punjab,RUPNAGAR,2008,Kharif,Maize,23000.00,77000.00
Punjab,RUPNAGAR,2008,Kharif,Rice,36000.00,139000.00
Punjab,RUPNAGAR,2008,Kharif,Sesamum,200.00,100.00
Punjab,RUPNAGAR,2008,Kharif,Urad,100.00,100.00
Punjab,RUPNAGAR,2008,Rabi,Gram,2000.00,2000.00
Punjab,RUPNAGAR,2008,Rabi,Masoor,1000.00,1000.00
Punjab,RUPNAGAR,2008,Rabi,Rapeseed &Mustard,2000.00,2000.00
Punjab,RUPNAGAR,2008,Rabi,Wheat,64000.00,212000.00
Punjab,RUPNAGAR,2009,Kharif,Arhar/Tur,100.00,100.00
Punjab,RUPNAGAR,2009,Kharif,Maize,21000.00,64000.00
Punjab,RUPNAGAR,2009,Kharif,Rice,38000.00,135000.00
Punjab,RUPNAGAR,2009,Kharif,Sesamum,200.00,
Punjab,RUPNAGAR,2009,Kharif,Urad,100.00,
Punjab,RUPNAGAR,2009,Rabi,Gram,1000.00,1000.00
Punjab,RUPNAGAR,2009,Rabi,Rapeseed &Mustard,1000.00,1000.00
Punjab,RUPNAGAR,2009,Rabi,Wheat,65000.00,277000.00
Punjab,RUPNAGAR,2009,Whole Year,Sugarcane,200.00,13000.00
Punjab,RUPNAGAR,2010,Kharif,Arhar/Tur,600.00,500.00
Punjab,RUPNAGAR,2010,Kharif,Maize,23000.00,76000.00
Punjab,RUPNAGAR,2010,Kharif,Rice,38000.00,147000.00
Punjab,RUPNAGAR,2010,Kharif,Urad,100.00,100.00
Punjab,RUPNAGAR,2010,Rabi,Gram,200.00,200.00
Punjab,RUPNAGAR,2010,Rabi,Masoor,100.00,90.00
Punjab,RUPNAGAR,2010,Rabi,Rapeseed &Mustard,2000.00,2000.00
Punjab,RUPNAGAR,2010,Rabi,Wheat,65000.00,253000.00
Punjab,RUPNAGAR,2011,Kharif,Arhar/Tur,1000.00,1000.00
Punjab,RUPNAGAR,2011,Kharif,Maize,21000.00,80000.00
Punjab,RUPNAGAR,2011,Kharif,Rice,38000.00,127000.00
Punjab,RUPNAGAR,2011,Kharif,Sesamum,1000.00,
Punjab,RUPNAGAR,2011,Rabi,Rapeseed &Mustard,2000.00,2000.00
Punjab,RUPNAGAR,2011,Rabi,Wheat,64000.00,297000.00
Punjab,RUPNAGAR,2011,Whole Year,Sugarcane,3.00,224000.00
Punjab,RUPNAGAR,2012,Kharif,Maize,23000.00,74000.00
Punjab,RUPNAGAR,2012,Kharif,Rice,38000.00,145000.00
Punjab,RUPNAGAR,2012,Kharif,Sesamum,200.00,100.00
Punjab,RUPNAGAR,2012,Kharif,Urad,100.00,
Punjab,RUPNAGAR,2012,Rabi,Gram,100.00,200.00
Punjab,RUPNAGAR,2012,Rabi,Rapeseed &Mustard,2000.00,2000.00
Punjab,RUPNAGAR,2012,Rabi,Wheat,63000.00,284000.00
Punjab,RUPNAGAR,2012,Whole Year,Guar seed,100.00,100.00
Punjab,RUPNAGAR,2012,Whole Year,Sugarcane,3000.00,227000.00
Punjab,RUPNAGAR,2013,Kharif,Maize,23000.00,74000.00
Punjab,RUPNAGAR,2013,Kharif,Rice,37000.00,128000.00
Punjab,RUPNAGAR,2013,Kharif,Sesamum,1000.00,
Punjab,RUPNAGAR,2013,Rabi,Rapeseed &Mustard,2000.00,2000.00
Punjab,RUPNAGAR,2013,Rabi,Wheat,67000.00,307000.00
Punjab,RUPNAGAR,2013,Whole Year,Sugarcane,2000.00,152000.00
Punjab,RUPNAGAR,2014,Kharif,Arhar/Tur,1000.00,900.00
Punjab,RUPNAGAR,2014,Kharif,Maize,20000.00,58000.00
Punjab,RUPNAGAR,2014,Kharif,Rice,36000.00,129000.00
Punjab,RUPNAGAR,2014,Kharif,Sesamum,1000.00,
Punjab,RUPNAGAR,2014,Rabi,Gram,1000.00,1400.00
Punjab,RUPNAGAR,2014,Rabi,Masoor,1000.00,600.00
Punjab,RUPNAGAR,2014,Rabi,Rapeseed &Mustard,2000.00,2300.00
Punjab,RUPNAGAR,2014,Rabi,Wheat,66000.00,266000.00
Punjab,RUPNAGAR,2014,Whole Year,Sugarcane,3000.00,238000.00
Punjab,S.A.S NAGAR,2006,Kharif,Arhar/Tur,200.00,200.00
Punjab,S.A.S NAGAR,2006,Kharif,Bajra,1000.00,1000.00
Punjab,S.A.S NAGAR,2006,Kharif,Maize,7000.00,17000.00
Punjab,S.A.S NAGAR,2006,Kharif,Rice,29000.00,82000.00
Punjab,S.A.S NAGAR,2006,Kharif,Sesamum,100.00,
Punjab,S.A.S NAGAR,2006,Kharif,Urad,200.00,100.00
Punjab,S.A.S NAGAR,2006,Rabi,Gram,100.00,100.00
Punjab,S.A.S NAGAR,2006,Rabi,Masoor,800.00,300.00
Punjab,S.A.S NAGAR,2006,Rabi,Wheat,50000.00,193000.00
Punjab,S.A.S NAGAR,2007,Kharif,Arhar/Tur,300.00,300.00
Punjab,S.A.S NAGAR,2007,Kharif,Bajra,1000.00,1000.00
Punjab,S.A.S NAGAR,2007,Kharif,Maize,7000.00,25000.00
Punjab,S.A.S NAGAR,2007,Kharif,Rice,29000.00,103000.00
Punjab,S.A.S NAGAR,2007,Kharif,Sesamum,100.00,100.00
Punjab,S.A.S NAGAR,2007,Kharif,Urad,300.00,200.00
Punjab,S.A.S NAGAR,2007,Rabi,Gram,1000.00,1000.00
Punjab,S.A.S NAGAR,2007,Rabi,Masoor,3000.00,1000.00
Punjab,S.A.S NAGAR,2007,Rabi,Wheat,48000.00,191000.00
Punjab,S.A.S NAGAR,2008,Kharif,Arhar/Tur,300.00,300.00
Punjab,S.A.S NAGAR,2008,Kharif,Maize,5000.00,19000.00
Punjab,S.A.S NAGAR,2008,Kharif,Rice,27000.00,88000.00
Punjab,S.A.S NAGAR,2008,Kharif,Sesamum,100.00,
Punjab,S.A.S NAGAR,2008,Kharif,Urad,200.00,200.00
Punjab,S.A.S NAGAR,2008,Rabi,Gram,1000.00,1000.00
Punjab,S.A.S NAGAR,2008,Rabi,Masoor,3000.00,1000.00
Punjab,S.A.S NAGAR,2008,Rabi,Wheat,49000.00,208000.00
Punjab,S.A.S NAGAR,2009,Kharif,Arhar/Tur,200.00,300.00
Punjab,S.A.S NAGAR,2009,Kharif,Maize,5000.00,19000.00
Punjab,S.A.S NAGAR,2009,Kharif,Rice,30000.00,98000.00
Punjab,S.A.S NAGAR,2009,Kharif,Sesamum,100.00,
Punjab,S.A.S NAGAR,2009,Kharif,Urad,200.00,200.00
Punjab,S.A.S NAGAR,2009,Rabi,Gram,1000.00,1000.00
Punjab,S.A.S NAGAR,2009,Rabi,Masoor,300.00,200.00
Punjab,S.A.S NAGAR,2009,Rabi,Wheat,53000.00,238000.00
Punjab,S.A.S NAGAR,2009,Whole Year,Sugarcane,100.00,5000.00
Punjab,S.A.S NAGAR,2010,Kharif,Arhar/Tur,200.00,200.00
Punjab,S.A.S NAGAR,2010,Kharif,Maize,6000.00,24000.00
Punjab,S.A.S NAGAR,2010,Kharif,Rice,37000.00,127000.00
Punjab,S.A.S NAGAR,2010,Kharif,Urad,200.00,200.00
Punjab,S.A.S NAGAR,2010,Rabi,Masoor,300.00,237.00
Punjab,S.A.S NAGAR,2010,Rabi,Rapeseed &Mustard,1000.00,1000.00
Punjab,S.A.S NAGAR,2010,Rabi,Wheat,53000.00,227000.00
Punjab,S.A.S NAGAR,2011,Kharif,Arhar/Tur,2000.00,2000.00
Punjab,S.A.S NAGAR,2011,Kharif,Maize,6000.00,24000.00
Punjab,S.A.S NAGAR,2011,Kharif,Rice,32000.00,119000.00
Punjab,S.A.S NAGAR,2011,Kharif,Urad,2000.00,1000.00
Punjab,S.A.S NAGAR,2011,Rabi,Gram,1000.00,1000.00
Punjab,S.A.S NAGAR,2011,Rabi,Masoor,3000.00,2500.00
Punjab,S.A.S NAGAR,2011,Rabi,Rapeseed &Mustard,1000.00,1000.00
Punjab,S.A.S NAGAR,2011,Rabi,Wheat,52000.00,249000.00
Punjab,S.A.S NAGAR,2011,Whole Year,Sugarcane,1.00,65000.00
Punjab,S.A.S NAGAR,2012,Kharif,Arhar/Tur,200.00,200.00
Punjab,S.A.S NAGAR,2012,Kharif,Bajra,1000.00,1000.00
Punjab,S.A.S NAGAR,2012,Kharif,Maize,6000.00,18000.00
Punjab,S.A.S NAGAR,2012,Kharif,Rice,31000.00,117000.00
Punjab,S.A.S NAGAR,2012,Kharif,Urad,200.00,200.00
Punjab,S.A.S NAGAR,2012,Rabi,Masoor,200.00,100.00
Punjab,S.A.S NAGAR,2012,Rabi,Sunflower,1800.00,4000.00
Punjab,S.A.S NAGAR,2012,Rabi,Wheat,54000.00,233000.00
Punjab,S.A.S NAGAR,2012,Whole Year,Sugarcane,1000.00,57000.00
Punjab,S.A.S NAGAR,2013,Kharif,Arhar/Tur,3000.00,3000.00
Punjab,S.A.S NAGAR,2013,Kharif,Maize,9000.00,44000.00
Punjab,S.A.S NAGAR,2013,Kharif,Rice,27000.00,95000.00
Punjab,S.A.S NAGAR,2013,Kharif,Urad,2000.00,1100.00
Punjab,S.A.S NAGAR,2013,Rabi,Masoor,3000.00,2300.00
Punjab,S.A.S NAGAR,2013,Rabi,Wheat,51000.00,228000.00
Punjab,S.A.S NAGAR,2013,Whole Year,Sugarcane,1000.00,61000.00
Punjab,S.A.S NAGAR,2014,Kharif,Arhar/Tur,3000.00,2800.00
Punjab,S.A.S NAGAR,2014,Kharif,Maize,8000.00,30000.00
Punjab,S.A.S NAGAR,2014,Kharif,Rice,29000.00,94000.00
Punjab,S.A.S NAGAR,2014,Kharif,Urad,2000.00,1300.00
Punjab,S.A.S NAGAR,2014,Rabi,Gram,1000.00,1100.00
Punjab,S.A.S NAGAR,2014,Rabi,Masoor,4000.00,2400.00
Punjab,S.A.S NAGAR,2014,Rabi,Rapeseed &Mustard,1000.00,1000.00
Punjab,S.A.S NAGAR,2014,Rabi,Wheat,50000.00,198000.00
Punjab,S.A.S NAGAR,2014,Whole Year,Sugarcane,1000.00,64000.00
Punjab,SANGRUR,1997,Kharif,Arhar/Tur,1700.00,1200.00
Punjab,SANGRUR,1997,Kharif,Bajra,2000.00,2000.00
Punjab,SANGRUR,1997,Kharif,Groundnut,1000.00,1000.00
Punjab,SANGRUR,1997,Kharif,Maize,1000.00,2000.00
Punjab,SANGRUR,1997,Kharif,Rice,333000.00,1277000.00
Punjab,SANGRUR,1997,Rabi,Barley,8000.00,27000.00
Punjab,SANGRUR,1997,Rabi,Gram,600.00,600.00
Punjab,SANGRUR,1997,Rabi,Rapeseed &Mustard,2000.00,2000.00
Punjab,SANGRUR,1997,Rabi,Wheat,401000.00,1732000.00
Punjab,SANGRUR,1997,Whole Year,Cotton(lint),35000.00,55000.00
Punjab,SANGRUR,1997,Whole Year,Moong(Green Gram),6500.00,4700.00
Punjab,SANGRUR,1997,Whole Year,Sugarcane,7000.00,450000.00
Punjab,SANGRUR,1998,Kharif,Arhar/Tur,1700.00,900.00
Punjab,SANGRUR,1998,Kharif,Bajra,2000.00,2000.00
Punjab,SANGRUR,1998,Kharif,Cotton(lint),24000.00,28000.00
Punjab,SANGRUR,1998,Kharif,Groundnut,1000.00,1000.00
Punjab,SANGRUR,1998,Kharif,Moong(Green Gram),6000.00,4200.00
Punjab,SANGRUR,1998,Kharif,Rice,353000.00,1262000.00
Punjab,SANGRUR,1998,Rabi,Barley,1000.00,3000.00
Punjab,SANGRUR,1998,Rabi,Gram,600.00,700.00
Punjab,SANGRUR,1998,Rabi,Peas & beans (Pulses),300.00,300.00
Punjab,SANGRUR,1998,Rabi,Rapeseed &Mustard,2000.00,2000.00
Punjab,SANGRUR,1998,Rabi,Wheat,86000.00,325000.00
Punjab,SANGRUR,1998,Whole Year,Sugarcane,5000.00,330000.00
Punjab,SANGRUR,1999,Kharif,Arhar/Tur,1900.00,1600.00
Punjab,SANGRUR,1999,Kharif,Bajra,2000.00,2000.00
Punjab,SANGRUR,1999,Kharif,Cotton(lint),20000.00,37000.00
Punjab,SANGRUR,1999,Kharif,Groundnut,1000.00,1000.00
Punjab,SANGRUR,1999,Kharif,Maize,1000.00,3000.00
Punjab,SANGRUR,1999,Kharif,Moong(Green Gram),5700.00,3300.00
Punjab,SANGRUR,1999,Kharif,Rice,360000.00,1282000.00
Punjab,SANGRUR,1999,Rabi,Barley,7000.00,28000.00
Punjab,SANGRUR,1999,Rabi,Gram,600.00,800.00
Punjab,SANGRUR,1999,Rabi,Rapeseed &Mustard,3000.00,3000.00
Punjab,SANGRUR,1999,Rabi,Wheat,394000.00,1902000.00
Punjab,SANGRUR,1999,Whole Year,Sugarcane,4000.00,280000.00
Punjab,SANGRUR,2000,Kharif,Arhar/Tur,1900.00,1600.00
Punjab,SANGRUR,2000,Kharif,Bajra,2000.00,2000.00
Punjab,SANGRUR,2000,Kharif,Cotton(lint),21000.00,41000.00
Punjab,SANGRUR,2000,Kharif,Groundnut,1000.00,1000.00
Punjab,SANGRUR,2000,Kharif,Maize,1000.00,3000.00
Punjab,SANGRUR,2000,Kharif,Moong(Green Gram),4500.00,2400.00
Punjab,SANGRUR,2000,Kharif,Moth,200.00,200.00
Punjab,SANGRUR,2000,Kharif,Rice,357000.00,1342000.00
Punjab,SANGRUR,2000,Rabi,Barley,7000.00,27000.00
Punjab,SANGRUR,2000,Rabi,Gram,800.00,1000.00
Punjab,SANGRUR,2000,Rabi,Other  Rabi pulses,600.00,600.00
Punjab,SANGRUR,2000,Rabi,Wheat,393000.00,1921000.00
Punjab,SANGRUR,2000,Whole Year,Sugarcane,3000.00,220000.00
Punjab,SANGRUR,2001,Kharif,Arhar/Tur,2000.00,2000.00
Punjab,SANGRUR,2001,Kharif,Cotton(lint),28000.00,47000.00
Punjab,SANGRUR,2001,Kharif,Maize,2000.00,5000.00
Punjab,SANGRUR,2001,Kharif,Moong(Green Gram),3600.00,1800.00
Punjab,SANGRUR,2001,Kharif,Moth,200.00,200.00
Punjab,SANGRUR,2001,Kharif,Rice,349000.00,1362000.00
Punjab,SANGRUR,2001,Rabi,Barley,6000.00,25000.00
Punjab,SANGRUR,2001,Rabi,Gram,800.00,1100.00
Punjab,SANGRUR,2001,Rabi,Rapeseed &Mustard,300.00,400.00
Punjab,SANGRUR,2001,Rabi,Wheat,392000.00,1890000.00
Punjab,SANGRUR,2001,Whole Year,Sugarcane,4000.00,280000.00
Punjab,SANGRUR,2002,Kharif,Arhar/Tur,1900.00,1600.00
Punjab,SANGRUR,2002,Kharif,Bajra,2000.00,1000.00
Punjab,SANGRUR,2002,Kharif,Cotton(lint),23000.00,38000.00
Punjab,SANGRUR,2002,Kharif,Groundnut,300.00,200.00
Punjab,SANGRUR,2002,Kharif,Maize,2000.00,4000.00
Punjab,SANGRUR,2002,Kharif,Moong(Green Gram),2900.00,2200.00
Punjab,SANGRUR,2002,Kharif,Rice,352000.00,1429000.00
Punjab,SANGRUR,2002,Kharif,Sesamum,100.00,.00
Punjab,SANGRUR,2002,Rabi,Barley,6000.00,21000.00
Punjab,SANGRUR,2002,Rabi,Gram,800.00,700.00
Punjab,SANGRUR,2002,Rabi,Rapeseed &Mustard,3000.00,3000.00
Punjab,SANGRUR,2002,Rabi,Wheat,394000.00,1805000.00
Punjab,SANGRUR,2002,Whole Year,Sugarcane,4000.00,280000.00
Punjab,SANGRUR,2003,Kharif,Arhar/Tur,2000.00,2200.00
Punjab,SANGRUR,2003,Kharif,Bajra,3000.00,3000.00
Punjab,SANGRUR,2003,Kharif,Cotton(lint),16000.00,39000.00
Punjab,SANGRUR,2003,Kharif,Groundnut,200.00,200.00
Punjab,SANGRUR,2003,Kharif,Maize,2000.00,6000.00
Punjab,SANGRUR,2003,Kharif,Moong(Green Gram),3100.00,3100.00
Punjab,SANGRUR,2003,Kharif,Moth,100.00,100.00
Punjab,SANGRUR,2003,Kharif,Rice,366000.00,1566000.00
Punjab,SANGRUR,2003,Rabi,Barley,5000.00,19000.00
Punjab,SANGRUR,2003,Rabi,Gram,600.00,700.00
Punjab,SANGRUR,2003,Rabi,Rapeseed &Mustard,2000.00,2000.00
Punjab,SANGRUR,2003,Rabi,Wheat,397000.00,1720000.00
Punjab,SANGRUR,2003,Whole Year,Guar seed,500.00,400.00
Punjab,SANGRUR,2003,Whole Year,Sugarcane,3000.00,200000.00
Punjab,SANGRUR,2004,Kharif,Arhar/Tur,1800.00,1500.00
Punjab,SANGRUR,2004,Kharif,Bajra,2000.00,2000.00
Punjab,SANGRUR,2004,Kharif,Cotton(lint),19000.00,65000.00
Punjab,SANGRUR,2004,Kharif,Groundnut,200.00,100.00
Punjab,SANGRUR,2004,Kharif,Maize,1000.00,3000.00
Punjab,SANGRUR,2004,Kharif,Moong(Green Gram),2600.00,2300.00
Punjab,SANGRUR,2004,Kharif,Rice,367000.00,1710000.00
Punjab,SANGRUR,2004,Rabi,Barley,5000.00,19000.00
Punjab,SANGRUR,2004,Rabi,Gram,600.00,900.00
Punjab,SANGRUR,2004,Rabi,Rapeseed &Mustard,3000.00,4000.00
Punjab,SANGRUR,2004,Rabi,Wheat,397000.00,1782000.00
Punjab,SANGRUR,2004,Whole Year,Guar seed,100.00,100.00
Punjab,SANGRUR,2004,Whole Year,Sugarcane,2000.00,150000.00
Punjab,SANGRUR,2005,Kharif,Arhar/Tur,1600.00,1500.00
Punjab,SANGRUR,2005,Kharif,Bajra,2000.00,2000.00
Punjab,SANGRUR,2005,Kharif,Cotton(lint),23000.00,68000.00
Punjab,SANGRUR,2005,Kharif,Groundnut,100.00,100.00
Punjab,SANGRUR,2005,Kharif,Maize,1000.00,2000.00
Punjab,SANGRUR,2005,Kharif,Moong(Green Gram),2100.00,1900.00
Punjab,SANGRUR,2005,Kharif,Rice,367000.00,1625000.00
Punjab,SANGRUR,2005,Rabi,Barley,5000.00,18000.00
Punjab,SANGRUR,2005,Rabi,Gram,400.00,300.00
Punjab,SANGRUR,2005,Rabi,Peas & beans (Pulses),400.00,400.00
Punjab,SANGRUR,2005,Rabi,Rapeseed &Mustard,3000.00,3000.00
Punjab,SANGRUR,2005,Rabi,Wheat,396000.00,1677000.00
Punjab,SANGRUR,2005,Whole Year,Guar seed,100.00,100.00
Punjab,SANGRUR,2005,Whole Year,Sugarcane,1000.00,75000.00
Punjab,SANGRUR,2006,Kharif,Arhar/Tur,1500.00,1300.00
Punjab,SANGRUR,2006,Kharif,Bajra,2000.00,2000.00
Punjab,SANGRUR,2006,Kharif,Cotton(lint),27000.00,100000.00
Punjab,SANGRUR,2006,Kharif,Groundnut,200.00,200.00
Punjab,SANGRUR,2006,Kharif,Maize,1000.00,3000.00
Punjab,SANGRUR,2006,Kharif,Moong(Green Gram),2300.00,2100.00
Punjab,SANGRUR,2006,Kharif,Rice,362000.00,1637000.00
Punjab,SANGRUR,2006,Rabi,Barley,4000.00,14000.00
Punjab,SANGRUR,2006,Rabi,Gram,500.00,500.00
Punjab,SANGRUR,2006,Rabi,Peas & beans (Pulses),400.00,400.00
Punjab,SANGRUR,2006,Rabi,Rapeseed &Mustard,2000.00,3000.00
Punjab,SANGRUR,2006,Rabi,Wheat,396000.00,1755000.00
Punjab,SANGRUR,2007,Kharif,Arhar/Tur,1000.00,800.00
Punjab,SANGRUR,2007,Kharif,Bajra,1000.00,1000.00
Punjab,SANGRUR,2007,Kharif,Cotton(lint),15000.00,60000.00
Punjab,SANGRUR,2007,Kharif,Groundnut,100.00,100.00
Punjab,SANGRUR,2007,Kharif,Moong(Green Gram),900.00,700.00
Punjab,SANGRUR,2007,Kharif,Rice,262000.00,1207000.00
Punjab,SANGRUR,2007,Rabi,Barley,3000.00,12000.00
Punjab,SANGRUR,2007,Rabi,Gram,2000.00,2000.00
Punjab,SANGRUR,2007,Rabi,Rapeseed &Mustard,1000.00,1000.00
Punjab,SANGRUR,2007,Rabi,Wheat,283000.00,1327000.00
Punjab,SANGRUR,2008,Kharif,Arhar/Tur,800.00,800.00
Punjab,SANGRUR,2008,Kharif,Bajra,1000.00,1000.00
Punjab,SANGRUR,2008,Kharif,Cotton(lint),14000.00,50000.00
Punjab,SANGRUR,2008,Kharif,Maize,1000.00,3000.00
Punjab,SANGRUR,2008,Kharif,Moong(Green Gram),800.00,700.00
Punjab,SANGRUR,2008,Kharif,Rice,267000.00,1233000.00
Punjab,SANGRUR,2008,Rabi,Barley,2000.00,8000.00
Punjab,SANGRUR,2008,Rabi,Gram,2000.00,3000.00
Punjab,SANGRUR,2008,Rabi,Peas & beans (Pulses),1000.00,1000.00
Punjab,SANGRUR,2008,Rabi,Rapeseed &Mustard,1000.00,1000.00
Punjab,SANGRUR,2008,Rabi,Wheat,285000.00,1355000.00
Punjab,SANGRUR,2009,Kharif,Arhar/Tur,500.00,400.00
Punjab,SANGRUR,2009,Kharif,Bajra,1000.00,2000.00
Punjab,SANGRUR,2009,Kharif,Cotton(lint),13000.00,57000.00
Punjab,SANGRUR,2009,Kharif,Groundnut,100.00,200.00
Punjab,SANGRUR,2009,Kharif,Moong(Green Gram),600.00,700.00
Punjab,SANGRUR,2009,Kharif,Rice,271000.00,1273000.00
Punjab,SANGRUR,2009,Rabi,Barley,2000.00,7000.00
Punjab,SANGRUR,2009,Rabi,Masoor,100.00,100.00
Punjab,SANGRUR,2009,Rabi,Peas & beans (Pulses),100.00,100.00
Punjab,SANGRUR,2009,Rabi,Rapeseed &Mustard,2000.00,2000.00
Punjab,SANGRUR,2009,Rabi,Wheat,287000.00,1302000.00
Punjab,SANGRUR,2009,Whole Year,Sugarcane,100.00,8000.00
Punjab,SANGRUR,2010,Kharif,Arhar/Tur,400.00,300.00
Punjab,SANGRUR,2010,Kharif,Bajra,1000.00,1000.00
Punjab,SANGRUR,2010,Kharif,Cotton(lint),11000.00,36000.00
Punjab,SANGRUR,2010,Kharif,Moong(Green Gram),800.00,700.00
Punjab,SANGRUR,2010,Kharif,Rice,272000.00,1185000.00
Punjab,SANGRUR,2010,Rabi,Barley,2000.00,8000.00
Punjab,SANGRUR,2010,Rabi,Peas & beans (Pulses),300.00,500.00
Punjab,SANGRUR,2010,Rabi,Rapeseed &Mustard,1000.00,1000.00
Punjab,SANGRUR,2010,Rabi,Wheat,287000.00,1472000.00
Punjab,SANGRUR,2011,Kharif,Arhar/Tur,4000.00,3000.00
Punjab,SANGRUR,2011,Kharif,Cotton(lint),11000.00,33000.00
Punjab,SANGRUR,2011,Kharif,Moong(Green Gram),5000.00,4000.00
Punjab,SANGRUR,2011,Kharif,Rice,274000.00,1188000.00
Punjab,SANGRUR,2011,Rabi,Barley,2000.00,9000.00
Punjab,SANGRUR,2011,Rabi,Gram,1000.00,1000.00
Punjab,SANGRUR,2011,Rabi,Peas & beans (Pulses),3000.00,4000.00
Punjab,SANGRUR,2011,Rabi,Rapeseed &Mustard,1000.00,1000.00
Punjab,SANGRUR,2011,Rabi,Wheat,287000.00,1577000.00
Punjab,SANGRUR,2011,Whole Year,Sugarcane,2.00,163000.00
Punjab,SANGRUR,2012,Kharif,Arhar/Tur,400.00,300.00
Punjab,SANGRUR,2012,Kharif,Cotton(lint),11000.00,44000.00
Punjab,SANGRUR,2012,Kharif,Moong(Green Gram),300.00,300.00
Punjab,SANGRUR,2012,Kharif,Peas & beans (Pulses),30.00,40.00
Punjab,SANGRUR,2012,Kharif,Rice,276000.00,1299000.00
Punjab,SANGRUR,2012,Rabi,Barley,2000.00,8000.00
Punjab,SANGRUR,2012,Rabi,Gram,100.00,100.00
Punjab,SANGRUR,2012,Rabi,Peas & beans (Pulses),300.00,400.00
Punjab,SANGRUR,2012,Rabi,Rapeseed &Mustard,2000.00,2900.00
Punjab,SANGRUR,2012,Rabi,Sunflower,100.00,200.00
Punjab,SANGRUR,2012,Rabi,Wheat,285000.00,1473000.00
Punjab,SANGRUR,2012,Whole Year,Guar seed,100.00,100.00
Punjab,SANGRUR,2012,Whole Year,Sugarcane,2000.00,161000.00
Punjab,SANGRUR,2013,Kharif,Arhar/Tur,4000.00,3000.00
Punjab,SANGRUR,2013,Kharif,Bajra,100.00,100.00
Punjab,SANGRUR,2013,Kharif,Cotton(lint),12000.00,50000.00
Punjab,SANGRUR,2013,Kharif,Guar seed,300.00,300.00
Punjab,SANGRUR,2013,Kharif,Maize,1000.00,4000.00
Punjab,SANGRUR,2013,Kharif,Moong(Green Gram),3000.00,3000.00
Punjab,SANGRUR,2013,Kharif,Rice,273000.00,1290000.00
Punjab,SANGRUR,2013,Rabi,Barley,2000.00,8000.00
Punjab,SANGRUR,2013,Rabi,Gram,2000.00,2500.00
Punjab,SANGRUR,2013,Rabi,Rapeseed &Mustard,2000.00,2200.00
Punjab,SANGRUR,2013,Rabi,Wheat,285000.00,1567000.00
Punjab,SANGRUR,2013,Whole Year,Sugarcane,3000.00,264000.00
Punjab,SANGRUR,2014,Kharif,Arhar/Tur,3000.00,3700.00
Punjab,SANGRUR,2014,Kharif,Cotton(lint),13000.00,51000.00
Punjab,SANGRUR,2014,Kharif,Guar seed,100.00,100.00
Punjab,SANGRUR,2014,Kharif,Maize,2000.00,7000.00
Punjab,SANGRUR,2014,Kharif,Moong(Green Gram),3000.00,3000.00
Punjab,SANGRUR,2014,Kharif,Rice,271000.00,1281000.00
Punjab,SANGRUR,2014,Rabi,Barley,2000.00,7700.00
Punjab,SANGRUR,2014,Rabi,Peas & beans (Pulses),4000.00,4100.00
Punjab,SANGRUR,2014,Rabi,Rapeseed &Mustard,2000.00,2800.00
Punjab,SANGRUR,2014,Rabi,Wheat,284000.00,1366000.00
Punjab,SANGRUR,2014,Whole Year,Sugarcane,3000.00,265000.00
Punjab,TARN TARAN,2006,Kharif,Arhar/Tur,900.00,800.00
Punjab,TARN TARAN,2006,Kharif,Bajra,1000.00,1000.00
Punjab,TARN TARAN,2006,Kharif,Cotton(lint),2000.00,9000.00
Punjab,TARN TARAN,2006,Kharif,Maize,1000.00,2000.00
Punjab,TARN TARAN,2006,Kharif,Moong(Green Gram),1300.00,800.00
Punjab,TARN TARAN,2006,Kharif,Rice,173000.00,514000.00
Punjab,TARN TARAN,2006,Kharif,Sesamum,2100.00,800.00
Punjab,TARN TARAN,2006,Kharif,Urad,100.00,
Punjab,TARN TARAN,2006,Rabi,Masoor,200.00,
Punjab,TARN TARAN,2006,Rabi,Peas & beans (Pulses),100.00,100.00
Punjab,TARN TARAN,2006,Rabi,Rapeseed &Mustard,2000.00,2000.00
Punjab,TARN TARAN,2006,Rabi,Wheat,183000.00,758000.00
Punjab,TARN TARAN,2007,Kharif,Arhar/Tur,800.00,700.00
Punjab,TARN TARAN,2007,Kharif,Cotton(lint),3000.00,10000.00
Punjab,TARN TARAN,2007,Kharif,Maize,1000.00,3000.00
Punjab,TARN TARAN,2007,Kharif,Moong(Green Gram),1800.00,1000.00
Punjab,TARN TARAN,2007,Kharif,Rice,171000.00,539000.00
Punjab,TARN TARAN,2007,Kharif,Sesamum,1600.00,500.00
Punjab,TARN TARAN,2007,Kharif,Urad,100.00,
Punjab,TARN TARAN,2007,Rabi,Masoor,1000.00,1000.00
Punjab,TARN TARAN,2007,Rabi,Wheat,185000.00,819000.00
Punjab,TARN TARAN,2008,Kharif,Arhar/Tur,900.00,1100.00
Punjab,TARN TARAN,2008,Kharif,Cotton(lint),1000.00,4000.00
Punjab,TARN TARAN,2008,Kharif,Maize,1000.00,3000.00
Punjab,TARN TARAN,2008,Kharif,Moong(Green Gram),1400.00,1400.00
Punjab,TARN TARAN,2008,Kharif,Rice,169000.00,525000.00
Punjab,TARN TARAN,2008,Kharif,Sesamum,1700.00,700.00
Punjab,TARN TARAN,2008,Kharif,Urad,100.00,
Punjab,TARN TARAN,2008,Rabi,Masoor,1000.00,1000.00
Punjab,TARN TARAN,2008,Rabi,Peas & beans (Pulses),1000.00,
Punjab,TARN TARAN,2008,Rabi,Wheat,186000.00,856000.00
Punjab,TARN TARAN,2009,Kharif,Arhar/Tur,700.00,500.00
Punjab,TARN TARAN,2009,Kharif,Cotton(lint),1000.00,4000.00
Punjab,TARN TARAN,2009,Kharif,Maize,1000.00,3000.00
Punjab,TARN TARAN,2009,Kharif,Moong(Green Gram),1000.00,800.00
Punjab,TARN TARAN,2009,Kharif,Rice,172000.00,530000.00
Punjab,TARN TARAN,2009,Kharif,Sesamum,1700.00,800.00
Punjab,TARN TARAN,2009,Kharif,Urad,100.00,
Punjab,TARN TARAN,2009,Rabi,Masoor,100.00,100.00
Punjab,TARN TARAN,2009,Rabi,Peas & beans (Pulses),100.00,100.00
Punjab,TARN TARAN,2009,Rabi,Wheat,186000.00,771000.00
Punjab,TARN TARAN,2010,Kharif,Arhar/Tur,500.00,400.00
Punjab,TARN TARAN,2010,Kharif,Cotton(lint),1000.00,4000.00
Punjab,TARN TARAN,2010,Kharif,Maize,1000.00,4000.00
Punjab,TARN TARAN,2010,Kharif,Moong(Green Gram),900.00,600.00
Punjab,TARN TARAN,2010,Kharif,Rice,172000.00,500000.00
Punjab,TARN TARAN,2010,Kharif,Sesamum,1400.00,600.00
Punjab,TARN TARAN,2010,Rabi,Masoor,100.00,67.00
Punjab,TARN TARAN,2010,Rabi,Peas & beans (Pulses),200.00,300.00
Punjab,TARN TARAN,2010,Rabi,Wheat,186000.00,850000.00
Punjab,TARN TARAN,2011,Kharif,Arhar/Tur,5000.00,3000.00
Punjab,TARN TARAN,2011,Kharif,Cotton(lint),1000.00,3000.00
Punjab,TARN TARAN,2011,Kharif,Maize,1000.00,4000.00
Punjab,TARN TARAN,2011,Kharif,Moong(Green Gram),11000.00,7000.00
Punjab,TARN TARAN,2011,Kharif,Rice,173000.00,490000.00
Punjab,TARN TARAN,2011,Kharif,Sesamum,5000.00,2000.00
Punjab,TARN TARAN,2011,Rabi,Peas & beans (Pulses),1000.00,1000.00
Punjab,TARN TARAN,2011,Rabi,Wheat,185000.00,902000.00
Punjab,TARN TARAN,2011,Whole Year,Sugarcane,1.00,40000.00
Punjab,TARN TARAN,2012,Kharif,Arhar/Tur,300.00,300.00
Punjab,TARN TARAN,2012,Kharif,Maize,1000.00,4000.00
Punjab,TARN TARAN,2012,Kharif,Moong(Green Gram),1200.00,1100.00
Punjab,TARN TARAN,2012,Kharif,Peas & beans (Pulses),10.00,10.00
Punjab,TARN TARAN,2012,Kharif,Rice,179000.00,599000.00
Punjab,TARN TARAN,2012,Kharif,Sesamum,1400.00,500.00
Punjab,TARN TARAN,2012,Rabi,Gram,100.00,100.00
Punjab,TARN TARAN,2012,Rabi,Masoor,100.00,100.00
Punjab,TARN TARAN,2012,Rabi,Peas & beans (Pulses),200.00,300.00
Punjab,TARN TARAN,2012,Rabi,Rapeseed &Mustard,1000.00,1300.00
Punjab,TARN TARAN,2012,Rabi,Sunflower,200.00,400.00
Punjab,TARN TARAN,2012,Rabi,Wheat,182000.00,798000.00
Punjab,TARN TARAN,2012,Whole Year,Sugarcane,1000.00,71000.00
Punjab,TARN TARAN,2013,Kharif,Arhar/Tur,4000.00,3000.00
Punjab,TARN TARAN,2013,Kharif,Cotton(lint),1000.00,3000.00
Punjab,TARN TARAN,2013,Kharif,Maize,1000.00,4000.00
Punjab,TARN TARAN,2013,Kharif,Moong(Green Gram),12000.00,10000.00
Punjab,TARN TARAN,2013,Kharif,Rice,177000.00,594000.00
Punjab,TARN TARAN,2013,Kharif,Sesamum,5000.00,2000.00
Punjab,TARN TARAN,2013,Rabi,Masoor,1000.00,400.00
Punjab,TARN TARAN,2013,Rabi,Peas & beans (Pulses),1000.00,1700.00
Punjab,TARN TARAN,2013,Rabi,Wheat,183000.00,931000.00
Punjab,TARN TARAN,2013,Whole Year,Sugarcane,1000.00,75000.00
Punjab,TARN TARAN,2014,Kharif,Arhar/Tur,3000.00,1700.00
Punjab,TARN TARAN,2014,Kharif,Moong(Green Gram),12000.00,8000.00
Punjab,TARN TARAN,2014,Kharif,Rice,176000.00,540000.00
Punjab,TARN TARAN,2014,Kharif,Sesamum,15000.00,6000.00
Punjab,TARN TARAN,2014,Rabi,Wheat,188000.00,777000.00
